time,open,high,low,close,tick_volume,spread,real_volume
2025.04.21 06:45,26.98,27.03,26.98,26.98,11,0,0
2025.04.21 07:00,26.98,26.98,26.93,26.98,4,0,0
2025.04.21 07:15,26.93,26.98,26.93,26.98,2,0,0
2025.04.21 07:30,26.93,27.03,26.88,26.88,9,0,0
2025.04.21 07:45,26.88,26.93,26.88,26.88,10,0,0
2025.04.21 08:00,26.83,26.88,26.83,26.88,13,0,0
2025.04.21 08:15,26.93,27.03,26.93,27.03,4,0,0
2025.04.21 08:30,26.98,27.08,26.98,27.03,6,0,0
2025.04.21 08:45,27.08,27.08,26.98,26.98,3,0,0
2025.04.21 09:00,27.03,27.13,26.98,27.08,17,0,0
2025.04.21 09:15,27.03,27.13,26.98,27.08,10,0,0
2025.04.21 09:45,27.13,27.18,27.08,27.13,6,0,0
2025.04.21 10:00,27.08,27.13,27.03,27.08,27,0,0
2025.04.21 10:15,27.13,27.13,27.03,27.08,8,0,0
2025.04.21 10:30,27.03,27.08,27.03,27.03,6,0,0
2025.04.21 10:45,27.08,27.13,27.08,27.08,4,0,0
2025.04.21 11:00,27.08,27.13,27.08,27.13,2,0,0
2025.04.21 11:15,27.13,27.18,27.13,27.13,8,0,0
2025.04.21 11:30,27.18,27.23,27.18,27.18,5,0,0
2025.04.21 11:45,27.13,27.18,27.13,27.18,6,0,0
2025.04.21 12:00,27.13,27.13,27.08,27.13,11,0,0
2025.04.21 12:15,27.18,27.23,27.13,27.18,6,0,0
2025.04.21 12:30,27.13,27.18,27.03,27.03,17,0,0
2025.04.21 12:45,26.98,27.03,26.93,26.98,7,0,0
2025.04.21 13:00,26.93,27.03,26.88,27.03,28,0,0
2025.04.21 13:15,27.08,27.28,27.08,27.18,44,0,0
2025.04.21 13:30,27.18,27.28,27.18,27.28,35,0,0
2025.04.21 13:45,27.33,27.33,27.23,27.23,14,0,0
2025.04.21 14:00,27.18,27.28,27.18,27.18,35,0,0
2025.04.21 14:15,27.18,27.23,27.08,27.13,20,0,0
2025.04.21 14:30,27.08,27.18,27.03,27.13,27,0,0
2025.04.21 14:45,27.13,27.23,27.13,27.23,43,0,0
2025.04.21 15:00,27.18,27.28,27.18,27.28,39,0,0
2025.04.21 15:15,27.23,27.28,27.03,27.03,47,0,0
2025.04.21 15:30,26.98,27.38,26.88,27.28,194,0,0
2025.04.21 15:45,27.33,27.48,27.08,27.48,150,0,0
2025.04.21 16:00,27.53,27.68,27.48,27.48,170,0,0
2025.04.21 16:15,27.43,27.73,27.43,27.63,147,0,0
2025.04.21 16:30,27.68,27.83,27.38,27.68,90,0,0
2025.04.21 16:45,27.63,27.93,27.53,27.83,103,0,0
2025.04.21 17:00,27.78,28.08,27.78,28.08,115,0,0
2025.04.21 17:15,28.03,28.13,27.83,28.13,70,0,0
2025.04.21 17:30,28.18,28.38,28.08,28.33,82,0,0
2025.04.21 17:45,28.38,28.68,28.33,28.58,75,0,0
2025.04.21 18:00,28.63,28.63,28.23,28.28,86,0,0
2025.04.21 18:15,28.23,28.48,28.23,28.28,87,0,0
2025.04.21 18:30,28.23,28.23,27.98,28.08,82,0,0
2025.04.21 18:45,28.03,28.38,28.03,28.33,107,0,0
2025.04.21 19:00,28.28,28.53,28.23,28.48,111,0,0
2025.04.21 19:15,28.43,28.58,28.33,28.53,88,0,0
2025.04.21 19:30,28.58,28.63,28.43,28.53,100,0,0
2025.04.21 19:45,28.58,28.88,28.53,28.83,96,0,0
2025.04.21 20:00,28.78,28.98,28.78,28.78,82,0,0
2025.04.21 20:15,28.83,28.83,28.58,28.58,69,0,0
2025.04.21 20:30,28.63,28.83,28.48,28.78,110,0,0
2025.04.21 20:45,28.73,28.88,28.68,28.88,113,0,0
2025.04.21 21:00,28.83,28.83,28.53,28.58,95,0,0
2025.04.21 21:15,28.53,28.63,28.43,28.58,63,0,0
2025.04.21 21:30,28.53,28.63,28.33,28.48,106,0,0
2025.04.21 21:45,28.43,28.63,28.23,28.38,127,0,0
2025.04.21 22:00,28.33,28.43,28.23,28.33,100,0,0
2025.04.21 22:15,28.28,28.33,28.28,28.33,17,0,0
2025.04.21 22:30,28.28,28.33,28.23,28.28,8,0,0
2025.04.21 22:45,28.23,28.3,28.18,28.2,24,0,0
2025.04.22 00:00,28.15,28.31,28.01,28.26,79,0,0
2025.04.22 00:15,28.31,28.41,28.31,28.41,23,0,0
2025.04.22 00:30,28.43,28.43,28.23,28.23,9,0,0
2025.04.22 00:45,28.28,28.33,28.28,28.33,2,0,0
2025.04.22 01:00,28.28,28.33,28.28,28.33,18,0,0
2025.04.22 01:15,28.28,28.33,28.23,28.28,21,0,0
2025.04.22 01:30,28.23,28.28,28.18,28.23,11,0,0
2025.04.22 01:45,28.18,28.23,27.83,27.88,52,0,0
2025.04.22 02:00,27.93,27.98,27.68,27.73,52,0,0
2025.04.22 02:15,27.68,27.88,27.68,27.83,26,0,0
2025.04.22 02:30,27.83,27.98,27.83,27.88,17,0,0
2025.04.22 02:45,27.88,27.93,27.83,27.83,7,0,0
2025.04.22 03:00,27.78,27.83,27.68,27.78,27,0,0
2025.04.22 03:15,27.78,27.83,27.68,27.78,20,0,0
2025.04.22 03:30,27.73,27.78,27.48,27.58,69,0,0
2025.04.22 03:45,27.53,27.73,27.48,27.68,27,0,0
2025.04.22 04:00,27.73,27.73,27.63,27.63,48,0,0
2025.04.22 04:15,27.58,27.73,27.53,27.73,29,0,0
2025.04.22 04:30,27.68,27.73,27.68,27.73,18,0,0
2025.04.22 04:45,27.78,27.83,27.73,27.83,32,0,0
2025.04.22 05:00,27.83,28.13,27.83,28.08,34,0,0
2025.04.22 05:15,28.03,28.08,27.83,27.93,18,0,0
2025.04.22 05:30,27.88,27.93,27.83,27.88,20,0,0
2025.04.22 05:45,27.88,28.03,27.88,27.98,23,0,0
2025.04.22 06:00,28.03,28.03,27.98,27.98,15,0,0
2025.04.22 06:15,27.93,27.98,27.93,27.98,2,0,0
2025.04.22 06:30,27.93,27.93,27.83,27.83,6,0,0
2025.04.22 06:45,27.88,27.93,27.83,27.88,13,0,0
2025.04.22 07:00,27.93,27.93,27.73,27.83,21,0,0
2025.04.22 07:15,27.83,27.88,27.83,27.88,18,0,0
2025.04.22 07:30,27.83,27.88,27.83,27.83,21,0,0
2025.04.22 07:45,27.88,27.88,27.83,27.88,9,0,0
2025.04.22 08:00,27.93,27.93,27.73,27.73,10,0,0
2025.04.22 08:15,27.73,27.78,27.58,27.58,21,0,0
2025.04.22 08:30,27.58,27.68,27.58,27.63,12,0,0
2025.04.22 08:45,27.58,27.58,27.28,27.33,34,0,0
2025.04.22 09:00,27.28,27.58,27.28,27.58,55,0,0
2025.04.22 09:15,27.53,27.58,27.48,27.53,29,0,0
2025.04.22 09:30,27.53,27.63,27.48,27.53,30,0,0
2025.04.22 09:45,27.58,27.63,27.53,27.58,14,0,0
2025.04.22 10:00,27.63,27.63,27.53,27.63,24,0,0
2025.04.22 10:15,27.68,27.68,27.48,27.48,14,0,0
2025.04.22 10:30,27.43,27.43,27.28,27.33,22,0,0
2025.04.22 10:45,27.38,27.38,27.28,27.28,24,0,0
2025.04.22 11:00,27.23,27.33,27.23,27.28,15,0,0
2025.04.22 11:15,27.33,27.38,27.23,27.23,22,0,0
2025.04.22 11:30,27.28,27.28,27.23,27.28,12,0,0
2025.04.22 11:45,27.28,27.33,27.28,27.28,10,0,0
2025.04.22 12:00,27.33,27.33,27.23,27.28,31,0,0
2025.04.22 12:15,27.28,27.38,27.28,27.33,29,0,0
2025.04.22 12:30,27.28,27.33,27.28,27.28,29,0,0
2025.04.22 12:45,27.28,27.38,27.28,27.33,19,0,0
2025.04.22 13:00,27.28,27.53,27.28,27.43,46,0,0
2025.04.22 13:15,27.43,27.48,27.38,27.43,34,0,0
2025.04.22 13:30,27.38,27.48,27.38,27.48,61,0,0
2025.04.22 13:45,27.43,27.58,27.43,27.53,64,0,0
2025.04.22 14:00,27.48,27.58,27.48,27.48,37,0,0
2025.04.22 14:15,27.43,27.53,27.43,27.48,35,0,0
2025.04.22 14:30,27.43,27.48,27.33,27.33,27,0,0
2025.04.22 14:45,27.33,27.38,27.23,27.23,16,0,0
2025.04.22 15:00,27.28,27.28,27.23,27.23,14,0,0
2025.04.22 15:15,27.23,27.38,27.23,27.28,33,0,0
2025.04.22 15:30,27.23,27.38,27.08,27.08,116,0,0
2025.04.22 15:45,27.03,27.23,26.98,26.98,63,0,0
2025.04.22 16:00,26.93,26.98,26.78,26.93,65,0,0
2025.04.22 16:15,26.98,26.98,26.68,26.78,42,0,0
2025.04.22 16:30,26.73,26.83,26.63,26.63,47,0,0
2025.04.22 16:45,26.58,26.73,26.53,26.58,28,0,0
2025.04.22 17:00,26.53,26.63,26.53,26.63,26,0,0
2025.04.22 17:15,26.58,26.73,26.58,26.73,37,0,0
2025.04.22 17:30,26.78,26.78,26.63,26.73,44,0,0
2025.04.22 17:45,26.78,26.78,26.38,26.43,80,0,0
2025.04.22 18:00,26.38,26.43,26.28,26.33,109,0,0
2025.04.22 18:15,26.28,26.48,26.28,26.38,47,0,0
2025.04.22 18:30,26.43,26.48,26.33,26.33,37,0,0
2025.04.22 18:45,26.38,26.58,26.38,26.48,53,0,0
2025.04.22 19:00,26.53,26.78,26.38,26.73,106,0,0
2025.04.22 19:15,26.68,27.18,26.68,27.08,224,0,0
2025.04.22 19:30,27.13,27.23,26.93,26.98,161,0,0
2025.04.22 19:45,27.03,27.13,26.93,27.03,133,0,0
2025.04.22 20:00,26.98,27.03,26.58,26.58,93,0,0
2025.04.22 20:15,26.53,26.58,26.38,26.43,47,0,0
2025.04.22 20:30,26.38,26.43,26.28,26.33,48,0,0
2025.04.22 20:45,26.28,26.38,26.28,26.38,37,0,0
2025.04.22 21:00,26.33,26.58,26.33,26.53,55,0,0
2025.04.22 21:15,26.48,26.78,26.48,26.73,83,0,0
2025.04.22 21:30,26.78,26.78,26.43,26.48,67,0,0
2025.04.22 21:45,26.43,26.53,26.33,26.38,91,0,0
2025.04.22 22:00,26.43,26.43,26.28,26.43,63,0,0
2025.04.22 22:15,26.48,26.48,26.38,26.43,9,0,0
2025.04.22 22:30,26.38,26.43,26.38,26.43,20,0,0
2025.04.22 22:45,26.48,26.48,26.43,26.45,27,0,0
2025.04.23 00:00,26.1,26.1,25.36,25.51,214,0,0
2025.04.23 00:15,25.51,25.56,25.31,25.36,48,0,0
2025.04.23 00:30,25.38,25.43,25.33,25.33,36,0,0
2025.04.23 00:45,25.38,25.38,25.23,25.23,41,0,0
2025.04.23 01:00,25.28,25.33,25.18,25.18,43,0,0
2025.04.23 01:15,25.23,25.38,25.18,25.28,57,0,0
2025.04.23 01:30,25.28,25.43,25.28,25.38,23,0,0
2025.04.23 01:45,25.43,25.43,25.03,25.13,45,0,0
2025.04.23 02:00,25.08,25.28,25.08,25.28,23,0,0
2025.04.23 02:15,25.23,25.63,25.23,25.63,37,0,0
2025.04.23 02:30,25.58,25.68,25.53,25.68,36,0,0
2025.04.23 02:45,25.63,25.68,25.48,25.53,37,0,0
2025.04.23 03:00,25.58,25.63,25.38,25.38,37,0,0
2025.04.23 03:15,25.43,25.48,25.38,25.43,25,0,0
2025.04.23 03:30,25.48,25.73,25.48,25.68,45,0,0
2025.04.23 03:45,25.63,25.68,25.63,25.63,31,0,0
2025.04.23 04:00,25.68,25.68,25.58,25.58,9,0,0
2025.04.23 04:15,25.53,25.58,25.48,25.48,18,0,0
2025.04.23 04:30,25.48,25.48,25.38,25.38,25,0,0
2025.04.23 04:45,25.33,25.48,25.33,25.48,13,0,0
2025.04.23 05:00,25.53,25.58,25.53,25.58,9,0,0
2025.04.23 05:15,25.63,25.63,25.53,25.58,18,0,0
2025.04.23 05:30,25.58,25.63,25.53,25.53,15,0,0
2025.04.23 05:45,25.53,25.58,25.48,25.48,19,0,0
2025.04.23 06:00,25.43,25.53,25.43,25.48,32,0,0
2025.04.23 06:15,25.48,25.53,25.48,25.53,13,0,0
2025.04.23 06:30,25.48,25.53,25.48,25.53,9,0,0
2025.04.23 06:45,25.48,25.53,25.48,25.48,10,0,0
2025.04.23 07:00,25.48,25.58,25.48,25.53,19,0,0
2025.04.23 07:15,25.58,25.58,25.43,25.48,24,0,0
2025.04.23 07:30,25.43,25.48,25.33,25.33,31,0,0
2025.04.23 07:45,25.28,25.33,25.28,25.28,16,0,0
2025.04.23 08:00,25.33,25.38,25.28,25.33,22,0,0
2025.04.23 08:15,25.38,25.38,25.13,25.13,41,0,0
2025.04.23 08:30,25.13,25.23,25.08,25.18,15,0,0
2025.04.23 08:45,25.13,25.28,25.13,25.28,20,0,0
2025.04.23 09:00,25.23,25.28,25.13,25.23,41,0,0
2025.04.23 09:15,25.18,25.28,25.18,25.23,32,0,0
2025.04.23 09:30,25.18,25.23,25.13,25.23,40,0,0
2025.04.23 09:45,25.28,25.28,25.08,25.08,6,0,0
2025.04.23 10:00,25.03,25.08,25.03,25.08,10,0,0
2025.04.23 10:15,25.13,25.18,25.08,25.18,11,0,0
2025.04.23 10:30,25.13,25.13,25.03,25.08,22,0,0
2025.04.23 10:45,25.08,25.18,25.08,25.18,20,0,0
2025.04.23 11:00,25.13,25.18,25.13,25.13,6,0,0
2025.04.23 11:15,25.08,25.13,25.03,25.13,16,0,0
2025.04.23 11:30,25.08,25.23,25.08,25.23,4,0,0
2025.04.23 11:45,25.18,25.33,25.18,25.28,19,0,0
2025.04.23 12:00,25.33,25.33,25.13,25.18,18,0,0
2025.04.23 12:15,25.13,25.18,25.13,25.13,8,0,0
2025.04.23 12:30,25.08,25.13,25.03,25.08,10,0,0
2025.04.23 12:45,25.03,25.08,24.98,25.08,6,0,0
2025.04.23 13:00,25.03,25.13,25.03,25.08,18,0,0
2025.04.23 13:15,25.03,25.13,25.03,25.13,41,0,0
2025.04.23 13:30,25.18,25.23,25.13,25.23,41,0,0
2025.04.23 13:45,25.18,25.23,25.13,25.23,23,0,0
2025.04.23 14:00,25.18,25.28,25.18,25.18,20,0,0
2025.04.23 14:15,25.18,25.28,25.18,25.23,12,0,0
2025.04.23 14:30,25.28,25.28,25.08,25.08,16,0,0
2025.04.23 14:45,25.08,25.13,25.03,25.03,38,0,0
2025.04.23 15:00,25.03,25.28,25.03,25.23,45,0,0
2025.04.23 15:15,25.18,25.18,24.98,25.03,29,0,0
2025.04.23 15:30,25.08,25.28,24.58,25.08,328,0,0
2025.04.23 15:45,25.13,25.23,24.78,25.08,230,0,0
2025.04.23 16:00,25.03,25.28,24.78,24.88,219,0,0
2025.04.23 16:15,24.93,25.18,24.78,24.83,159,0,0
2025.04.23 16:30,24.78,25.03,24.73,24.98,84,0,0
2025.04.23 16:45,24.93,25.18,24.93,25.08,144,0,0
2025.04.23 17:00,25.03,25.33,24.98,25.03,142,0,0
2025.04.23 17:15,25.08,25.68,25.03,25.53,166,0,0
2025.04.23 17:30,25.58,25.78,25.43,25.63,140,0,0
2025.04.23 17:45,25.58,25.93,25.58,25.63,186,0,0
2025.04.23 18:00,25.68,26.08,25.63,26.03,139,0,0
2025.04.23 18:15,25.98,26.28,25.78,25.83,111,0,0
2025.04.23 18:30,25.78,25.98,25.73,25.78,119,0,0
2025.04.23 18:45,25.78,25.93,25.48,25.48,114,0,0
2025.04.23 19:00,25.53,25.78,25.33,25.33,124,0,0
2025.04.23 19:15,25.38,25.38,25.18,25.33,119,0,0
2025.04.23 19:30,25.28,25.53,25.23,25.43,97,0,0
2025.04.23 19:45,25.38,25.48,25.23,25.38,106,0,0
2025.04.23 20:00,25.33,25.48,25.23,25.33,131,0,0
2025.04.23 20:15,25.38,25.63,25.23,25.58,103,0,0
2025.04.23 20:30,25.53,25.73,25.48,25.73,137,0,0
2025.04.23 20:45,25.68,25.73,25.43,25.58,103,0,0
2025.04.23 21:00,25.63,25.73,25.48,25.63,153,0,0
2025.04.23 21:15,25.68,25.88,25.63,25.88,149,0,0
2025.04.23 21:30,25.83,25.88,25.58,25.63,127,0,0
2025.04.23 21:45,25.58,25.73,25.28,25.43,130,0,0
2025.04.23 22:00,25.38,25.48,25.28,25.38,79,0,0
2025.04.23 22:15,25.33,25.38,25.03,25.13,90,0,0
2025.04.23 22:30,25.18,25.23,25.08,25.18,47,0,0
2025.04.23 22:45,25.18,25.23,25.08,25.15,21,0,0
2025.04.24 00:00,25.2,25.46,25.16,25.46,97,0,0
2025.04.24 00:15,25.41,25.46,25.31,25.31,24,0,0
2025.04.24 00:30,25.33,25.38,25.18,25.28,31,0,0
2025.04.24 00:45,25.23,25.28,25.23,25.23,16,0,0
2025.04.24 01:00,25.18,25.23,25.13,25.18,26,0,0
2025.04.24 01:15,25.13,25.18,25.03,25.08,34,0,0
2025.04.24 01:30,25.13,25.18,25.08,25.08,33,0,0
2025.04.24 01:45,25.13,25.13,25.08,25.13,8,0,0
2025.04.24 02:00,25.18,25.18,24.93,25.03,39,0,0
2025.04.24 02:15,25.08,25.13,24.93,25.13,20,0,0
2025.04.24 02:30,25.13,25.23,25.08,25.18,22,0,0
2025.04.24 02:45,25.18,25.23,25.18,25.23,29,0,0
2025.04.24 03:00,25.18,25.28,25.18,25.23,24,0,0
2025.04.24 03:15,25.28,25.33,25.23,25.28,23,0,0
2025.04.24 03:30,25.23,25.23,25.18,25.23,10,0,0
2025.04.24 03:45,25.18,25.28,25.13,25.28,9,0,0
2025.04.24 04:00,25.23,25.28,25.23,25.28,26,0,0
2025.04.24 04:15,25.33,25.38,25.23,25.23,11,0,0
2025.04.24 04:30,25.23,25.38,25.23,25.33,17,0,0
2025.04.24 04:45,25.43,25.53,25.43,25.48,16,0,0
2025.04.24 05:00,25.53,25.53,25.48,25.53,22,0,0
2025.04.24 05:15,25.58,25.58,25.53,25.53,6,0,0
2025.04.24 05:30,25.58,25.58,25.43,25.48,20,0,0
2025.04.24 05:45,25.43,25.48,25.43,25.48,3,0,0
2025.04.24 06:00,25.53,25.63,25.48,25.63,38,0,0
2025.04.24 06:15,25.58,25.68,25.58,25.68,24,0,0
2025.04.24 06:30,25.73,25.73,25.48,25.48,10,0,0
2025.04.24 06:45,25.53,25.53,25.48,25.53,7,0,0
2025.04.24 07:00,25.58,25.58,25.48,25.53,18,0,0
2025.04.24 07:15,25.53,25.68,25.53,25.68,17,0,0
2025.04.24 07:30,25.63,25.68,25.48,25.48,17,0,0
2025.04.24 07:45,25.43,25.83,25.38,25.63,51,0,0
2025.04.24 08:00,25.58,25.73,25.58,25.63,61,0,0
2025.04.24 08:15,25.58,25.63,25.43,25.43,50,0,0
2025.04.24 08:30,25.43,25.68,25.43,25.63,88,0,0
2025.04.24 08:45,25.63,25.68,25.58,25.63,22,0,0
2025.04.24 09:00,25.63,25.83,25.58,25.58,113,0,0
2025.04.24 09:15,25.58,25.73,25.53,25.68,63,0,0
2025.04.24 09:30,25.68,25.83,25.68,25.78,80,0,0
2025.04.24 09:45,25.83,25.88,25.73,25.78,63,0,0
2025.04.24 10:00,25.83,25.88,25.73,25.83,42,0,0
2025.04.24 10:15,25.88,25.88,25.73,25.88,26,0,0
2025.04.24 10:30,25.88,26.03,25.88,25.98,56,0,0
2025.04.24 10:45,26.03,26.08,25.93,25.98,40,0,0
2025.04.24 11:00,25.93,26.03,25.93,25.98,13,0,0
2025.04.24 11:15,25.93,25.98,25.93,25.93,12,0,0
2025.04.24 11:30,25.88,25.88,25.78,25.83,19,0,0
2025.04.24 11:45,25.78,25.83,25.73,25.78,20,0,0
2025.04.24 12:00,25.73,25.78,25.73,25.73,24,0,0
2025.04.24 12:15,25.73,25.83,25.73,25.73,25,0,0
2025.04.24 12:30,25.68,25.68,25.48,25.48,13,0,0
2025.04.24 12:45,25.43,25.53,25.33,25.43,37,0,0
2025.04.24 13:00,25.48,25.53,25.43,25.53,21,0,0
2025.04.24 13:15,25.48,25.63,25.48,25.58,37,0,0
2025.04.24 13:30,25.58,25.68,25.33,25.58,58,0,0
2025.04.24 13:45,25.53,25.58,25.48,25.53,57,0,0
2025.04.24 14:00,25.48,25.53,25.43,25.48,28,0,0
2025.04.24 14:15,25.43,25.58,25.38,25.48,44,0,0
2025.04.24 14:30,25.48,25.53,25.23,25.28,72,0,0
2025.04.24 14:45,25.28,25.43,25.23,25.23,51,0,0
2025.04.24 15:00,25.23,25.33,25.23,25.28,69,0,0
2025.04.24 15:15,25.23,25.28,25.18,25.18,55,0,0
2025.04.24 15:30,25.13,25.28,24.98,25.03,114,0,0
2025.04.24 15:45,24.98,25.03,24.88,24.93,22,0,0
2025.04.24 16:00,24.98,24.98,24.78,24.88,57,0,0
2025.04.24 16:15,24.83,24.88,24.68,24.73,55,0,0
2025.04.24 16:30,24.78,24.88,24.63,24.78,38,0,0
2025.04.24 16:45,24.83,24.93,24.73,24.78,65,0,0
2025.04.24 17:00,24.73,24.78,24.68,24.73,31,0,0
2025.04.24 17:15,24.68,24.83,24.68,24.83,34,0,0
2025.04.24 17:30,24.78,24.83,24.73,24.78,44,0,0
2025.04.24 17:45,24.78,24.83,24.68,24.78,41,0,0
2025.04.24 18:00,24.83,24.88,24.73,24.73,52,0,0
2025.04.24 18:15,24.68,24.68,24.53,24.63,66,0,0
2025.04.24 18:30,24.58,24.68,24.48,24.58,25,0,0
2025.04.24 18:45,24.63,24.63,24.53,24.63,40,0,0
2025.04.24 19:00,24.68,24.73,24.63,24.63,54,0,0
2025.04.24 19:15,24.68,24.73,24.63,24.73,33,0,0
2025.04.24 19:30,24.68,24.78,24.68,24.73,43,0,0
2025.04.24 19:45,24.68,24.73,24.58,24.63,27,0,0
2025.04.24 20:00,24.58,24.63,24.58,24.58,7,0,0
2025.04.24 20:15,24.53,24.68,24.53,24.63,16,0,0
2025.04.24 20:30,24.58,24.63,24.58,24.58,7,0,0
2025.04.24 20:45,24.53,24.63,24.53,24.63,11,0,0
2025.04.24 21:00,24.68,24.78,24.58,24.63,35,0,0
2025.04.24 21:15,24.58,24.58,24.53,24.58,23,0,0
2025.04.24 21:30,24.53,24.58,24.43,24.43,35,0,0
2025.04.24 21:45,24.38,24.48,24.33,24.48,39,0,0
2025.04.24 22:00,24.43,24.48,24.23,24.33,51,0,0
2025.04.24 22:15,24.28,24.38,24.28,24.38,35,0,0
2025.04.24 22:30,24.33,24.38,24.23,24.33,9,0,0
2025.04.24 22:45,24.35,24.4,24.35,24.35,3,0,0
2025.04.25 00:00,24.25,24.31,24.16,24.21,62,0,0
2025.04.25 00:15,24.21,24.26,24.11,24.16,22,0,0
2025.04.25 00:30,24.18,24.23,24.13,24.13,26,0,0
2025.04.25 00:45,24.13,24.18,24.13,24.18,3,0,0
2025.04.25 01:00,24.13,24.18,24.13,24.13,10,0,0
2025.04.25 01:15,24.18,24.23,24.13,24.18,8,0,0
2025.04.25 01:30,24.18,24.23,24.18,24.18,17,0,0
2025.04.25 01:45,24.23,24.23,24.23,24.23,1,0,0
2025.04.25 02:00,24.18,24.33,24.18,24.33,17,0,0
2025.04.25 02:15,24.28,24.28,24.18,24.18,8,0,0
2025.04.25 02:30,24.13,24.18,24.13,24.18,8,0,0
2025.04.25 02:45,24.18,24.18,24.08,24.13,29,0,0
2025.04.25 03:00,24.08,24.13,24.08,24.13,10,0,0
2025.04.25 03:15,24.08,24.28,24.08,24.23,10,0,0
2025.04.25 03:30,24.28,24.28,24.13,24.13,22,0,0
2025.04.25 03:45,24.18,24.28,24.18,24.23,6,0,0
2025.04.25 04:00,24.18,24.23,24.18,24.18,15,0,0
2025.04.25 04:15,24.23,24.28,24.23,24.28,2,0,0
2025.04.25 04:30,24.23,24.28,24.23,24.28,15,0,0
2025.04.25 05:00,24.23,24.28,24.23,24.28,4,0,0
2025.04.25 05:15,24.23,24.28,24.13,24.23,39,0,0
2025.04.25 05:30,24.18,24.23,24.18,24.18,3,0,0
2025.04.25 05:45,24.13,24.18,24.08,24.13,24,0,0
2025.04.25 06:00,24.08,24.13,23.98,24.03,9,0,0
2025.04.25 06:15,23.98,24.13,23.98,24.13,12,0,0
2025.04.25 06:30,24.08,24.18,24.08,24.08,19,0,0
2025.04.25 06:45,24.08,24.18,24.08,24.18,4,0,0
2025.04.25 07:00,24.13,24.18,24.13,24.13,6,0,0
2025.04.25 07:15,24.18,24.18,24.18,24.18,1,0,0
2025.04.25 07:30,24.13,24.18,24.08,24.13,5,0,0
2025.04.25 07:45,24.08,24.18,24.08,24.13,18,0,0
2025.04.25 08:00,24.13,24.18,24.03,24.08,33,0,0
2025.04.25 08:15,24.13,24.13,24.08,24.08,24,0,0
2025.04.25 08:30,24.03,24.03,23.93,24.03,19,0,0
2025.04.25 08:45,23.98,24.03,23.98,23.98,25,0,0
2025.04.25 09:00,23.98,24.23,23.98,24.23,61,0,0
2025.04.25 09:15,24.18,24.38,24.08,24.23,78,0,0
2025.04.25 09:30,24.23,24.38,24.23,24.23,47,0,0
2025.04.25 09:45,24.28,24.28,24.13,24.18,33,0,0
2025.04.25 10:00,24.18,24.28,24.13,24.23,46,0,0
2025.04.25 10:15,24.18,24.23,24.08,24.18,31,0,0
2025.04.25 10:30,24.18,24.33,24.18,24.28,13,0,0
2025.04.25 10:45,24.23,24.38,24.23,24.33,45,0,0
2025.04.25 11:00,24.38,24.43,24.28,24.38,31,0,0
2025.04.25 11:15,24.43,24.48,24.23,24.28,19,0,0
2025.04.25 11:30,24.28,24.48,24.28,24.43,19,0,0
2025.04.25 11:45,24.43,24.48,24.23,24.28,21,0,0
2025.04.25 12:00,24.28,24.38,24.28,24.33,34,0,0
2025.04.25 12:15,24.38,24.53,24.08,24.48,106,0,0
2025.04.25 12:30,24.48,24.83,24.43,24.83,102,0,0
2025.04.25 12:45,24.78,24.98,24.78,24.93,93,0,0
2025.04.25 13:00,24.88,24.88,24.63,24.63,50,0,0
2025.04.25 13:15,24.58,24.63,24.58,24.58,53,0,0
2025.04.25 13:30,24.58,24.68,24.53,24.68,56,0,0
2025.04.25 13:45,24.63,24.68,24.58,24.63,38,0,0
2025.04.25 14:00,24.63,24.73,24.58,24.63,74,0,0
2025.04.25 14:15,24.63,24.73,24.53,24.63,78,0,0
2025.04.25 14:30,24.58,24.68,24.48,24.58,54,0,0
2025.04.25 14:45,24.63,24.68,24.53,24.58,24,0,0
2025.04.25 15:00,24.58,24.68,24.43,24.53,39,0,0
2025.04.25 15:15,24.48,24.53,24.38,24.38,76,0,0
2025.04.25 15:30,24.33,24.68,24.33,24.68,110,0,0
2025.04.25 15:45,24.63,24.83,24.63,24.83,119,0,0
2025.04.25 16:00,24.73,24.78,24.48,24.53,107,0,0
2025.04.25 16:15,24.58,24.93,24.53,24.78,86,0,0
2025.04.25 16:30,24.73,24.88,24.38,24.38,76,0,0
2025.04.25 16:45,24.43,24.48,24.33,24.33,104,0,0
2025.04.25 17:00,24.38,24.43,24.13,24.13,78,0,0
2025.04.25 17:15,24.08,24.23,24.03,24.18,88,0,0
2025.04.25 17:30,24.13,24.18,23.98,24.08,79,0,0
2025.04.25 17:45,24.13,24.13,23.88,23.93,91,0,0
2025.04.25 18:00,23.88,23.98,23.83,23.88,60,0,0
2025.04.25 18:15,23.83,23.88,23.73,23.78,23,0,0
2025.04.25 18:30,23.73,23.78,23.68,23.68,18,0,0
2025.04.25 18:45,23.73,23.83,23.73,23.83,40,0,0
2025.04.25 19:00,23.88,23.88,23.73,23.73,22,0,0
2025.04.25 19:15,23.73,23.83,23.73,23.78,20,0,0
2025.04.25 19:30,23.83,24.03,23.78,23.93,124,0,0
2025.04.25 19:45,23.88,24.23,23.88,24.08,97,0,0
2025.04.25 20:00,24.13,24.13,23.78,23.78,73,0,0
2025.04.25 20:15,23.73,23.73,23.63,23.68,27,0,0
2025.04.25 20:30,23.73,23.73,23.58,23.63,15,0,0
2025.04.25 20:45,23.68,23.78,23.63,23.68,43,0,0
2025.04.25 21:00,23.68,23.73,23.63,23.68,31,0,0
2025.04.25 21:15,23.68,23.73,23.63,23.63,35,0,0
2025.04.25 21:30,23.68,23.73,23.63,23.68,86,0,0
2025.04.25 21:45,23.68,23.73,23.38,23.43,58,0,0
2025.04.28 00:00,23.35,23.56,23.35,23.51,46,0,0
2025.04.28 00:15,23.46,23.51,23.41,23.46,17,0,0
2025.04.28 00:30,23.48,23.63,23.48,23.58,9,0,0
2025.04.28 00:45,23.63,23.68,23.58,23.63,14,0,0
2025.04.28 01:00,23.68,23.73,23.53,23.63,17,0,0
2025.04.28 01:15,23.68,23.68,23.58,23.58,10,0,0
2025.04.28 01:30,23.58,23.63,23.58,23.63,3,0,0
2025.04.28 01:45,23.58,23.63,23.58,23.63,7,0,0
2025.04.28 02:00,23.58,23.68,23.58,23.58,26,0,0
2025.04.28 02:15,23.53,23.68,23.53,23.63,26,0,0
2025.04.28 02:30,23.63,23.73,23.63,23.73,19,0,0
2025.04.28 02:45,23.78,23.78,23.73,23.73,9,0,0
2025.04.28 03:00,23.73,23.73,23.63,23.63,8,0,0
2025.04.28 03:15,23.63,23.68,23.63,23.68,4,0,0
2025.04.28 03:30,23.63,23.68,23.63,23.68,3,0,0
2025.04.28 03:45,23.63,23.68,23.63,23.68,14,0,0
2025.04.28 04:00,23.63,23.68,23.63,23.68,21,0,0
2025.04.28 04:15,23.63,23.63,23.63,23.63,1,0,0
2025.04.28 04:45,23.63,23.68,23.63,23.63,6,0,0
2025.04.28 05:00,23.68,23.68,23.68,23.68,1,0,0
2025.04.28 06:15,23.63,23.68,23.63,23.68,2,0,0
2025.04.28 06:30,23.63,23.63,23.63,23.63,2,0,0
2025.04.28 06:45,23.63,23.68,23.63,23.68,8,0,0
2025.04.28 07:00,23.73,23.73,23.68,23.68,2,0,0
2025.04.28 07:30,23.73,23.73,23.73,23.73,1,0,0
2025.04.28 08:00,23.68,23.68,23.63,23.63,6,0,0
2025.04.28 08:15,23.68,23.68,23.63,23.63,18,0,0
2025.04.28 08:30,23.58,23.58,23.53,23.53,3,0,0
2025.04.28 09:00,23.48,23.53,23.48,23.53,18,0,0
2025.04.28 09:15,23.48,23.53,23.48,23.53,3,0,0
2025.04.28 09:30,23.58,23.63,23.58,23.58,14,0,0
2025.04.28 10:00,23.58,23.63,23.58,23.58,7,0,0
2025.04.28 10:30,23.53,23.53,23.43,23.48,4,0,0
2025.04.28 10:45,23.43,23.48,23.43,23.43,16,0,0
2025.04.28 11:00,23.38,23.43,23.33,23.38,11,0,0
2025.04.28 11:15,23.33,23.33,23.28,23.28,4,0,0
2025.04.28 11:30,23.28,23.33,23.28,23.28,8,0,0
2025.04.28 11:45,23.28,23.33,23.28,23.33,25,0,0
2025.04.28 12:00,23.38,23.43,23.33,23.38,11,0,0
2025.04.28 12:15,23.38,23.53,23.38,23.43,14,0,0
2025.04.28 12:30,23.43,23.48,23.43,23.48,6,0,0
2025.04.28 12:45,23.43,23.53,23.43,23.53,50,0,0
2025.04.28 13:00,23.58,23.58,23.48,23.48,7,0,0
2025.04.28 13:15,23.48,23.53,23.43,23.43,21,0,0
2025.04.28 13:30,23.48,23.48,23.38,23.43,16,0,0
2025.04.28 14:00,23.48,23.58,23.43,23.53,54,0,0
2025.04.28 14:15,23.48,23.53,23.43,23.43,14,0,0
2025.04.28 14:30,23.38,23.43,23.38,23.43,6,0,0
2025.04.28 14:45,23.38,23.38,23.33,23.33,2,0,0
2025.04.28 15:00,23.28,23.28,23.18,23.23,10,0,0
2025.04.28 15:15,23.18,23.18,23.13,23.18,18,0,0
2025.04.28 15:30,23.13,23.38,23.08,23.18,68,0,0
2025.04.28 15:45,23.13,23.48,23.08,23.43,69,0,0
2025.04.28 16:00,23.43,23.48,23.18,23.23,99,0,0
2025.04.28 16:15,23.18,23.23,23.13,23.23,72,0,0
2025.04.28 16:30,23.18,23.43,23.18,23.23,50,0,0
2025.04.28 16:45,23.18,23.38,23.18,23.38,29,0,0
2025.04.28 17:00,23.33,23.58,23.28,23.48,81,0,0
2025.04.28 17:15,23.53,23.93,23.43,23.93,84,0,0
2025.04.28 17:30,23.93,23.93,23.63,23.73,81,0,0
2025.04.28 17:45,23.78,23.93,23.73,23.93,58,0,0
2025.04.28 18:00,23.88,24.13,23.88,24.08,108,0,0
2025.04.28 18:15,24.03,24.23,23.98,24.13,53,0,0
2025.04.28 18:30,24.18,24.18,23.93,24.03,99,0,0
2025.04.28 18:45,24.08,24.23,23.93,24.18,52,0,0
2025.04.28 19:00,24.13,24.43,24.08,24.43,45,0,0
2025.04.28 19:15,24.48,24.48,24.23,24.48,64,0,0
2025.04.28 19:30,24.43,24.53,24.28,24.28,64,0,0
2025.04.28 19:45,24.33,24.33,24.08,24.08,63,0,0
2025.04.28 20:00,24.13,24.18,24.03,24.13,41,0,0
2025.04.28 20:15,24.08,24.18,23.93,23.98,70,0,0
2025.04.28 20:30,24.03,24.13,23.98,23.98,51,0,0
2025.04.28 20:45,24.03,24.03,23.88,23.93,64,0,0
2025.04.28 21:00,23.88,23.88,23.73,23.78,64,0,0
2025.04.28 21:15,23.73,23.78,23.63,23.63,56,0,0
2025.04.28 21:30,23.63,23.73,23.63,23.63,27,0,0
2025.04.28 21:45,23.58,23.63,23.43,23.63,39,0,0
2025.04.28 22:00,23.58,23.73,23.58,23.68,28,0,0
2025.04.28 22:15,23.73,23.73,23.68,23.68,10,0,0
2025.04.28 22:30,23.73,23.73,23.68,23.73,6,0,0
2025.04.28 22:45,23.75,23.75,23.7,23.7,2,0,0
2025.04.29 00:00,23.7,23.71,23.61,23.66,20,0,0
2025.04.29 00:15,23.66,23.71,23.66,23.71,4,0,0
2025.04.29 00:30,23.73,23.78,23.68,23.73,12,0,0
2025.04.29 01:00,23.68,23.73,23.63,23.68,32,0,0
2025.04.29 01:15,23.63,23.63,23.58,23.58,7,0,0
2025.04.29 01:30,23.53,23.58,23.53,23.58,2,0,0
2025.04.29 01:45,23.53,23.58,23.53,23.53,19,0,0
2025.04.29 02:00,23.53,23.63,23.53,23.63,9,0,0
2025.04.29 02:30,23.58,23.63,23.53,23.53,20,0,0
2025.04.29 02:45,23.48,23.48,23.48,23.48,1,0,0
2025.04.29 03:00,23.53,23.53,23.53,23.53,1,0,0
2025.04.29 03:15,23.48,23.53,23.48,23.53,2,0,0
2025.04.29 03:30,23.48,23.48,23.43,23.48,7,0,0
2025.04.29 03:45,23.43,23.48,23.43,23.48,7,0,0
2025.04.29 04:00,23.43,23.43,23.33,23.33,3,0,0
2025.04.29 04:15,23.33,23.43,23.33,23.38,6,0,0
2025.04.29 04:30,23.38,23.48,23.38,23.48,12,0,0
2025.04.29 04:45,23.43,23.43,23.43,23.43,1,0,0
2025.04.29 05:15,23.43,23.48,23.43,23.43,3,0,0
2025.04.29 05:45,23.48,23.48,23.43,23.43,3,0,0
2025.04.29 06:00,23.43,23.53,23.43,23.53,5,0,0
2025.04.29 06:15,23.48,23.48,23.38,23.38,12,0,0
2025.04.29 06:30,23.43,23.43,23.43,23.43,1,0,0
2025.04.29 06:45,23.43,23.48,23.43,23.48,2,0,0
2025.04.29 07:00,23.43,23.48,23.43,23.48,6,0,0
2025.04.29 07:15,23.48,23.53,23.48,23.48,7,0,0
2025.04.29 07:30,23.48,23.53,23.48,23.48,6,0,0
2025.04.29 07:45,23.43,23.48,23.43,23.48,5,0,0
2025.04.29 08:15,23.43,23.48,23.43,23.43,22,0,0
2025.04.29 08:30,23.43,23.43,23.38,23.38,9,0,0
2025.04.29 08:45,23.43,23.43,23.38,23.38,4,0,0
2025.04.29 09:00,23.43,23.43,23.33,23.33,35,0,0
2025.04.29 09:15,23.38,23.38,23.23,23.23,4,0,0
2025.04.29 09:30,23.18,23.28,23.18,23.28,22,0,0
2025.04.29 09:45,23.23,23.28,23.13,23.23,16,0,0
2025.04.29 10:00,23.28,23.43,23.23,23.38,38,0,0
2025.04.29 10:15,23.33,23.38,23.33,23.33,16,0,0
2025.04.29 10:30,23.38,23.38,23.33,23.38,11,0,0
2025.04.29 10:45,23.33,23.38,23.33,23.38,3,0,0
2025.04.29 11:00,23.33,23.43,23.33,23.38,34,0,0
2025.04.29 11:15,23.43,23.43,23.38,23.38,20,0,0
2025.04.29 11:30,23.43,23.43,23.38,23.38,8,0,0
2025.04.29 11:45,23.38,23.43,23.38,23.38,15,0,0
2025.04.29 12:00,23.38,23.43,23.38,23.38,22,0,0
2025.04.29 12:15,23.38,23.43,23.33,23.33,9,0,0
2025.04.29 12:30,23.33,23.48,23.33,23.48,14,0,0
2025.04.29 12:45,23.48,23.68,23.48,23.53,48,0,0
2025.04.29 13:00,23.48,23.53,23.48,23.53,16,0,0
2025.04.29 13:15,23.48,23.53,23.48,23.53,16,0,0
2025.04.29 13:30,23.48,23.98,23.48,23.93,58,0,0
2025.04.29 13:45,23.88,23.98,23.73,23.78,51,0,0
2025.04.29 14:00,23.83,23.83,23.73,23.73,21,0,0
2025.04.29 14:15,23.78,23.93,23.73,23.83,24,0,0
2025.04.29 14:30,23.88,23.88,23.68,23.68,44,0,0
2025.04.29 14:45,23.73,23.98,23.73,23.98,51,0,0
2025.04.29 15:00,23.93,24.13,23.93,24.08,67,0,0
2025.04.29 15:15,24.03,24.08,23.88,23.88,27,0,0
2025.04.29 15:30,23.93,23.98,23.78,23.78,116,0,0
2025.04.29 15:45,23.73,23.83,23.58,23.83,84,0,0
2025.04.29 16:00,23.93,23.93,23.43,23.58,72,0,0
2025.04.29 16:15,23.53,23.98,23.53,23.93,81,0,0
2025.04.29 16:30,23.88,23.93,23.63,23.73,61,0,0
2025.04.29 16:45,23.68,23.73,23.63,23.63,36,0,0
2025.04.29 17:00,23.68,23.73,23.63,23.68,42,0,0
2025.04.29 17:15,23.68,23.78,23.58,23.58,25,0,0
2025.04.29 17:30,23.63,23.63,23.48,23.48,47,0,0
2025.04.29 17:45,23.43,23.58,23.43,23.58,53,0,0
2025.04.29 18:00,23.53,23.58,23.38,23.43,35,0,0
2025.04.29 18:15,23.48,23.48,23.33,23.33,29,0,0
2025.04.29 18:30,23.38,23.43,23.28,23.33,49,0,0
2025.04.29 18:45,23.38,23.68,23.33,23.58,71,0,0
2025.04.29 19:00,23.63,23.63,23.43,23.43,37,0,0
2025.04.29 19:15,23.38,23.38,23.23,23.28,19,0,0
2025.04.29 19:30,23.33,23.33,23.23,23.23,3,0,0
2025.04.29 19:45,23.28,23.28,23.18,23.23,27,0,0
2025.04.29 20:00,23.28,23.33,23.23,23.28,36,0,0
2025.04.29 20:15,23.23,23.33,23.23,23.23,28,0,0
2025.04.29 20:30,23.23,23.28,23.18,23.18,35,0,0
2025.04.29 20:45,23.23,23.28,23.18,23.28,25,0,0
2025.04.29 21:00,23.23,23.28,23.23,23.23,41,0,0
2025.04.29 21:15,23.23,23.28,23.23,23.28,33,0,0
2025.04.29 21:30,23.23,23.28,23.23,23.23,13,0,0
2025.04.29 21:45,23.28,23.38,23.23,23.28,35,0,0
2025.04.29 22:00,23.23,23.33,23.23,23.28,16,0,0
2025.04.29 22:15,23.28,23.33,23.28,23.33,4,0,0
2025.04.29 22:30,23.38,23.38,23.33,23.33,23,0,0
2025.04.29 22:45,23.35,23.35,23.3,23.35,3,0,0
2025.04.30 00:00,23.3,23.36,23.21,23.26,18,0,0
2025.04.30 00:15,23.26,23.31,23.26,23.31,31,0,0
2025.04.30 00:30,23.33,23.33,23.28,23.28,14,0,0
2025.04.30 00:45,23.33,23.38,23.33,23.38,13,0,0
2025.04.30 01:00,23.33,23.43,23.33,23.43,27,0,0
2025.04.30 01:15,23.38,23.43,23.38,23.43,23,0,0
2025.04.30 01:30,23.38,23.43,23.38,23.38,6,0,0
2025.04.30 01:45,23.43,23.43,23.38,23.38,3,0,0
2025.04.30 02:00,23.43,23.43,23.33,23.38,14,0,0
2025.04.30 02:15,23.43,23.43,23.38,23.43,7,0,0
2025.04.30 02:30,23.48,23.48,23.38,23.43,9,0,0
2025.04.30 02:45,23.43,23.53,23.43,23.43,22,0,0
2025.04.30 03:00,23.48,23.48,23.43,23.43,14,0,0
2025.04.30 03:30,23.48,23.53,23.43,23.53,19,0,0
2025.04.30 03:45,23.48,23.48,23.48,23.48,1,0,0
2025.04.30 04:30,23.43,23.43,23.43,23.43,1,0,0
2025.04.30 05:00,23.48,23.63,23.48,23.53,7,0,0
2025.04.30 05:15,23.48,23.48,23.48,23.48,2,0,0
2025.04.30 05:45,23.43,23.48,23.43,23.48,10,0,0
2025.04.30 06:15,23.43,23.48,23.43,23.48,10,0,0
2025.04.30 07:00,23.43,23.48,23.43,23.48,4,0,0
2025.04.30 07:15,23.53,23.53,23.48,23.53,9,0,0
2025.04.30 07:30,23.48,23.48,23.48,23.48,1,0,0
2025.04.30 07:45,23.53,23.53,23.48,23.48,6,0,0
2025.04.30 08:00,23.43,23.48,23.43,23.43,26,0,0
2025.04.30 08:30,23.38,23.43,23.38,23.38,9,0,0
2025.04.30 08:45,23.33,23.38,23.33,23.33,13,0,0
2025.04.30 09:00,23.38,23.38,23.28,23.28,8,0,0
2025.04.30 09:15,23.33,23.33,23.28,23.33,3,0,0
2025.04.30 09:30,23.38,23.38,23.33,23.33,16,0,0
2025.04.30 09:45,23.33,23.38,23.33,23.33,14,0,0
2025.04.30 10:00,23.33,23.38,23.33,23.33,9,0,0
2025.04.30 10:15,23.28,23.33,23.23,23.33,15,0,0
2025.04.30 10:30,23.38,23.43,23.33,23.33,14,0,0
2025.04.30 10:45,23.38,23.38,23.33,23.38,19,0,0
2025.04.30 11:00,23.33,23.38,23.33,23.33,5,0,0
2025.04.30 11:30,23.28,23.33,23.28,23.33,2,0,0
2025.04.30 12:00,23.38,23.38,23.38,23.38,1,0,0
2025.04.30 12:30,23.43,23.48,23.43,23.43,11,0,0
2025.04.30 12:45,23.48,23.48,23.43,23.43,2,0,0
2025.04.30 13:00,23.38,23.43,23.38,23.38,25,0,0
2025.04.30 13:15,23.33,23.48,23.33,23.48,14,0,0
2025.04.30 13:30,23.43,23.48,23.43,23.43,40,0,0
2025.04.30 13:45,23.43,23.48,23.43,23.48,10,0,0
2025.04.30 14:00,23.53,23.63,23.48,23.58,44,0,0
2025.04.30 14:15,23.58,23.78,23.58,23.73,68,0,0
2025.04.30 14:30,23.68,24.28,23.63,24.18,149,0,0
2025.04.30 14:45,24.23,24.43,24.18,24.23,106,0,0
2025.04.30 15:00,24.28,24.53,24.23,24.48,50,0,0
2025.04.30 15:15,24.43,24.48,24.23,24.23,55,0,0
2025.04.30 15:30,24.28,25.28,24.28,25.03,171,0,0
2025.04.30 15:45,25.08,25.53,24.78,25.38,239,0,0
2025.04.30 16:00,25.43,25.43,24.73,24.73,254,0,0
2025.04.30 16:15,24.73,24.98,24.68,24.73,125,0,0
2025.04.30 16:30,24.78,25.08,24.63,24.78,122,0,0
2025.04.30 16:45,24.83,25.03,24.73,24.83,122,0,0
2025.04.30 17:00,24.78,24.83,24.38,24.43,104,0,0
2025.04.30 17:15,24.38,24.48,24.23,24.33,80,0,0
2025.04.30 17:30,24.38,24.38,24.18,24.23,92,0,0
2025.04.30 17:45,24.28,24.43,24.23,24.33,91,0,0
2025.04.30 18:00,24.28,24.43,24.23,24.38,79,0,0
2025.04.30 18:15,24.33,24.58,24.33,24.53,119,0,0
2025.04.30 18:30,24.58,24.63,24.28,24.38,58,0,0
2025.04.30 18:45,24.43,24.53,24.33,24.43,71,0,0
2025.04.30 19:00,24.48,24.88,24.43,24.78,90,0,0
2025.04.30 19:15,24.73,24.73,24.38,24.43,100,0,0
2025.04.30 19:30,24.38,24.43,24.23,24.23,63,0,0
2025.04.30 19:45,24.28,24.28,24.18,24.28,53,0,0
2025.04.30 20:00,24.33,24.38,23.83,24.13,181,0,0
2025.04.30 20:15,24.18,24.33,24.03,24.28,136,0,0
2025.04.30 20:30,24.33,24.53,24.23,24.48,104,0,0
2025.04.30 20:45,24.43,24.53,24.28,24.48,68,0,0
2025.04.30 21:00,24.43,24.48,24.28,24.28,45,0,0
2025.04.30 21:15,24.33,24.48,24.28,24.43,51,0,0
2025.04.30 21:30,24.48,24.53,24.28,24.28,74,0,0
2025.04.30 21:45,24.23,24.28,23.73,23.98,88,0,0
2025.04.30 22:00,23.93,24.08,23.58,23.78,151,0,0
2025.04.30 22:15,23.78,23.83,23.58,23.63,42,0,0
2025.04.30 22:30,23.58,23.63,23.53,23.63,23,0,0
2025.04.30 22:45,23.68,23.7,23.58,23.65,21,0,0
2025.05.01 00:00,23.6,23.75,23.41,23.41,104,0,0
2025.05.01 00:15,23.46,23.56,23.41,23.56,57,0,0
2025.05.01 00:30,23.58,23.58,23.48,23.58,15,0,0
2025.05.01 00:45,23.53,23.53,23.53,23.53,2,0,0
2025.05.01 01:00,23.48,23.53,23.48,23.53,7,0,0
2025.05.01 01:15,23.48,23.48,23.48,23.48,2,0,0
2025.05.01 01:30,23.53,23.53,23.53,23.53,1,0,0
2025.05.01 01:45,23.48,23.48,23.43,23.48,3,0,0
2025.05.01 02:00,23.43,23.43,23.43,23.43,1,0,0
2025.05.01 02:15,23.43,23.48,23.33,23.38,13,0,0
2025.05.01 02:30,23.43,23.43,23.33,23.33,6,0,0
2025.05.01 02:45,23.38,23.38,23.28,23.28,28,0,0
2025.05.01 03:00,23.33,23.33,23.28,23.33,5,0,0
2025.05.01 03:15,23.28,23.33,23.28,23.33,2,0,0
2025.05.01 03:30,23.28,23.33,23.28,23.33,13,0,0
2025.05.01 04:15,23.28,23.28,23.28,23.28,1,0,0
2025.05.01 04:45,23.28,23.38,23.28,23.38,5,0,0
2025.05.01 05:00,23.33,23.38,23.33,23.33,4,0,0
2025.05.01 05:30,23.28,23.28,23.23,23.28,3,0,0
2025.05.01 05:45,23.23,23.28,23.23,23.28,4,0,0
2025.05.01 06:00,23.23,23.28,23.23,23.28,3,0,0
2025.05.01 06:15,23.33,23.33,23.33,23.33,1,0,0
2025.05.01 07:00,23.28,23.28,23.23,23.28,3,0,0
2025.05.01 07:15,23.33,23.33,23.28,23.28,2,0,0
2025.05.01 07:30,23.23,23.28,23.23,23.28,11,0,0
2025.05.01 07:45,23.33,23.38,23.33,23.38,2,0,0
2025.05.01 08:00,23.33,23.38,23.33,23.38,7,0,0
2025.05.01 08:15,23.33,23.38,23.33,23.33,4,0,0
2025.05.01 08:30,23.38,23.38,23.33,23.38,4,0,0
2025.05.01 08:45,23.43,23.43,23.43,23.43,1,0,0
2025.05.01 09:00,23.48,23.53,23.48,23.48,3,0,0
2025.05.01 09:15,23.53,23.53,23.43,23.43,3,0,0
2025.05.01 09:30,23.48,23.48,23.33,23.33,15,0,0
2025.05.01 09:45,23.38,23.38,23.33,23.33,8,0,0
2025.05.01 10:00,23.33,23.38,23.33,23.38,18,0,0
2025.05.01 10:15,23.33,23.38,23.28,23.28,8,0,0
2025.05.01 10:30,23.33,23.33,23.28,23.28,14,0,0
2025.05.01 10:45,23.23,23.23,23.23,23.23,1,0,0
2025.05.01 11:00,23.18,23.23,23.18,23.23,13,0,0
2025.05.01 11:15,23.28,23.28,23.23,23.23,15,0,0
2025.05.01 11:30,23.18,23.23,23.13,23.18,8,0,0
2025.05.01 11:45,23.13,23.18,23.13,23.18,3,0,0
2025.05.01 12:00,23.13,23.23,23.13,23.18,24,0,0
2025.05.01 12:15,23.18,23.23,23.18,23.23,7,0,0
2025.05.01 12:30,23.28,23.28,23.23,23.28,3,0,0
2025.05.01 12:45,23.28,23.33,23.28,23.28,23,0,0
2025.05.01 13:00,23.33,23.33,23.23,23.23,17,0,0
2025.05.01 13:15,23.28,23.38,23.23,23.38,27,0,0
2025.05.01 13:30,23.33,23.33,23.28,23.28,35,0,0
2025.05.01 13:45,23.23,23.28,23.08,23.18,13,0,0
2025.05.01 14:00,23.13,23.18,23.08,23.13,31,0,0
2025.05.01 14:15,23.08,23.23,23.08,23.18,27,0,0
2025.05.01 14:30,23.18,23.33,23.13,23.33,57,0,0
2025.05.01 14:45,23.28,23.38,23.28,23.38,19,0,0
2025.05.01 15:00,23.43,23.48,23.33,23.33,25,0,0
2025.05.01 15:15,23.28,23.33,23.18,23.18,22,0,0
2025.05.01 15:30,23.13,23.58,23.13,23.38,145,0,0
2025.05.01 15:45,23.43,23.53,23.28,23.53,65,0,0
2025.05.01 16:00,23.48,23.58,23.23,23.23,113,0,0
2025.05.01 16:15,23.18,23.28,23.13,23.23,32,0,0
2025.05.01 16:30,23.28,23.43,23.28,23.43,60,0,0
2025.05.01 16:45,23.38,23.43,23.33,23.33,53,0,0
2025.05.01 17:00,23.38,23.43,23.33,23.33,25,0,0
2025.05.01 17:15,23.28,23.38,23.28,23.28,45,0,0
2025.05.01 17:30,23.33,23.53,23.33,23.53,55,0,0
2025.05.01 17:45,23.58,23.73,23.48,23.63,88,0,0
2025.05.01 18:00,23.68,23.78,23.58,23.78,75,0,0
2025.05.01 18:15,23.83,23.93,23.68,23.73,114,0,0
2025.05.01 18:30,23.73,23.78,23.63,23.63,68,0,0
2025.05.01 18:45,23.68,23.78,23.63,23.73,64,0,0
2025.05.01 19:00,23.73,23.73,23.43,23.43,45,0,0
2025.05.01 19:15,23.48,23.48,23.38,23.43,58,0,0
2025.05.01 19:30,23.48,23.63,23.43,23.63,78,0,0
2025.05.01 19:45,23.68,23.68,23.53,23.53,49,0,0
2025.05.01 20:00,23.58,23.58,23.28,23.33,43,0,0
2025.05.01 20:15,23.28,23.38,23.23,23.28,47,0,0
2025.05.01 20:30,23.23,23.33,23.23,23.33,11,0,0
2025.05.01 20:45,23.28,23.38,23.28,23.33,40,0,0
2025.05.01 21:00,23.38,23.48,23.28,23.33,32,0,0
2025.05.01 21:15,23.38,23.38,23.28,23.28,11,0,0
2025.05.01 21:30,23.28,23.33,23.18,23.18,13,0,0
2025.05.01 21:45,23.13,23.53,23.13,23.48,44,0,0
2025.05.01 22:00,23.53,23.78,23.38,23.68,103,0,0
2025.05.01 22:15,23.63,23.63,23.53,23.58,25,0,0
2025.05.01 22:30,23.58,23.68,23.53,23.68,56,0,0
2025.05.01 22:45,23.68,23.73,23.63,23.7,31,0,0
2025.05.02 00:00,23.75,23.86,23.71,23.71,52,0,0
2025.05.02 00:15,23.66,23.76,23.66,23.76,6,0,0
2025.05.02 00:30,23.78,23.78,23.63,23.63,11,0,0
2025.05.02 00:45,23.68,23.68,23.63,23.68,8,0,0
2025.05.02 01:00,23.68,23.68,23.68,23.68,2,0,0
2025.05.02 01:15,23.63,23.63,23.58,23.58,5,0,0
2025.05.02 01:30,23.63,23.63,23.58,23.63,9,0,0
2025.05.02 01:45,23.68,23.73,23.63,23.73,22,0,0
2025.05.02 02:00,23.68,23.78,23.68,23.68,22,0,0
2025.05.02 02:15,23.63,23.68,23.33,23.38,30,0,0
2025.05.02 02:30,23.33,23.38,23.23,23.23,46,0,0
2025.05.02 02:45,23.18,23.18,23.08,23.13,27,0,0
2025.05.02 03:00,23.13,23.18,23.13,23.13,14,0,0
2025.05.02 03:15,23.18,23.18,22.98,23.08,25,0,0
2025.05.02 03:30,23.03,23.13,23.03,23.13,34,0,0
2025.05.02 03:45,23.08,23.18,23.08,23.18,3,0,0
2025.05.02 04:00,23.18,23.23,23.13,23.18,28,0,0
2025.05.02 04:15,23.23,23.23,23.13,23.18,10,0,0
2025.05.02 04:30,23.23,23.23,23.18,23.18,25,0,0
2025.05.02 04:45,23.18,23.23,23.13,23.18,10,0,0
2025.05.02 05:00,23.13,23.18,23.13,23.18,2,0,0
2025.05.02 05:15,23.13,23.18,23.13,23.18,4,0,0
2025.05.02 05:30,23.13,23.18,23.13,23.18,2,0,0
2025.05.02 06:00,23.13,23.23,23.13,23.18,10,0,0
2025.05.02 06:15,23.23,23.23,23.23,23.23,1,0,0
2025.05.02 06:30,23.18,23.23,23.18,23.18,4,0,0
2025.05.02 06:45,23.23,23.23,23.23,23.23,1,0,0
2025.05.02 07:00,23.18,23.28,23.18,23.23,6,0,0
2025.05.02 07:15,23.28,23.38,23.23,23.33,6,0,0
2025.05.02 07:30,23.38,23.38,23.38,23.38,1,0,0
2025.05.02 07:45,23.33,23.38,23.33,23.38,14,0,0
2025.05.02 08:00,23.33,23.48,23.33,23.43,19,0,0
2025.05.02 08:15,23.48,23.48,23.43,23.43,2,0,0
2025.05.02 08:30,23.43,23.48,23.43,23.43,25,0,0
2025.05.02 08:45,23.48,23.48,23.48,23.48,1,0,0
2025.05.02 09:00,23.43,23.43,23.38,23.38,53,0,0
2025.05.02 09:15,23.33,23.33,23.28,23.33,19,0,0
2025.05.02 09:30,23.38,23.38,23.33,23.38,3,0,0
2025.05.02 09:45,23.33,23.38,23.28,23.38,8,0,0
2025.05.02 10:00,23.38,23.43,23.33,23.33,12,0,0
2025.05.02 10:15,23.28,23.38,23.28,23.28,10,0,0
2025.05.02 10:30,23.28,23.33,23.28,23.33,2,0,0
2025.05.02 10:45,23.28,23.48,23.28,23.48,20,0,0
2025.05.02 11:00,23.53,23.53,23.38,23.38,12,0,0
2025.05.02 11:15,23.33,23.38,23.33,23.38,12,0,0
2025.05.02 11:30,23.38,23.43,23.33,23.33,25,0,0
2025.05.02 11:45,23.33,23.38,23.33,23.33,17,0,0
2025.05.02 12:00,23.38,23.38,23.33,23.33,6,0,0
2025.05.02 12:15,23.28,23.28,23.28,23.28,2,0,0
2025.05.02 12:30,23.33,23.38,23.28,23.38,33,0,0
2025.05.02 12:45,23.43,23.43,23.38,23.38,2,0,0
2025.05.02 13:00,23.43,23.43,23.38,23.38,2,0,0
2025.05.02 13:15,23.33,23.38,23.33,23.38,4,0,0
2025.05.02 13:30,23.43,23.48,23.43,23.43,5,0,0
2025.05.02 13:45,23.38,23.43,23.38,23.38,4,0,0
2025.05.02 14:00,23.43,23.43,23.38,23.38,9,0,0
2025.05.02 14:15,23.43,23.43,23.28,23.28,23,0,0
2025.05.02 14:30,23.28,23.28,22.88,23.03,74,0,0
2025.05.02 14:45,22.98,23.03,22.93,22.98,41,0,0
2025.05.02 15:00,22.93,22.98,22.93,22.93,11,0,0
2025.05.02 15:15,22.93,22.98,22.93,22.98,4,0,0
2025.05.02 15:30,23.03,23.03,22.88,22.93,60,0,0
2025.05.02 15:45,22.88,23.13,22.88,23.03,56,0,0
2025.05.02 16:00,23.08,23.08,22.73,22.73,54,0,0
2025.05.02 16:15,22.78,22.83,22.68,22.73,52,0,0
2025.05.02 16:30,22.78,22.83,22.73,22.83,30,0,0
2025.05.02 16:45,22.88,22.93,22.78,22.83,40,0,0
2025.05.02 17:00,22.83,22.98,22.83,22.88,53,0,0
2025.05.02 17:15,22.93,23.03,22.83,23.03,32,0,0
2025.05.02 17:30,22.98,22.98,22.83,22.88,43,0,0
2025.05.02 17:45,22.83,22.88,22.83,22.83,7,0,0
2025.05.02 18:00,22.78,22.78,22.68,22.73,66,0,0
2025.05.02 18:15,22.78,22.83,22.78,22.78,5,0,0
2025.05.02 18:30,22.73,22.78,22.68,22.68,8,0,0
2025.05.02 18:45,22.73,22.73,22.63,22.68,15,0,0
2025.05.02 19:00,22.73,22.78,22.63,22.73,28,0,0
2025.05.02 19:15,22.78,22.78,22.68,22.73,17,0,0
2025.05.02 19:30,22.68,22.73,22.68,22.68,9,0,0
2025.05.02 20:00,22.63,22.63,22.58,22.63,3,0,0
2025.05.02 20:15,22.58,22.63,22.58,22.58,16,0,0
2025.05.02 20:30,22.53,22.58,22.53,22.53,3,0,0
2025.05.02 20:45,22.48,22.63,22.48,22.53,23,0,0
2025.05.02 21:00,22.58,22.63,22.53,22.58,27,0,0
2025.05.02 21:15,22.53,22.53,22.48,22.53,5,0,0
2025.05.02 21:30,22.58,22.58,22.43,22.43,8,0,0
2025.05.02 21:45,22.48,22.53,22.33,22.43,39,0,0
2025.05.05 00:00,22.45,22.76,22.45,22.61,93,0,0
2025.05.05 00:15,22.56,22.66,22.56,22.66,21,0,0
2025.05.05 00:30,22.68,22.73,22.63,22.68,29,0,0
2025.05.05 00:45,22.68,22.73,22.68,22.73,7,0,0
2025.05.05 01:00,22.78,22.78,22.73,22.73,22,0,0
2025.05.05 01:15,22.73,22.78,22.73,22.78,12,0,0
2025.05.05 01:30,22.73,22.83,22.73,22.83,10,0,0
2025.05.05 01:45,22.83,22.93,22.83,22.83,17,0,0
2025.05.05 02:00,22.78,22.83,22.78,22.78,11,0,0
2025.05.05 02:15,22.83,22.83,22.78,22.78,12,0,0
2025.05.05 02:30,22.73,22.73,22.73,22.73,1,0,0
2025.05.05 02:45,22.68,22.73,22.68,22.73,4,0,0
2025.05.05 03:00,22.78,22.83,22.78,22.83,2,0,0
2025.05.05 03:15,22.88,22.88,22.83,22.88,4,0,0
2025.05.05 03:30,22.93,22.98,22.88,22.93,10,0,0
2025.05.05 03:45,22.98,23.03,22.88,22.98,31,0,0
2025.05.05 04:00,22.93,23.03,22.93,22.93,14,0,0
2025.05.05 04:15,22.93,22.98,22.93,22.93,3,0,0
2025.05.05 04:45,22.88,22.88,22.88,22.88,1,0,0
2025.05.05 05:00,22.93,22.93,22.88,22.88,3,0,0
2025.05.05 05:15,22.93,22.93,22.88,22.93,10,0,0
2025.05.05 05:30,22.88,22.93,22.78,22.83,10,0,0
2025.05.05 06:00,22.83,22.93,22.83,22.88,4,0,0
2025.05.05 06:15,22.93,22.93,22.88,22.88,2,0,0
2025.05.05 06:45,22.93,22.93,22.88,22.88,4,0,0
2025.05.05 07:00,22.83,22.88,22.78,22.83,10,0,0
2025.05.05 07:30,22.78,22.83,22.78,22.83,7,0,0
2025.05.05 07:45,22.83,22.88,22.83,22.83,4,0,0
2025.05.05 08:00,22.78,22.78,22.73,22.78,15,0,0
2025.05.05 08:15,22.73,22.78,22.68,22.68,21,0,0
2025.05.05 08:30,22.68,22.73,22.58,22.63,10,0,0
2025.05.05 08:45,22.68,22.78,22.68,22.78,5,0,0
2025.05.05 09:00,22.83,22.88,22.78,22.88,9,0,0
2025.05.05 09:15,22.93,22.98,22.83,22.83,14,0,0
2025.05.05 09:30,22.88,22.88,22.83,22.88,9,0,0
2025.05.05 09:45,22.83,22.88,22.73,22.83,23,0,0
2025.05.05 10:00,22.78,22.83,22.73,22.78,15,0,0
2025.05.05 10:15,22.73,22.83,22.73,22.78,22,0,0
2025.05.05 10:30,22.78,22.93,22.78,22.88,44,0,0
2025.05.05 10:45,22.88,23.08,22.88,22.98,8,0,0
2025.05.05 11:00,22.98,23.08,22.98,23.03,6,0,0
2025.05.05 11:15,22.98,22.98,22.93,22.93,10,0,0
2025.05.05 11:30,22.93,22.98,22.93,22.93,4,0,0
2025.05.05 11:45,22.93,22.98,22.93,22.93,29,0,0
2025.05.05 12:00,22.98,22.98,22.93,22.93,21,0,0
2025.05.05 12:15,22.88,22.93,22.88,22.88,21,0,0
2025.05.05 12:30,22.93,22.98,22.88,22.93,37,0,0
2025.05.05 12:45,22.98,23.03,22.88,22.88,27,0,0
2025.05.05 13:00,22.93,22.93,22.83,22.88,13,0,0
2025.05.05 13:15,22.93,22.93,22.88,22.93,16,0,0
2025.05.05 13:30,22.98,23.03,22.88,22.98,27,0,0
2025.05.05 13:45,22.93,22.98,22.93,22.98,8,0,0
2025.05.05 14:00,22.93,22.98,22.93,22.93,28,0,0
2025.05.05 14:15,22.98,22.98,22.98,22.98,1,0,0
2025.05.05 14:30,23.03,23.03,22.98,23.03,9,0,0
2025.05.05 14:45,23.08,23.08,23.03,23.03,2,0,0
2025.05.05 15:00,23.08,23.08,22.98,23.03,18,0,0
2025.05.05 15:15,23.08,23.08,22.88,22.93,21,0,0
2025.05.05 15:30,22.88,23.13,22.88,23.03,79,0,0
2025.05.05 15:45,23.08,23.18,22.88,22.88,89,0,0
2025.05.05 16:00,22.78,23.03,22.68,22.78,71,0,0
2025.05.05 16:15,22.83,22.83,22.68,22.73,61,0,0
2025.05.05 16:30,22.78,22.83,22.53,22.58,39,0,0
2025.05.05 16:45,22.53,22.63,22.48,22.48,26,0,0
2025.05.05 17:00,22.53,22.58,22.43,22.58,86,0,0
2025.05.05 17:15,22.63,22.63,22.53,22.63,38,0,0
2025.05.05 17:30,22.58,22.78,22.58,22.68,60,0,0
2025.05.05 17:45,22.63,22.73,22.63,22.68,27,0,0
2025.05.05 18:00,22.68,22.73,22.53,22.58,19,0,0
2025.05.05 18:15,22.53,22.58,22.48,22.48,23,0,0
2025.05.05 18:30,22.53,22.58,22.48,22.53,9,0,0
2025.05.05 18:45,22.58,22.63,22.48,22.63,18,0,0
2025.05.05 19:00,22.68,22.68,22.63,22.68,36,0,0
2025.05.05 19:15,22.73,22.73,22.63,22.68,55,0,0
2025.05.05 19:30,22.63,22.68,22.58,22.63,31,0,0
2025.05.05 19:45,22.58,22.63,22.53,22.63,13,0,0
2025.05.05 20:00,22.58,22.63,22.53,22.53,23,0,0
2025.05.05 20:15,22.58,22.63,22.53,22.58,11,0,0
2025.05.05 20:30,22.63,22.63,22.53,22.53,16,0,0
2025.05.05 20:45,22.53,22.63,22.53,22.63,19,0,0
2025.05.05 21:00,22.68,22.73,22.58,22.73,47,0,0
2025.05.05 21:15,22.68,22.83,22.68,22.78,35,0,0
2025.05.05 21:30,22.73,22.83,22.73,22.83,12,0,0
2025.05.05 21:45,22.88,23.13,22.88,23.03,74,0,0
2025.05.05 22:00,23.08,23.13,23.03,23.08,21,0,0
2025.05.05 22:15,23.13,23.13,23.08,23.13,9,0,0
2025.05.05 22:30,23.18,23.18,23.13,23.13,6,0,0
2025.05.05 22:45,23.15,23.15,23.15,23.15,1,0,0
2025.05.06 00:00,23.2,23.21,23.11,23.11,43,0,0
2025.05.06 00:15,23.11,23.11,23.11,23.11,3,0,0
2025.05.06 00:30,23.13,23.13,23.08,23.08,12,0,0
2025.05.06 00:45,23.13,23.13,23.08,23.08,14,0,0
2025.05.06 01:00,23.08,23.13,23.08,23.08,19,0,0
2025.05.06 01:15,23.08,23.08,23.08,23.08,1,0,0
2025.05.06 01:30,23.08,23.13,23.08,23.08,5,0,0
2025.05.06 01:45,23.13,23.13,23.08,23.08,16,0,0
2025.05.06 02:00,23.13,23.13,23.03,23.08,6,0,0
2025.05.06 02:15,23.08,23.18,23.08,23.13,6,0,0
2025.05.06 02:30,23.13,23.13,23.13,23.13,2,0,0
2025.05.06 03:15,23.08,23.08,23.08,23.08,3,0,0
2025.05.06 03:30,23.13,23.13,23.08,23.13,5,0,0
2025.05.06 03:45,23.18,23.18,23.13,23.13,2,0,0
2025.05.06 04:00,23.13,23.18,23.13,23.18,4,0,0
2025.05.06 04:15,23.23,23.23,23.18,23.18,5,0,0
2025.05.06 04:30,23.23,23.28,23.18,23.28,10,0,0
2025.05.06 04:45,23.23,23.23,23.23,23.23,1,0,0
2025.05.06 05:00,23.23,23.28,23.23,23.23,7,0,0
2025.05.06 05:15,23.18,23.18,23.18,23.18,1,0,0
2025.05.06 05:30,23.13,23.13,23.13,23.13,2,0,0
2025.05.06 06:00,23.18,23.18,23.13,23.18,3,0,0
2025.05.06 06:15,23.13,23.23,23.13,23.23,4,0,0
2025.05.06 07:00,23.28,23.28,23.23,23.28,17,0,0
2025.05.06 07:15,23.33,23.33,23.28,23.33,10,0,0
2025.05.06 07:30,23.28,23.33,23.28,23.33,6,0,0
2025.05.06 07:45,23.38,23.38,23.33,23.38,3,0,0
2025.05.06 08:00,23.33,23.38,23.28,23.28,29,0,0
2025.05.06 08:15,23.28,23.33,23.23,23.23,6,0,0
2025.05.06 08:30,23.18,23.23,23.18,23.18,4,0,0
2025.05.06 09:00,23.13,23.23,23.13,23.23,7,0,0
2025.05.06 09:15,23.28,23.28,23.23,23.28,3,0,0
2025.05.06 09:30,23.33,23.43,23.28,23.43,20,0,0
2025.05.06 09:45,23.38,23.43,23.33,23.43,11,0,0
2025.05.06 10:00,23.38,23.53,23.38,23.48,45,0,0
2025.05.06 10:15,23.53,23.68,23.48,23.68,39,0,0
2025.05.06 10:30,23.73,23.73,23.58,23.58,32,0,0
2025.05.06 10:45,23.63,23.63,23.58,23.58,21,0,0
2025.05.06 11:00,23.58,23.73,23.58,23.73,28,0,0
2025.05.06 11:15,23.73,23.78,23.73,23.73,6,0,0
2025.05.06 11:30,23.68,23.73,23.68,23.73,17,0,0
2025.05.06 11:45,23.73,23.78,23.63,23.63,13,0,0
2025.05.06 12:00,23.63,23.68,23.53,23.58,29,0,0
2025.05.06 12:15,23.53,23.53,23.48,23.48,27,0,0
2025.05.06 12:30,23.43,23.48,23.43,23.48,6,0,0
2025.05.06 12:45,23.53,23.53,23.48,23.48,16,0,0
2025.05.06 13:00,23.43,23.48,23.43,23.43,20,0,0
2025.05.06 13:15,23.48,23.63,23.48,23.63,29,0,0
2025.05.06 13:30,23.58,23.63,23.53,23.63,48,0,0
2025.05.06 13:45,23.58,23.73,23.58,23.63,24,0,0
2025.05.06 14:00,23.58,23.63,23.58,23.58,9,0,0
2025.05.06 14:15,23.58,23.68,23.58,23.63,16,0,0
2025.05.06 14:30,23.68,23.73,23.63,23.68,29,0,0
2025.05.06 14:45,23.73,23.73,23.53,23.58,16,0,0
2025.05.06 15:00,23.63,23.68,23.58,23.68,20,0,0
2025.05.06 15:15,23.68,23.78,23.68,23.73,13,0,0
2025.05.06 15:30,23.78,23.78,23.58,23.68,96,0,0
2025.05.06 15:45,23.73,24.18,23.63,23.98,94,0,0
2025.05.06 16:00,24.03,24.08,23.58,23.73,54,0,0
2025.05.06 16:15,23.68,23.73,23.43,23.48,101,0,0
2025.05.06 16:30,23.48,23.53,23.43,23.48,86,0,0
2025.05.06 16:45,23.43,23.53,23.38,23.43,35,0,0
2025.05.06 17:00,23.38,23.48,23.33,23.38,41,0,0
2025.05.06 17:15,23.33,23.43,23.23,23.28,40,0,0
2025.05.06 17:30,23.23,23.38,23.23,23.33,61,0,0
2025.05.06 17:45,23.38,23.43,23.28,23.43,76,0,0
2025.05.06 18:00,23.38,23.53,23.23,23.28,68,0,0
2025.05.06 18:15,23.28,23.53,23.28,23.48,105,0,0
2025.05.06 18:30,23.43,23.53,23.38,23.53,64,0,0
2025.05.06 18:45,23.58,23.78,23.53,23.78,57,0,0
2025.05.06 19:00,23.73,23.78,23.53,23.58,80,0,0
2025.05.06 19:15,23.53,23.73,23.48,23.63,51,0,0
2025.05.06 19:30,23.58,23.78,23.53,23.78,27,0,0
2025.05.06 19:45,23.73,23.83,23.73,23.78,29,0,0
2025.05.06 20:00,23.73,23.88,23.68,23.83,56,0,0
2025.05.06 20:15,23.88,23.88,23.63,23.68,42,0,0
2025.05.06 20:30,23.63,23.78,23.63,23.73,26,0,0
2025.05.06 20:45,23.68,23.78,23.63,23.63,50,0,0
2025.05.06 21:00,23.68,23.83,23.63,23.73,36,0,0
2025.05.06 21:15,23.68,23.83,23.68,23.73,21,0,0
2025.05.06 21:30,23.68,23.73,23.63,23.68,30,0,0
2025.05.06 21:45,23.63,24.03,23.63,24.03,37,0,0
2025.05.06 22:00,24.03,24.13,24.03,24.08,50,0,0
2025.05.06 22:15,24.13,24.38,24.08,24.38,35,0,0
2025.05.06 22:30,24.33,24.38,24.28,24.28,23,0,0
2025.05.06 22:45,24.33,24.35,24.23,24.35,6,0,0
2025.05.07 00:00,24.3,24.31,23.41,23.66,200,0,0
2025.05.07 00:15,23.61,23.61,23.41,23.41,108,0,0
2025.05.07 00:30,23.43,23.68,23.43,23.58,71,0,0
2025.05.07 00:45,23.58,23.58,23.53,23.53,48,0,0
2025.05.07 01:00,23.53,23.63,23.53,23.58,20,0,0
2025.05.07 01:15,23.53,23.53,23.48,23.53,3,0,0
2025.05.07 01:30,23.58,23.58,23.53,23.53,2,0,0
2025.05.07 01:45,23.58,23.58,23.53,23.53,13,0,0
2025.05.07 02:00,23.53,23.73,23.53,23.68,39,0,0
2025.05.07 02:15,23.63,23.68,23.48,23.48,55,0,0
2025.05.07 02:30,23.43,23.53,23.43,23.48,23,0,0
2025.05.07 02:45,23.43,23.48,23.43,23.48,6,0,0
2025.05.07 03:00,23.43,23.48,23.43,23.48,13,0,0
2025.05.07 03:15,23.53,23.53,23.48,23.48,2,0,0
2025.05.07 03:30,23.53,23.58,23.48,23.53,13,0,0
2025.05.07 03:45,23.58,23.58,23.48,23.53,14,0,0
2025.05.07 04:00,23.58,23.63,23.53,23.63,13,0,0
2025.05.07 04:15,23.58,23.73,23.58,23.68,18,0,0
2025.05.07 04:30,23.73,23.78,23.68,23.78,11,0,0
2025.05.07 04:45,23.73,23.78,23.73,23.73,12,0,0
2025.05.07 05:00,23.68,23.73,23.63,23.63,14,0,0
2025.05.07 05:15,23.68,23.68,23.63,23.63,3,0,0
2025.05.07 05:30,23.58,23.63,23.58,23.63,6,0,0
2025.05.07 05:45,23.58,23.68,23.58,23.68,10,0,0
2025.05.07 06:00,23.63,23.68,23.58,23.58,15,0,0
2025.05.07 06:15,23.58,23.63,23.58,23.63,20,0,0
2025.05.07 06:30,23.58,23.63,23.58,23.63,5,0,0
2025.05.07 06:45,23.68,23.68,23.63,23.63,3,0,0
2025.05.07 07:00,23.63,23.68,23.63,23.68,6,0,0
2025.05.07 07:15,23.73,23.73,23.73,23.73,1,0,0
2025.05.07 07:30,23.68,23.73,23.68,23.73,8,0,0
2025.05.07 07:45,23.68,23.73,23.68,23.73,4,0,0
2025.05.07 08:00,23.68,23.73,23.63,23.68,11,0,0
2025.05.07 08:15,23.73,23.73,23.68,23.73,6,0,0
2025.05.07 08:30,23.78,23.78,23.63,23.68,10,0,0
2025.05.07 08:45,23.63,23.63,23.63,23.63,1,0,0
2025.05.07 09:00,23.58,23.63,23.58,23.58,5,0,0
2025.05.07 09:15,23.53,23.53,23.48,23.53,12,0,0
2025.05.07 09:30,23.48,23.58,23.48,23.53,4,0,0
2025.05.07 09:45,23.48,23.53,23.43,23.48,5,0,0
2025.05.07 10:00,23.43,23.58,23.43,23.58,13,0,0
2025.05.07 10:15,23.53,23.53,23.53,23.53,1,0,0
2025.05.07 10:30,23.48,23.58,23.48,23.58,17,0,0
2025.05.07 10:45,23.63,23.63,23.53,23.53,8,0,0
2025.05.07 11:00,23.58,23.58,23.53,23.58,3,0,0
2025.05.07 11:15,23.53,23.63,23.53,23.58,9,0,0
2025.05.07 11:30,23.58,23.63,23.58,23.58,4,0,0
2025.05.07 11:45,23.53,23.58,23.53,23.58,9,0,0
2025.05.07 12:00,23.58,23.63,23.53,23.53,9,0,0
2025.05.07 12:15,23.53,23.58,23.53,23.58,25,0,0
2025.05.07 12:30,23.53,23.58,23.53,23.53,14,0,0
2025.05.07 12:45,23.58,23.58,23.53,23.58,24,0,0
2025.05.07 13:00,23.53,23.58,23.43,23.48,10,0,0
2025.05.07 13:15,23.43,23.53,23.43,23.48,16,0,0
2025.05.07 13:30,23.53,23.63,23.48,23.58,19,0,0
2025.05.07 13:45,23.53,23.58,23.53,23.58,6,0,0
2025.05.07 14:00,23.53,23.73,23.53,23.68,32,0,0
2025.05.07 14:15,23.73,23.73,23.63,23.68,42,0,0
2025.05.07 14:30,23.73,23.73,23.63,23.68,42,0,0
2025.05.07 14:45,23.63,23.68,23.63,23.68,11,0,0
2025.05.07 15:00,23.73,23.88,23.73,23.78,25,0,0
2025.05.07 15:15,23.73,23.78,23.68,23.68,31,0,0
2025.05.07 15:30,23.73,23.88,23.63,23.68,95,0,0
2025.05.07 15:45,23.73,23.88,23.53,23.53,86,0,0
2025.05.07 16:00,23.58,23.58,23.43,23.48,55,0,0
2025.05.07 16:15,23.43,23.53,23.43,23.43,84,0,0
2025.05.07 16:30,23.38,23.48,23.38,23.38,41,0,0
2025.05.07 16:45,23.43,23.73,23.43,23.63,73,0,0
2025.05.07 17:00,23.68,23.83,23.58,23.78,91,0,0
2025.05.07 17:15,23.73,23.78,23.58,23.58,82,0,0
2025.05.07 17:30,23.63,23.68,23.48,23.48,91,0,0
2025.05.07 17:45,23.43,23.63,23.43,23.43,87,0,0
2025.05.07 18:00,23.48,23.48,23.38,23.38,88,0,0
2025.05.07 18:15,23.43,23.53,23.33,23.53,106,0,0
2025.05.07 18:30,23.48,23.53,23.33,23.33,81,0,0
2025.05.07 18:45,23.28,23.33,23.23,23.28,35,0,0
2025.05.07 19:00,23.23,23.28,23.23,23.23,14,0,0
2025.05.07 19:15,23.23,23.33,23.23,23.23,15,0,0
2025.05.07 19:30,23.28,23.38,23.23,23.33,48,0,0
2025.05.07 19:45,23.38,23.73,23.33,23.63,136,0,0
2025.05.07 20:00,23.68,24.08,23.38,24.03,163,0,0
2025.05.07 20:15,24.08,24.18,23.68,23.73,105,0,0
2025.05.07 20:30,23.73,23.78,23.38,23.48,108,0,0
2025.05.07 20:45,23.43,23.78,23.28,23.33,160,0,0
2025.05.07 21:00,23.38,23.48,23.33,23.43,103,0,0
2025.05.07 21:15,23.38,23.78,23.33,23.73,85,0,0
2025.05.07 21:30,23.78,23.83,23.13,23.28,108,0,0
2025.05.07 21:45,23.23,23.63,23.18,23.28,167,0,0
2025.05.07 22:00,23.23,23.33,23.18,23.28,60,0,0
2025.05.07 22:15,23.28,23.38,23.28,23.38,9,0,0
2025.05.07 22:30,23.33,23.38,23.33,23.38,4,0,0
2025.05.07 22:45,23.33,23.4,23.33,23.35,11,0,0
2025.05.08 00:00,23.4,23.41,23.36,23.36,29,0,0
2025.05.08 00:15,23.36,23.41,23.36,23.36,4,0,0
2025.05.08 00:30,23.38,23.38,23.33,23.33,2,0,0
2025.05.08 00:45,23.38,23.38,23.33,23.38,11,0,0
2025.05.08 01:00,23.33,23.38,23.33,23.33,8,0,0
2025.05.08 01:30,23.28,23.33,23.28,23.33,2,0,0
2025.05.08 02:00,23.28,23.33,23.23,23.33,17,0,0
2025.05.08 02:15,23.38,23.38,23.28,23.28,7,0,0
2025.05.08 02:30,23.28,23.43,23.28,23.38,21,0,0
2025.05.08 02:45,23.38,23.43,23.08,23.13,41,0,0
2025.05.08 03:00,23.13,23.18,22.98,23.08,45,0,0
2025.05.08 03:15,23.03,23.08,22.98,23.03,30,0,0
2025.05.08 03:30,22.98,23.08,22.98,23.03,21,0,0
2025.05.08 03:45,23.08,23.13,23.03,23.13,29,0,0
2025.05.08 04:00,23.08,23.13,23.08,23.08,17,0,0
2025.05.08 04:15,23.03,23.08,23.03,23.03,15,0,0
2025.05.08 05:00,22.98,22.98,22.98,22.98,1,0,0
2025.05.08 05:15,22.93,22.93,22.88,22.88,3,0,0
2025.05.08 05:30,22.93,22.93,22.88,22.88,9,0,0
2025.05.08 06:00,22.83,22.83,22.83,22.83,1,0,0
2025.05.08 06:15,22.88,22.88,22.83,22.83,4,0,0
2025.05.08 06:30,22.78,22.83,22.78,22.78,5,0,0
2025.05.08 06:45,22.83,22.83,22.78,22.83,6,0,0
2025.05.08 07:15,22.88,22.88,22.83,22.83,2,0,0
2025.05.08 07:30,22.88,22.93,22.88,22.88,3,0,0
2025.05.08 07:45,22.88,22.93,22.88,22.88,3,0,0
2025.05.08 08:00,22.88,22.93,22.88,22.93,18,0,0
2025.05.08 08:15,22.88,22.93,22.88,22.88,4,0,0
2025.05.08 08:30,22.88,22.93,22.78,22.78,8,0,0
2025.05.08 08:45,22.83,22.83,22.78,22.83,4,0,0
2025.05.08 09:00,22.88,22.88,22.78,22.83,44,0,0
2025.05.08 09:15,22.78,22.83,22.78,22.78,3,0,0
2025.05.08 09:30,22.78,22.83,22.78,22.78,14,0,0
2025.05.08 09:45,22.73,22.83,22.73,22.78,22,0,0
2025.05.08 10:00,22.73,22.78,22.68,22.73,8,0,0
2025.05.08 10:15,22.68,22.73,22.63,22.63,12,0,0
2025.05.08 10:30,22.58,22.63,22.58,22.63,14,0,0
2025.05.08 10:45,22.58,22.58,22.58,22.58,1,0,0
2025.05.08 11:15,22.53,22.58,22.53,22.58,2,0,0
2025.05.08 11:30,22.53,22.53,22.48,22.48,3,0,0
2025.05.08 11:45,22.53,22.53,22.48,22.53,4,0,0
2025.05.08 12:00,22.53,22.53,22.48,22.48,15,0,0
2025.05.08 12:15,22.53,22.53,22.48,22.53,12,0,0
2025.05.08 12:45,22.48,22.53,22.48,22.48,19,0,0
2025.05.08 13:00,22.53,22.53,22.48,22.53,5,0,0
2025.05.08 13:15,22.58,22.58,22.53,22.58,3,0,0
2025.05.08 13:30,22.53,22.63,22.53,22.63,7,0,0
2025.05.08 13:45,22.58,22.63,22.58,22.58,3,0,0
2025.05.08 14:00,22.63,22.63,22.53,22.58,24,0,0
2025.05.08 14:15,22.53,22.58,22.53,22.58,27,0,0
2025.05.08 14:30,22.53,22.78,22.48,22.73,49,0,0
2025.05.08 14:45,22.68,22.68,22.63,22.68,10,0,0
2025.05.08 15:00,22.68,22.78,22.68,22.78,3,0,0
2025.05.08 15:15,22.73,22.78,22.68,22.73,22,0,0
2025.05.08 15:30,22.68,22.83,22.58,22.63,57,0,0
2025.05.08 15:45,22.68,22.83,22.63,22.73,60,0,0
2025.05.08 16:00,22.68,22.93,22.63,22.83,78,0,0
2025.05.08 16:15,22.78,22.88,22.48,22.58,43,0,0
2025.05.08 16:30,22.53,22.63,22.38,22.58,60,0,0
2025.05.08 16:45,22.53,22.93,22.53,22.83,121,0,0
2025.05.08 17:00,22.88,22.88,22.58,22.58,114,0,0
2025.05.08 17:15,22.53,22.58,22.18,22.28,50,0,0
2025.05.08 17:30,22.23,22.33,21.93,21.93,80,0,0
2025.05.08 17:45,21.88,22.03,21.83,21.98,49,0,0
2025.05.08 18:00,22.03,22.03,21.88,21.88,8,0,0
2025.05.08 18:15,21.93,21.98,21.88,21.93,19,0,0
2025.05.08 18:30,21.93,21.98,21.93,21.98,47,0,0
2025.05.08 18:45,21.93,21.98,21.93,21.98,4,0,0
2025.05.08 19:00,22.03,22.08,21.98,22.03,14,0,0
2025.05.08 19:15,21.98,22.13,21.98,22.08,27,0,0
2025.05.08 19:30,22.13,22.23,22.08,22.13,33,0,0
2025.05.08 19:45,22.18,22.38,22.13,22.33,44,0,0
2025.05.08 20:00,22.38,22.38,22.18,22.18,54,0,0
2025.05.08 20:15,22.13,22.13,22.03,22.08,36,0,0
2025.05.08 20:30,22.03,22.03,21.98,21.98,5,0,0
2025.05.08 20:45,22.03,22.08,21.98,22.03,32,0,0
2025.05.08 21:00,22.08,22.08,21.98,21.98,24,0,0
2025.05.08 21:15,22.03,22.03,21.83,21.93,43,0,0
2025.05.08 21:30,21.98,22.08,21.93,22.03,21,0,0
2025.05.08 21:45,22.08,22.33,22.03,22.18,85,0,0
2025.05.08 22:00,22.23,22.23,22.13,22.23,24,0,0
2025.05.08 22:15,22.18,22.28,22.18,22.23,7,0,0
2025.05.08 22:45,22.25,22.3,22.25,22.3,2,0,0
2025.05.09 00:00,22.2,22.26,22.16,22.21,34,0,0
2025.05.09 00:30,22.23,22.28,22.23,22.23,7,0,0
2025.05.09 01:00,22.23,22.23,22.23,22.23,2,0,0
2025.05.09 01:15,22.28,22.28,22.23,22.28,6,0,0
2025.05.09 01:30,22.23,22.33,22.23,22.28,7,0,0
2025.05.09 01:45,22.28,22.33,22.28,22.28,7,0,0
2025.05.09 02:00,22.28,22.38,22.28,22.38,19,0,0
2025.05.09 02:15,22.33,22.43,22.33,22.43,12,0,0
2025.05.09 02:30,22.38,22.48,22.33,22.33,7,0,0
2025.05.09 02:45,22.38,22.38,22.33,22.33,9,0,0
2025.05.09 03:00,22.28,22.33,22.28,22.28,8,0,0
2025.05.09 03:15,22.28,22.33,22.23,22.23,6,0,0
2025.05.09 03:30,22.28,22.28,22.23,22.28,3,0,0
2025.05.09 04:00,22.23,22.28,22.23,22.23,9,0,0
2025.05.09 04:15,22.18,22.18,22.18,22.18,1,0,0
2025.05.09 04:30,22.13,22.13,22.13,22.13,3,0,0
2025.05.09 04:45,22.13,22.23,22.13,22.23,6,0,0
2025.05.09 05:00,22.28,22.33,22.18,22.23,13,0,0
2025.05.09 05:15,22.18,22.23,22.18,22.23,3,0,0
2025.05.09 05:45,22.18,22.18,22.13,22.18,4,0,0
2025.05.09 06:00,22.13,22.18,22.13,22.18,6,0,0
2025.05.09 06:15,22.18,22.18,22.18,22.18,2,0,0
2025.05.09 06:45,22.13,22.13,22.13,22.13,1,0,0
2025.05.09 07:00,22.18,22.18,22.13,22.13,2,0,0
2025.05.09 07:15,22.08,22.13,22.08,22.13,5,0,0
2025.05.09 07:30,22.08,22.08,22.03,22.08,3,0,0
2025.05.09 07:45,22.03,22.08,22.03,22.03,8,0,0
2025.05.09 08:00,21.98,22.03,21.98,22.03,2,0,0
2025.05.09 08:15,22.08,22.08,22.03,22.03,2,0,0
2025.05.09 08:30,22.08,22.13,22.03,22.08,7,0,0
2025.05.09 08:45,22.03,22.08,22.03,22.03,22,0,0
2025.05.09 09:00,22.03,22.08,21.98,22.03,25,0,0
2025.05.09 09:15,22.08,22.08,21.98,21.98,29,0,0
2025.05.09 09:30,22.03,22.03,21.93,21.98,6,0,0
2025.05.09 09:45,22.03,22.13,21.98,22.13,10,0,0
2025.05.09 10:00,22.18,22.18,22.13,22.18,9,0,0
2025.05.09 10:15,22.23,22.23,22.08,22.13,25,0,0
2025.05.09 10:30,22.18,22.18,22.18,22.18,1,0,0
2025.05.09 10:45,22.13,22.18,22.13,22.18,4,0,0
2025.05.09 11:00,22.13,22.18,22.13,22.13,4,0,0
2025.05.09 11:15,22.08,22.13,22.08,22.13,10,0,0
2025.05.09 11:30,22.08,22.08,22.08,22.08,1,0,0
2025.05.09 11:45,22.13,22.13,22.08,22.08,7,0,0
2025.05.09 12:00,22.03,22.08,22.03,22.03,6,0,0
2025.05.09 12:45,21.98,22.03,21.98,22.03,2,0,0
2025.05.09 13:00,21.98,21.98,21.93,21.93,6,0,0
2025.05.09 13:15,21.98,22.28,21.78,22.03,53,0,0
2025.05.09 13:30,22.03,22.08,21.88,21.88,66,0,0
2025.05.09 13:45,21.83,21.98,21.83,21.93,13,0,0
2025.05.09 14:00,21.98,21.98,21.88,21.98,11,0,0
2025.05.09 14:15,21.98,22.03,21.98,21.98,10,0,0
2025.05.09 14:30,22.03,22.03,21.83,21.88,45,0,0
2025.05.09 14:45,21.83,21.88,21.83,21.88,2,0,0
2025.05.09 15:00,21.83,21.93,21.83,21.93,20,0,0
2025.05.09 15:15,21.93,22.03,21.93,22.03,8,0,0
2025.05.09 15:30,21.98,21.98,21.78,21.83,20,0,0
2025.05.09 15:45,21.78,21.88,21.73,21.73,44,0,0
2025.05.09 16:00,21.68,21.73,21.63,21.68,21,0,0
2025.05.09 16:15,21.73,22.03,21.68,21.93,51,0,0
2025.05.09 16:30,21.88,22.18,21.83,21.98,85,0,0
2025.05.09 16:45,22.03,22.08,21.93,21.98,58,0,0
2025.05.09 17:00,22.03,22.03,21.88,21.98,48,0,0
2025.05.09 17:15,21.93,22.08,21.93,21.98,56,0,0
2025.05.09 17:30,22.03,22.03,21.88,21.88,25,0,0
2025.05.09 17:45,21.93,21.93,21.73,21.73,47,0,0
2025.05.09 18:00,21.78,21.98,21.73,21.88,69,0,0
2025.05.09 18:15,21.93,21.93,21.83,21.93,57,0,0
2025.05.09 18:30,21.88,21.98,21.88,21.98,39,0,0
2025.05.09 18:45,22.03,22.08,21.98,22.08,67,0,0
2025.05.09 19:00,22.03,22.08,21.98,22.08,39,0,0
2025.05.09 19:15,22.03,22.13,21.93,21.98,52,0,0
2025.05.09 19:30,22.03,22.08,21.83,21.83,19,0,0
2025.05.09 19:45,21.88,21.88,21.78,21.78,6,0,0
2025.05.09 20:00,21.83,21.83,21.78,21.78,16,0,0
2025.05.09 20:15,21.83,21.93,21.78,21.93,46,0,0
2025.05.09 20:30,21.88,21.88,21.83,21.88,13,0,0
2025.05.09 20:45,21.83,21.88,21.78,21.78,17,0,0
2025.05.09 21:00,21.73,21.78,21.73,21.78,4,0,0
2025.05.09 21:15,21.83,21.83,21.78,21.83,24,0,0
2025.05.09 21:30,21.88,21.93,21.83,21.83,33,0,0
2025.05.09 21:45,21.88,21.93,21.83,21.93,44,0,0
2025.05.12 00:00,21.6,21.6,21.06,21.11,97,0,0
2025.05.12 00:15,21.11,21.26,21.11,21.21,45,0,0
2025.05.12 00:30,21.23,21.28,21.18,21.23,24,0,0
2025.05.12 00:45,21.18,21.18,21.18,21.18,1,0,0
2025.05.12 01:00,21.13,21.13,21.08,21.13,3,0,0
2025.05.12 01:15,21.08,21.13,21.03,21.03,4,0,0
2025.05.12 01:30,21.08,21.08,21.03,21.03,2,0,0
2025.05.12 01:45,20.98,21.13,20.98,21.13,5,0,0
2025.05.12 02:00,21.08,21.13,21.03,21.03,12,0,0
2025.05.12 02:15,21.03,21.03,20.83,20.88,16,0,0
2025.05.12 02:30,20.93,20.93,20.88,20.88,9,0,0
2025.05.12 02:45,20.83,20.83,20.83,20.83,1,0,0
2025.05.12 03:00,20.88,20.88,20.78,20.78,6,0,0
2025.05.12 03:30,20.73,20.78,20.73,20.78,2,0,0
2025.05.12 04:15,20.73,20.78,20.73,20.78,12,0,0
2025.05.12 04:30,20.83,20.83,20.83,20.83,1,0,0
2025.05.12 06:30,20.78,20.83,20.78,20.78,10,0,0
2025.05.12 07:30,20.73,20.78,20.73,20.78,12,0,0
2025.05.12 07:45,20.73,20.78,20.73,20.78,3,0,0
2025.05.12 08:00,20.73,20.73,20.73,20.73,2,0,0
2025.05.12 08:15,20.78,20.78,20.68,20.68,10,0,0
2025.05.12 08:30,20.68,20.73,20.68,20.68,8,0,0
2025.05.12 09:00,20.63,20.63,20.13,20.18,131,0,0
2025.05.12 09:15,20.13,20.23,19.98,19.98,48,0,0
2025.05.12 09:30,20.03,20.23,19.98,20.23,35,0,0
2025.05.12 09:45,20.18,20.38,20.18,20.28,49,0,0
2025.05.12 10:00,20.38,20.38,20.18,20.28,32,0,0
2025.05.12 10:15,20.23,20.28,20.18,20.23,47,0,0
2025.05.12 10:30,20.28,20.28,20.18,20.18,7,0,0
2025.05.12 10:45,20.13,20.18,20.03,20.08,35,0,0
2025.05.12 11:00,20.13,20.13,20.03,20.03,13,0,0
2025.05.12 11:15,20.08,20.08,20.03,20.08,16,0,0
2025.05.12 11:30,20.03,20.08,20.03,20.03,3,0,0
2025.05.12 11:45,19.98,20.03,19.98,20.03,8,0,0
2025.05.12 12:00,20.08,20.08,20.08,20.08,1,0,0
2025.05.12 12:15,20.03,20.03,20.03,20.03,1,0,0
2025.05.12 12:30,19.98,20.03,19.98,20.03,6,0,0
2025.05.12 12:45,20.08,20.08,19.98,19.98,6,0,0
2025.05.12 13:00,20.03,20.03,19.78,19.88,22,0,0
2025.05.12 13:15,19.93,19.93,19.93,19.93,1,0,0
2025.05.12 13:30,19.98,20.03,19.88,19.93,18,0,0
2025.05.12 13:45,19.88,19.98,19.88,19.93,26,0,0
2025.05.12 14:00,19.88,19.93,19.88,19.88,13,0,0
2025.05.12 14:15,19.83,19.83,19.83,19.83,1,0,0
2025.05.12 14:30,19.78,19.88,19.78,19.83,9,0,0
2025.05.12 14:45,19.88,19.88,19.83,19.88,5,0,0
2025.05.12 15:00,19.83,19.83,19.73,19.78,24,0,0
2025.05.12 15:15,19.73,19.73,19.53,19.58,9,0,0
2025.05.12 15:30,19.63,19.68,19.33,19.43,76,0,0
2025.05.12 15:45,19.48,19.48,19.33,19.38,55,0,0
2025.05.12 16:00,19.43,19.43,19.18,19.23,19,0,0
2025.05.12 16:15,19.18,19.48,19.13,19.43,47,0,0
2025.05.12 16:30,19.48,19.58,19.33,19.33,62,0,0
2025.05.12 16:45,19.28,19.33,19.23,19.33,35,0,0
2025.05.12 17:00,19.28,19.33,19.18,19.23,41,0,0
2025.05.12 17:15,19.18,19.33,19.13,19.23,28,0,0
2025.05.12 17:30,19.18,19.23,19.08,19.13,14,0,0
2025.05.12 17:45,19.18,19.23,19.08,19.18,46,0,0
2025.05.12 18:00,19.13,19.18,19.08,19.08,15,0,0
2025.05.12 18:15,19.13,19.13,18.93,18.93,9,0,0
2025.05.12 18:30,18.88,18.88,18.88,18.88,1,0,0
2025.05.12 18:45,18.83,18.88,18.83,18.88,4,0,0
2025.05.12 19:00,18.83,18.93,18.78,18.88,17,0,0
2025.05.12 19:30,18.83,18.88,18.83,18.88,2,0,0
2025.05.12 19:45,18.83,18.83,18.78,18.83,7,0,0
2025.05.12 20:00,18.78,18.78,18.73,18.73,11,0,0
2025.05.12 20:15,18.68,18.73,18.63,18.63,9,0,0
2025.05.12 20:30,18.58,18.58,18.58,18.58,1,0,0
2025.05.12 20:45,18.53,18.63,18.53,18.58,12,0,0
2025.05.12 21:00,18.63,18.73,18.58,18.68,9,0,0
2025.05.12 21:15,18.73,18.73,18.63,18.68,8,0,0
2025.05.12 21:30,18.73,18.73,18.58,18.58,6,0,0
2025.05.12 21:45,18.63,18.63,18.43,18.48,10,0,0
2025.05.12 22:00,18.43,18.48,18.38,18.48,6,0,0
2025.05.12 22:15,18.53,18.53,18.48,18.48,4,0,0
2025.05.12 22:45,18.5,18.5,18.5,18.5,1,0,0
2025.05.13 00:00,18.6,18.6,18.41,18.46,3,0,0
2025.05.13 00:15,18.46,18.51,18.46,18.51,3,0,0
2025.05.13 00:30,18.53,18.58,18.53,18.53,20,0,0
2025.05.13 00:45,18.58,18.58,18.53,18.58,3,0,0
2025.05.13 01:00,18.53,18.53,18.48,18.48,9,0,0
2025.05.13 01:15,18.43,18.48,18.43,18.48,3,0,0
2025.05.13 01:30,18.48,18.53,18.48,18.53,4,0,0
2025.05.13 01:45,18.58,18.58,18.58,18.58,1,0,0
2025.05.13 02:00,18.63,18.68,18.58,18.63,20,0,0
2025.05.13 02:15,18.63,18.68,18.63,18.63,9,0,0
2025.05.13 02:30,18.68,18.68,18.63,18.63,9,0,0
2025.05.13 02:45,18.63,18.68,18.63,18.68,6,0,0
2025.05.13 03:00,18.63,18.68,18.63,18.63,21,0,0
2025.05.13 03:15,18.68,18.68,18.63,18.68,3,0,0
2025.05.13 03:30,18.68,18.73,18.68,18.73,11,0,0
2025.05.13 03:45,18.68,18.73,18.68,18.73,6,0,0
2025.05.13 04:00,18.68,18.73,18.68,18.68,9,0,0
2025.05.13 04:15,18.73,18.73,18.68,18.73,17,0,0
2025.05.13 04:45,18.68,18.73,18.68,18.73,5,0,0
2025.05.13 05:00,18.68,18.73,18.68,18.73,2,0,0
2025.05.13 05:15,18.73,18.78,18.73,18.78,2,0,0
2025.05.13 05:30,18.73,18.73,18.73,18.73,1,0,0
2025.05.13 06:00,18.78,18.78,18.73,18.73,10,0,0
2025.05.13 06:15,18.73,18.78,18.73,18.78,6,0,0
2025.05.13 06:30,18.78,18.83,18.73,18.73,4,0,0
2025.05.13 07:15,18.78,18.78,18.73,18.78,8,0,0
2025.05.13 07:30,18.73,18.78,18.73,18.78,2,0,0
2025.05.13 07:45,18.73,18.73,18.73,18.73,1,0,0
2025.05.13 08:00,18.68,18.73,18.68,18.68,8,0,0
2025.05.13 08:30,18.73,18.73,18.73,18.73,1,0,0
2025.05.13 08:45,18.78,18.88,18.78,18.88,6,0,0
2025.05.13 09:00,18.83,18.88,18.78,18.78,14,0,0
2025.05.13 09:15,18.73,18.83,18.73,18.78,4,0,0
2025.05.13 09:30,18.73,18.83,18.73,18.78,14,0,0
2025.05.13 09:45,18.78,18.83,18.78,18.83,8,0,0
2025.05.13 10:00,18.83,18.98,18.83,18.93,5,0,0
2025.05.13 10:15,18.88,18.88,18.78,18.83,16,0,0
2025.05.13 10:30,18.88,18.88,18.78,18.83,8,0,0
2025.05.13 10:45,18.88,18.88,18.83,18.88,3,0,0
2025.05.13 11:00,18.83,18.88,18.83,18.83,14,0,0
2025.05.13 11:15,18.78,18.78,18.78,18.78,1,0,0
2025.05.13 11:45,18.73,18.78,18.73,18.73,4,0,0
2025.05.13 12:00,18.78,18.78,18.73,18.73,2,0,0
2025.05.13 12:45,18.68,18.73,18.68,18.73,3,0,0
2025.05.13 13:00,18.68,18.68,18.68,18.68,1,0,0
2025.05.13 13:15,18.63,18.73,18.63,18.73,3,0,0
2025.05.13 13:30,18.68,18.68,18.53,18.53,7,0,0
2025.05.13 13:45,18.58,18.58,18.53,18.53,4,0,0
2025.05.13 14:00,18.48,18.53,18.48,18.53,4,0,0
2025.05.13 14:15,18.48,18.53,18.43,18.43,24,0,0
2025.05.13 14:30,18.38,18.38,18.13,18.38,68,0,0
2025.05.13 14:45,18.33,18.38,18.28,18.28,12,0,0
2025.05.13 15:00,18.23,18.23,18.08,18.08,11,0,0
2025.05.13 15:15,18.03,18.13,18.03,18.08,21,0,0
2025.05.13 15:30,18.13,18.13,17.93,17.98,37,0,0
2025.05.13 15:45,18.03,18.03,17.83,17.88,8,0,0
2025.05.13 16:00,17.83,17.93,17.73,17.78,12,0,0
2025.05.13 16:15,17.73,17.98,17.73,17.88,19,0,0
2025.05.13 16:30,17.93,18.13,17.88,18.08,20,0,0
2025.05.13 16:45,18.03,18.08,17.93,17.93,17,0,0
2025.05.13 17:00,17.98,18.08,17.93,18.03,25,0,0
2025.05.13 17:15,17.98,18.03,17.98,18.03,4,0,0
2025.05.13 17:30,18.08,18.08,18.03,18.08,13,0,0
2025.05.13 17:45,18.03,18.13,18.03,18.08,6,0,0
2025.05.13 18:00,18.13,18.13,18.08,18.08,16,0,0
2025.05.13 18:15,18.03,18.03,18.03,18.03,1,0,0
2025.05.13 18:30,18.08,18.08,17.98,17.98,5,0,0
2025.05.13 19:00,17.93,17.98,17.93,17.98,2,0,0
2025.05.13 19:15,17.93,17.98,17.93,17.98,2,0,0
2025.05.13 19:30,18.03,18.03,18.03,18.03,1,0,0
2025.05.13 19:45,18.08,18.08,18.08,18.08,1,0,0
2025.05.13 20:00,18.13,18.13,18.08,18.08,6,0,0
2025.05.13 20:15,18.03,18.03,17.98,17.98,8,0,0
2025.05.13 20:30,17.93,17.98,17.93,17.98,4,0,0
2025.05.13 21:00,18.03,18.03,18.03,18.03,1,0,0
2025.05.13 21:15,18.08,18.13,18.03,18.13,8,0,0
2025.05.13 21:30,18.18,18.18,18.18,18.18,1,0,0
2025.05.13 21:45,18.23,18.38,18.18,18.38,24,0,0
2025.05.13 22:00,18.33,18.48,18.33,18.43,11,0,0
2025.05.13 22:15,18.48,18.48,18.48,18.48,1,0,0
2025.05.13 22:45,18.5,18.5,18.5,18.5,1,0,0
2025.05.14 00:00,18.55,18.61,18.46,18.56,13,0,0
2025.05.14 00:15,18.51,18.56,18.51,18.51,3,0,0
2025.05.14 00:30,18.53,18.53,18.53,18.53,2,0,0
2025.05.14 01:00,18.48,18.48,18.48,18.48,2,0,0
2025.05.14 01:15,18.43,18.43,18.43,18.43,2,0,0
2025.05.14 01:30,18.38,18.43,18.38,18.38,7,0,0
2025.05.14 02:00,18.43,18.48,18.43,18.48,2,0,0
2025.05.14 02:15,18.53,18.53,18.48,18.48,9,0,0
2025.05.14 03:00,18.53,18.53,18.53,18.53,1,0,0
2025.05.14 03:15,18.48,18.48,18.48,18.48,1,0,0
2025.05.14 03:30,18.43,18.43,18.43,18.43,1,0,0
2025.05.14 03:45,18.43,18.48,18.43,18.48,6,0,0
2025.05.14 04:00,18.53,18.53,18.53,18.53,1,0,0
2025.05.14 04:45,18.58,18.58,18.58,18.58,1,0,0
2025.05.14 05:00,18.53,18.53,18.48,18.48,3,0,0
2025.05.14 05:45,18.53,18.53,18.48,18.48,2,0,0
2025.05.14 06:30,18.43,18.43,18.43,18.43,1,0,0
2025.05.14 07:15,18.48,18.48,18.48,18.48,1,0,0
2025.05.14 07:30,18.43,18.48,18.43,18.43,3,0,0
2025.05.14 08:00,18.38,18.43,18.38,18.43,2,0,0
2025.05.14 08:15,18.38,18.38,18.33,18.33,2,0,0
2025.05.14 08:30,18.38,18.43,18.33,18.38,5,0,0
2025.05.14 08:45,18.38,18.43,18.28,18.28,9,0,0
2025.05.14 09:00,18.23,18.28,18.23,18.23,9,0,0
2025.05.14 09:15,18.28,18.38,18.28,18.38,5,0,0
2025.05.14 09:30,18.33,18.38,18.33,18.38,8,0,0
2025.05.14 09:45,18.33,18.38,18.28,18.28,8,0,0
2025.05.14 10:00,18.33,18.38,18.28,18.28,16,0,0
2025.05.14 10:15,18.33,18.33,18.28,18.33,6,0,0
2025.05.14 10:30,18.38,18.38,18.33,18.33,2,0,0
2025.05.14 10:45,18.28,18.33,18.23,18.28,7,0,0
2025.05.14 11:00,18.33,18.43,18.28,18.43,18,0,0
2025.05.14 11:15,18.38,18.43,18.33,18.38,27,0,0
2025.05.14 11:30,18.33,18.43,18.33,18.43,8,0,0
2025.05.14 11:45,18.48,18.48,18.48,18.48,1,0,0
2025.05.14 12:00,18.53,18.53,18.48,18.53,3,0,0
2025.05.14 12:15,18.48,18.53,18.48,18.48,6,0,0
2025.05.14 12:30,18.43,18.48,18.43,18.43,30,0,0
2025.05.14 12:45,18.43,18.48,18.43,18.43,6,0,0
2025.05.14 13:00,18.38,18.38,18.33,18.33,20,0,0
2025.05.14 13:15,18.38,18.38,18.33,18.33,7,0,0
2025.05.14 13:30,18.38,18.38,18.33,18.38,7,0,0
2025.05.14 13:45,18.33,18.38,18.33,18.33,7,0,0
2025.05.14 14:00,18.28,18.33,18.28,18.28,3,0,0
2025.05.14 14:15,18.23,18.28,18.23,18.28,2,0,0
2025.05.14 14:30,18.23,18.33,18.23,18.33,24,0,0
2025.05.14 14:45,18.28,18.28,18.28,18.28,1,0,0
2025.05.14 15:00,18.33,18.33,18.23,18.28,4,0,0
2025.05.14 15:15,18.33,18.33,18.33,18.33,1,0,0
2025.05.14 15:30,18.33,18.48,18.23,18.48,30,0,0
2025.05.14 15:45,18.53,18.68,18.43,18.53,53,0,0
2025.05.14 16:00,18.58,18.68,18.53,18.58,37,0,0
2025.05.14 16:15,18.63,18.63,18.48,18.48,16,0,0
2025.05.14 16:30,18.43,18.53,18.43,18.53,53,0,0
2025.05.14 16:45,18.48,18.53,18.43,18.48,20,0,0
2025.05.14 17:00,18.53,18.68,18.48,18.53,54,0,0
2025.05.14 17:15,18.58,18.58,18.43,18.48,31,0,0
2025.05.14 17:30,18.53,18.58,18.48,18.48,4,0,0
2025.05.14 17:45,18.53,18.63,18.48,18.58,11,0,0
2025.05.14 18:00,18.53,18.58,18.53,18.58,2,0,0
2025.05.14 18:15,18.53,18.58,18.53,18.58,2,0,0
2025.05.14 18:30,18.53,18.63,18.48,18.58,25,0,0
2025.05.14 18:45,18.63,18.63,18.53,18.58,27,0,0
2025.05.14 19:00,18.63,18.73,18.58,18.68,39,0,0
2025.05.14 19:15,18.68,18.88,18.68,18.78,36,0,0
2025.05.14 19:30,18.73,18.78,18.53,18.53,29,0,0
2025.05.14 19:45,18.58,18.58,18.43,18.43,35,0,0
2025.05.14 20:00,18.38,18.38,18.28,18.33,14,0,0
2025.05.14 20:15,18.28,18.43,18.28,18.38,24,0,0
2025.05.14 20:30,18.33,18.38,18.23,18.23,7,0,0
2025.05.14 20:45,18.28,18.33,18.23,18.28,39,0,0
2025.05.14 21:00,18.28,18.38,18.28,18.33,25,0,0
2025.05.14 21:15,18.38,18.53,18.33,18.48,36,0,0
2025.05.14 21:30,18.53,18.63,18.48,18.58,17,0,0
2025.05.14 21:45,18.63,18.68,18.58,18.68,20,0,0
2025.05.14 22:00,18.68,18.78,18.68,18.73,17,0,0
2025.05.14 22:45,18.75,18.75,18.75,18.75,1,0,0
2025.05.15 00:00,18.71,18.86,18.71,18.81,17,0,0
2025.05.15 00:15,18.81,18.81,18.76,18.76,9,0,0
2025.05.15 00:30,18.78,18.78,18.78,18.78,1,0,0
2025.05.15 00:45,18.73,18.73,18.58,18.63,11,0,0
2025.05.15 01:00,18.68,18.73,18.68,18.73,2,0,0
2025.05.15 01:15,18.78,18.78,18.78,18.78,1,0,0
2025.05.15 01:30,18.73,18.73,18.73,18.73,1,0,0
2025.05.15 01:45,18.68,18.73,18.68,18.73,4,0,0
2025.05.15 02:00,18.68,18.68,18.68,18.68,1,0,0
2025.05.15 02:15,18.73,18.73,18.68,18.68,2,0,0
2025.05.15 02:45,18.68,18.73,18.68,18.73,2,0,0
2025.05.15 03:00,18.68,18.73,18.68,18.73,3,0,0
2025.05.15 03:15,18.78,18.78,18.78,18.78,1,0,0
2025.05.15 03:30,18.83,18.83,18.78,18.78,4,0,0
2025.05.15 03:45,18.78,18.78,18.78,18.78,2,0,0
2025.05.15 04:30,18.73,18.73,18.73,18.73,1,0,0
2025.05.15 04:45,18.78,18.78,18.78,18.78,1,0,0
2025.05.15 05:45,18.73,18.73,18.73,18.73,2,0,0
2025.05.15 07:00,18.73,18.78,18.73,18.78,2,0,0
2025.05.15 07:15,18.83,18.83,18.78,18.83,3,0,0
2025.05.15 07:30,18.88,18.88,18.83,18.88,10,0,0
2025.05.15 07:45,18.83,18.88,18.83,18.88,4,0,0
2025.05.15 08:00,18.83,18.83,18.78,18.78,2,0,0
2025.05.15 08:15,18.73,18.78,18.73,18.78,2,0,0
2025.05.15 08:30,18.83,18.83,18.78,18.83,7,0,0
2025.05.15 09:00,18.78,18.93,18.78,18.93,13,0,0
2025.05.15 09:15,18.98,18.98,18.83,18.88,16,0,0
2025.05.15 09:30,18.83,18.93,18.83,18.88,20,0,0
2025.05.15 09:45,18.93,18.98,18.88,18.98,23,0,0
2025.05.15 10:00,18.93,18.98,18.88,18.93,14,0,0
2025.05.15 10:15,18.88,18.93,18.88,18.88,7,0,0
2025.05.15 10:30,18.93,19.03,18.88,19.03,9,0,0
2025.05.15 10:45,18.98,19.13,18.98,19.08,10,0,0
2025.05.15 11:00,19.03,19.13,19.03,19.13,14,0,0
2025.05.15 11:15,19.08,19.13,19.03,19.03,14,0,0
2025.05.15 11:30,19.03,19.08,19.03,19.03,8,0,0
2025.05.15 11:45,19.08,19.08,19.03,19.03,15,0,0
2025.05.15 12:00,19.08,19.08,19.03,19.03,14,0,0
2025.05.15 12:15,19.08,19.08,19.03,19.03,2,0,0
2025.05.15 12:30,19.03,19.08,19.03,19.03,14,0,0
2025.05.15 12:45,19.03,19.08,18.98,18.98,11,0,0
2025.05.15 13:00,18.93,18.98,18.93,18.93,6,0,0
2025.05.15 13:15,18.98,18.98,18.88,18.88,13,0,0
2025.05.15 13:30,18.93,18.93,18.88,18.88,6,0,0
2025.05.15 13:45,18.93,18.93,18.88,18.88,6,0,0
2025.05.15 14:00,18.88,18.98,18.88,18.98,3,0,0
2025.05.15 14:15,18.98,19.03,18.98,18.98,8,0,0
2025.05.15 14:30,18.93,19.03,18.78,18.78,16,0,0
2025.05.15 14:45,18.83,18.93,18.83,18.83,14,0,0
2025.05.15 15:00,18.78,18.83,18.78,18.78,8,0,0
2025.05.15 15:15,18.83,18.83,18.73,18.78,13,0,0
2025.05.15 15:30,18.73,19.03,18.68,18.88,58,0,0
2025.05.15 15:45,18.83,19.08,18.83,18.88,79,0,0
2025.05.15 16:00,18.83,19.03,18.78,18.88,42,0,0
2025.05.15 16:15,18.93,18.98,18.73,18.88,36,0,0
2025.05.15 16:30,18.83,18.88,18.63,18.73,43,0,0
2025.05.15 16:45,18.68,18.78,18.68,18.68,51,0,0
2025.05.15 17:00,18.63,18.63,18.53,18.53,21,0,0
2025.05.15 17:15,18.48,18.63,18.48,18.58,8,0,0
2025.05.15 17:30,18.53,18.63,18.53,18.58,7,0,0
2025.05.15 17:45,18.53,18.63,18.53,18.58,21,0,0
2025.05.15 18:00,18.63,18.63,18.58,18.63,7,0,0
2025.05.15 18:15,18.58,18.68,18.58,18.58,7,0,0
2025.05.15 18:30,18.63,18.63,18.53,18.53,6,0,0
2025.05.15 19:00,18.48,18.48,18.38,18.43,6,0,0
2025.05.15 19:15,18.38,18.43,18.28,18.38,7,0,0
2025.05.15 19:30,18.43,18.43,18.23,18.28,7,0,0
2025.05.15 19:45,18.33,18.38,18.28,18.38,30,0,0
2025.05.15 20:00,18.43,18.43,18.33,18.38,7,0,0
2025.05.15 20:15,18.43,18.43,18.38,18.38,11,0,0
2025.05.15 20:30,18.33,18.38,18.33,18.38,11,0,0
2025.05.15 20:45,18.33,18.38,18.23,18.33,16,0,0
2025.05.15 21:00,18.28,18.28,18.23,18.28,25,0,0
2025.05.15 21:15,18.23,18.33,18.23,18.33,32,0,0
2025.05.15 21:30,18.28,18.28,18.23,18.28,3,0,0
2025.05.15 21:45,18.23,18.28,18.08,18.13,15,0,0
2025.05.15 22:00,18.18,18.18,18.13,18.13,6,0,0
2025.05.15 22:15,18.08,18.13,18.08,18.13,7,0,0
2025.05.15 22:45,18.15,18.15,18.15,18.15,1,0,0
2025.05.16 00:00,19.36,19.36,19.31,19.36,3,0,0
2025.05.16 00:30,19.38,19.38,19.33,19.33,12,0,0
2025.05.16 00:45,19.33,19.38,19.33,19.38,6,0,0
2025.05.16 01:30,19.33,19.33,19.33,19.33,2,0,0
2025.05.16 01:45,19.33,19.38,19.33,19.38,4,0,0
2025.05.16 02:00,19.33,19.38,19.33,19.33,14,0,0
2025.05.16 02:15,19.33,19.38,19.33,19.38,5,0,0
2025.05.16 02:30,19.33,19.38,19.33,19.38,4,0,0
2025.05.16 02:45,19.38,19.43,19.38,19.43,2,0,0
2025.05.16 04:15,19.38,19.38,19.38,19.38,2,0,0
2025.05.16 08:00,19.33,19.33,19.33,19.33,1,0,0
2025.05.16 09:15,19.28,19.28,19.23,19.23,3,0,0
2025.05.16 09:45,19.18,19.23,19.18,19.23,2,0,0
2025.05.16 10:00,19.18,19.23,19.18,19.18,4,0,0
2025.05.16 10:30,19.13,19.18,19.13,19.18,4,0,0
2025.05.16 12:30,19.13,19.13,19.13,19.13,1,0,0
2025.05.16 12:45,19.18,19.18,19.18,19.18,1,0,0
2025.05.16 13:00,19.13,19.18,19.13,19.18,2,0,0
2025.05.16 13:15,19.13,19.18,19.13,19.18,7,0,0
2025.05.16 13:45,19.13,19.13,19.13,19.13,1,0,0
2025.05.16 14:30,19.08,19.18,19.08,19.13,16,0,0
2025.05.16 14:45,19.18,19.18,19.18,19.18,1,0,0
2025.05.16 15:15,19.23,19.23,19.18,19.18,2,0,0
2025.05.16 15:30,19.23,19.33,19.23,19.28,12,0,0
2025.05.16 15:45,19.23,19.23,19.18,19.18,2,0,0
2025.05.16 16:00,19.28,19.28,19.18,19.28,13,0,0
2025.05.16 16:15,19.23,19.23,19.18,19.23,36,0,0
2025.05.16 16:30,19.28,19.43,19.23,19.43,16,0,0
2025.05.16 16:45,19.38,19.38,19.28,19.28,29,0,0
2025.05.16 17:00,19.23,19.28,19.23,19.23,5,0,0
2025.05.16 17:15,19.23,19.28,19.18,19.23,28,0,0
2025.05.16 17:30,19.18,19.23,19.13,19.13,12,0,0
2025.05.16 17:45,19.18,19.18,19.13,19.18,16,0,0
2025.05.16 18:00,19.13,19.13,19.08,19.08,4,0,0
2025.05.16 18:15,19.13,19.13,19.08,19.13,3,0,0
2025.05.16 18:30,19.08,19.13,19.08,19.13,2,0,0
2025.05.16 18:45,19.08,19.13,19.08,19.13,13,0,0
2025.05.16 19:00,19.08,19.13,19.08,19.08,3,0,0
2025.05.16 19:15,19.03,19.18,19.03,19.18,8,0,0
2025.05.16 19:45,19.23,19.33,19.23,19.33,9,0,0
2025.05.16 20:00,19.28,19.33,19.28,19.28,6,0,0
2025.05.16 20:15,19.23,19.23,19.18,19.18,2,0,0
2025.05.16 20:30,19.23,19.23,19.18,19.23,18,0,0
2025.05.16 21:00,19.28,19.33,19.23,19.33,7,0,0
2025.05.16 21:15,19.38,19.43,19.33,19.43,7,0,0
2025.05.16 21:30,19.38,19.43,19.38,19.38,5,0,0
2025.05.16 21:45,19.33,19.38,19.28,19.28,12,0,0
2025.05.19 00:00,19.75,20.11,19.75,20.11,79,0,0
2025.05.19 00:15,20.11,20.11,19.96,20.01,19,0,0
2025.05.19 00:30,20.03,20.03,19.93,20.03,22,0,0
2025.05.19 00:45,19.98,19.98,19.88,19.88,10,0,0
2025.05.19 01:00,19.88,19.98,19.88,19.98,10,0,0
2025.05.19 01:15,19.93,19.93,19.93,19.93,2,0,0
2025.05.19 01:30,19.88,19.88,19.88,19.88,1,0,0
2025.05.19 01:45,19.93,19.98,19.93,19.98,4,0,0
2025.05.19 02:00,20.03,20.08,20.03,20.03,22,0,0
2025.05.19 02:15,20.08,20.08,19.98,20.08,21,0,0
2025.05.19 02:30,20.13,20.13,20.08,20.13,7,0,0
2025.05.19 02:45,20.18,20.18,20.08,20.08,10,0,0
2025.05.19 03:15,20.03,20.08,20.03,20.03,12,0,0
2025.05.19 03:30,20.03,20.08,20.03,20.08,5,0,0
2025.05.19 03:45,20.03,20.08,20.03,20.08,2,0,0
2025.05.19 04:00,20.08,20.08,20.08,20.08,2,0,0
2025.05.19 04:30,20.03,20.03,20.03,20.03,1,0,0
2025.05.19 04:45,20.03,20.08,20.03,20.08,6,0,0
2025.05.19 05:00,20.13,20.13,20.13,20.13,1,0,0
2025.05.19 05:15,20.18,20.18,20.13,20.18,6,0,0
2025.05.19 05:30,20.23,20.28,20.18,20.28,4,0,0
2025.05.19 05:45,20.23,20.28,20.23,20.28,23,0,0
2025.05.19 06:00,20.23,20.28,20.18,20.18,27,0,0
2025.05.19 06:15,20.23,20.23,20.18,20.18,13,0,0
2025.05.19 06:45,20.23,20.23,20.23,20.23,3,0,0
2025.05.19 07:15,20.18,20.23,20.18,20.23,8,0,0
2025.05.19 07:30,20.18,20.23,20.18,20.18,5,0,0
2025.05.19 07:45,20.23,20.23,20.18,20.23,7,0,0
2025.05.19 08:00,20.18,20.23,20.18,20.18,5,0,0
2025.05.19 08:15,20.18,20.23,20.18,20.23,9,0,0
2025.05.19 08:30,20.23,20.28,20.23,20.28,17,0,0
2025.05.19 08:45,20.33,20.38,20.28,20.33,16,0,0
2025.05.19 09:00,20.38,20.38,20.13,20.18,41,0,0
2025.05.19 09:15,20.23,20.23,20.13,20.18,28,0,0
2025.05.19 09:30,20.13,20.18,20.08,20.18,27,0,0
2025.05.19 09:45,20.13,20.18,20.08,20.18,16,0,0
2025.05.19 10:00,20.13,20.23,20.13,20.23,26,0,0
2025.05.19 10:15,20.23,20.33,20.23,20.33,22,0,0
2025.05.19 10:30,20.33,20.43,20.33,20.38,43,0,0
2025.05.19 10:45,20.38,20.43,20.33,20.33,12,0,0
2025.05.19 11:00,20.33,20.43,20.33,20.38,8,0,0
2025.05.19 11:15,20.33,20.33,20.28,20.28,3,0,0
2025.05.19 11:30,20.28,20.33,20.28,20.33,6,0,0
2025.05.19 11:45,20.33,20.33,20.33,20.33,2,0,0
2025.05.19 12:00,20.38,20.43,20.38,20.38,14,0,0
2025.05.19 12:15,20.43,20.43,20.28,20.33,15,0,0
2025.05.19 12:30,20.33,20.33,20.23,20.23,10,0,0
2025.05.19 12:45,20.23,20.28,20.18,20.28,11,0,0
2025.05.19 13:00,20.23,20.23,20.18,20.18,3,0,0
2025.05.19 13:15,20.18,20.18,20.13,20.18,9,0,0
2025.05.19 13:30,20.23,20.23,20.18,20.18,11,0,0
2025.05.19 13:45,20.13,20.13,20.13,20.13,1,0,0
2025.05.19 14:00,20.08,20.13,20.08,20.08,18,0,0
2025.05.19 14:15,20.08,20.18,20.08,20.13,24,0,0
2025.05.19 14:30,20.13,20.18,20.08,20.08,30,0,0
2025.05.19 14:45,20.08,20.08,20.03,20.08,17,0,0
2025.05.19 15:00,20.03,20.18,20.03,20.13,21,0,0
2025.05.19 15:15,20.13,20.23,20.13,20.13,54,0,0
2025.05.19 15:30,20.18,20.18,19.83,19.83,19,0,0
2025.05.19 15:45,19.88,19.93,19.83,19.83,14,0,0
2025.05.19 16:00,19.78,19.88,19.63,19.68,35,0,0
2025.05.19 16:15,19.63,19.78,19.58,19.73,17,0,0
2025.05.19 16:30,19.78,19.78,19.63,19.68,5,0,0
2025.05.19 16:45,19.63,19.73,19.63,19.68,11,0,0
2025.05.19 17:00,19.63,19.73,19.63,19.68,11,0,0
2025.05.19 17:15,19.63,19.68,19.63,19.68,13,0,0
2025.05.19 17:30,19.63,19.63,19.53,19.58,6,0,0
2025.05.19 17:45,19.53,19.63,19.53,19.63,7,0,0
2025.05.19 18:00,19.58,19.63,19.58,19.58,5,0,0
2025.05.19 18:15,19.53,19.53,19.43,19.43,6,0,0
2025.05.19 18:30,19.48,19.53,19.48,19.53,2,0,0
2025.05.19 18:45,19.48,19.53,19.43,19.48,11,0,0
2025.05.19 19:00,19.43,19.48,19.43,19.43,3,0,0
2025.05.19 19:15,19.48,19.48,19.38,19.43,8,0,0
2025.05.19 19:30,19.48,19.48,19.43,19.48,16,0,0
2025.05.19 19:45,19.43,19.48,19.43,19.43,8,0,0
2025.05.19 20:00,19.48,19.48,19.38,19.48,14,0,0
2025.05.19 20:15,19.53,19.58,19.53,19.53,11,0,0
2025.05.19 20:30,19.58,19.58,19.48,19.53,31,0,0
2025.05.19 20:45,19.48,19.48,19.48,19.48,1,0,0
2025.05.19 21:00,19.53,19.58,19.48,19.53,20,0,0
2025.05.19 21:15,19.58,19.68,19.58,19.63,6,0,0
2025.05.19 21:30,19.58,19.63,19.58,19.58,8,0,0
2025.05.19 21:45,19.53,19.58,19.53,19.53,5,0,0
2025.05.19 22:00,19.58,19.58,19.58,19.58,1,0,0
2025.05.19 22:30,19.53,19.58,19.53,19.53,3,0,0
2025.05.19 22:45,19.55,19.55,19.55,19.55,1,0,0
2025.05.20 00:00,19.6,19.6,19.51,19.56,9,0,0
2025.05.20 00:15,19.51,19.56,19.51,19.56,12,0,0
2025.05.20 00:30,19.58,19.58,19.58,19.58,1,0,0
2025.05.20 00:45,19.63,19.63,19.63,19.63,1,0,0
2025.05.20 01:30,19.58,19.63,19.53,19.58,5,0,0
2025.05.20 01:45,19.58,19.63,19.58,19.63,9,0,0
2025.05.20 02:00,19.58,19.58,19.58,19.58,5,0,0
2025.05.20 02:15,19.58,19.63,19.58,19.63,2,0,0
2025.05.20 02:30,19.63,19.68,19.63,19.63,4,0,0
2025.05.20 02:45,19.63,19.68,19.63,19.68,6,0,0
2025.05.20 03:00,19.68,19.78,19.68,19.78,18,0,0
2025.05.20 03:15,19.78,19.83,19.78,19.78,6,0,0
2025.05.20 03:30,19.83,19.83,19.78,19.78,2,0,0
2025.05.20 03:45,19.83,19.83,19.78,19.78,5,0,0
2025.05.20 04:00,19.73,19.78,19.73,19.78,2,0,0
2025.05.20 04:15,19.83,19.83,19.78,19.83,8,0,0
2025.05.20 04:30,19.88,19.88,19.83,19.83,5,0,0
2025.05.20 04:45,19.83,19.83,19.83,19.83,2,0,0
2025.05.20 05:00,19.83,19.88,19.83,19.88,3,0,0
2025.05.20 06:15,19.93,19.93,19.88,19.93,5,0,0
2025.05.20 06:30,19.88,19.93,19.88,19.88,3,0,0
2025.05.20 07:00,19.83,19.83,19.78,19.78,10,0,0
2025.05.20 07:15,19.73,19.78,19.73,19.78,2,0,0
2025.05.20 07:30,19.73,19.78,19.73,19.78,4,0,0
2025.05.20 07:45,19.83,19.88,19.78,19.88,10,0,0
2025.05.20 08:15,19.83,19.83,19.83,19.83,2,0,0
2025.05.20 08:30,19.78,19.78,19.73,19.78,7,0,0
2025.05.20 08:45,19.73,19.78,19.73,19.78,6,0,0
2025.05.20 09:00,19.73,19.78,19.73,19.73,6,0,0
2025.05.20 09:15,19.68,19.73,19.68,19.68,13,0,0
2025.05.20 09:30,19.63,19.73,19.63,19.68,6,0,0
2025.05.20 09:45,19.73,19.73,19.63,19.68,7,0,0
2025.05.20 10:00,19.63,19.73,19.63,19.68,7,0,0
2025.05.20 10:15,19.73,19.73,19.63,19.68,8,0,0
2025.05.20 10:30,19.63,19.68,19.63,19.68,3,0,0
2025.05.20 10:45,19.63,19.68,19.63,19.68,5,0,0
2025.05.20 11:00,19.68,19.68,19.63,19.68,4,0,0
2025.05.20 11:15,19.63,19.68,19.63,19.68,2,0,0
2025.05.20 11:30,19.63,19.68,19.63,19.68,20,0,0
2025.05.20 12:00,19.63,19.68,19.63,19.63,7,0,0
2025.05.20 12:30,19.63,19.68,19.63,19.63,3,0,0
2025.05.20 12:45,19.58,19.58,19.58,19.58,1,0,0
2025.05.20 13:00,19.53,19.53,19.53,19.53,1,0,0
2025.05.20 14:45,19.48,19.53,19.48,19.48,14,0,0
2025.05.20 15:15,19.43,19.48,19.43,19.48,6,0,0
2025.05.20 15:30,19.43,19.58,19.43,19.58,22,0,0
2025.05.20 15:45,19.53,19.68,19.53,19.63,31,0,0
2025.05.20 16:00,19.68,19.83,19.63,19.83,26,0,0
2025.05.20 16:15,19.78,19.83,19.73,19.83,48,0,0
2025.05.20 16:30,19.78,19.83,19.63,19.63,14,0,0
2025.05.20 16:45,19.63,19.73,19.63,19.73,33,0,0
2025.05.20 17:00,19.78,19.78,19.63,19.63,25,0,0
2025.05.20 17:15,19.58,19.63,19.58,19.58,5,0,0
2025.05.20 17:30,19.53,19.58,19.48,19.58,12,0,0
2025.05.20 17:45,19.53,19.58,19.43,19.43,18,0,0
2025.05.20 18:00,19.48,19.53,19.43,19.53,23,0,0
2025.05.20 18:15,19.48,19.53,19.43,19.48,8,0,0
2025.05.20 18:30,19.43,19.48,19.33,19.33,10,0,0
2025.05.20 18:45,19.38,19.38,19.33,19.38,3,0,0
2025.05.20 19:00,19.33,19.38,19.28,19.33,7,0,0
2025.05.20 19:15,19.38,19.38,19.33,19.33,10,0,0
2025.05.20 19:30,19.38,19.48,19.38,19.43,22,0,0
2025.05.20 19:45,19.48,19.48,19.43,19.43,8,0,0
2025.05.20 20:00,19.38,19.43,19.38,19.43,9,0,0
2025.05.20 20:15,19.48,19.68,19.43,19.68,20,0,0
2025.05.20 20:30,19.73,19.78,19.63,19.68,36,0,0
2025.05.20 20:45,19.63,19.73,19.63,19.68,14,0,0
2025.05.20 21:00,19.73,19.83,19.63,19.63,47,0,0
2025.05.20 21:15,19.68,19.68,19.58,19.63,42,0,0
2025.05.20 21:30,19.58,19.58,19.48,19.53,11,0,0
2025.05.20 21:45,19.48,19.53,19.38,19.38,9,0,0
2025.05.20 22:00,19.43,19.43,19.38,19.38,6,0,0
2025.05.20 22:15,19.33,19.33,19.33,19.33,1,0,0
2025.05.20 22:45,19.38,19.38,19.3,19.35,13,0,0
2025.05.21 00:00,19.3,19.56,19.26,19.51,87,0,0
2025.05.21 00:15,19.46,19.51,19.41,19.41,21,0,0
2025.05.21 00:30,19.48,19.48,19.43,19.43,22,0,0
2025.05.21 00:45,19.43,19.48,19.43,19.43,17,0,0
2025.05.21 01:45,19.38,19.38,19.38,19.38,2,0,0
2025.05.21 02:00,19.38,19.43,19.38,19.38,7,0,0
2025.05.21 02:15,19.38,19.43,19.38,19.38,3,0,0
2025.05.21 02:30,19.33,19.38,19.33,19.38,8,0,0
2025.05.21 02:45,19.33,19.38,19.33,19.38,5,0,0
2025.05.21 03:00,19.43,19.43,19.38,19.38,2,0,0
2025.05.21 03:15,19.38,19.43,19.38,19.43,7,0,0
2025.05.21 03:30,19.38,19.38,19.38,19.38,4,0,0
2025.05.21 04:00,19.38,19.43,19.38,19.38,8,0,0
2025.05.21 04:15,19.38,19.43,19.38,19.43,3,0,0
2025.05.21 04:30,19.38,19.38,19.38,19.38,1,0,0
2025.05.21 05:00,19.33,19.33,19.33,19.33,2,0,0
2025.05.21 06:15,19.38,19.38,19.38,19.38,1,0,0
2025.05.21 06:45,19.43,19.43,19.38,19.38,3,0,0
2025.05.21 07:00,19.33,19.33,19.33,19.33,3,0,0
2025.05.21 07:15,19.33,19.38,19.33,19.38,2,0,0
2025.05.21 07:30,19.38,19.38,19.38,19.38,3,0,0
2025.05.21 07:45,19.43,19.48,19.43,19.48,2,0,0
2025.05.21 08:00,19.53,19.53,19.48,19.53,27,0,0
2025.05.21 08:15,19.53,19.58,19.48,19.53,20,0,0
2025.05.21 08:30,19.48,19.63,19.48,19.58,8,0,0
2025.05.21 08:45,19.63,19.63,19.58,19.63,11,0,0
2025.05.21 09:00,19.58,19.63,19.53,19.58,15,0,0
2025.05.21 09:15,19.63,19.68,19.58,19.63,7,0,0
2025.05.21 09:30,19.68,19.68,19.58,19.58,4,0,0
2025.05.21 09:45,19.53,19.53,19.53,19.53,1,0,0
2025.05.21 10:00,19.58,19.58,19.53,19.58,16,0,0
2025.05.21 10:15,19.63,19.63,19.53,19.53,12,0,0
2025.05.21 10:30,19.53,19.68,19.53,19.63,22,0,0
2025.05.21 11:00,19.58,19.68,19.58,19.63,7,0,0
2025.05.21 11:15,19.68,19.68,19.68,19.68,1,0,0
2025.05.21 11:30,19.73,19.83,19.73,19.83,16,0,0
2025.05.21 11:45,19.88,19.88,19.78,19.88,18,0,0
2025.05.21 12:00,19.83,19.93,19.83,19.88,31,0,0
2025.05.21 12:15,19.88,19.98,19.88,19.93,12,0,0
2025.05.21 12:30,19.88,19.88,19.78,19.78,26,0,0
2025.05.21 12:45,19.73,19.78,19.73,19.78,2,0,0
2025.05.21 13:00,19.73,19.78,19.73,19.73,10,0,0
2025.05.21 13:15,19.68,19.68,19.63,19.63,2,0,0
2025.05.21 13:30,19.68,19.68,19.63,19.63,10,0,0
2025.05.21 13:45,19.63,19.68,19.63,19.68,14,0,0
2025.05.21 14:00,19.73,19.78,19.68,19.73,17,0,0
2025.05.21 14:15,19.68,19.73,19.63,19.68,24,0,0
2025.05.21 14:30,19.73,19.78,19.73,19.78,4,0,0
2025.05.21 14:45,19.73,19.78,19.73,19.73,41,0,0
2025.05.21 15:00,19.73,19.88,19.73,19.88,9,0,0
2025.05.21 15:15,19.83,19.88,19.78,19.83,26,0,0
2025.05.21 15:30,19.88,19.93,19.78,19.83,39,0,0
2025.05.21 15:45,19.88,19.88,19.73,19.83,34,0,0
2025.05.21 16:00,19.78,19.83,19.68,19.78,55,0,0
2025.05.21 16:15,19.73,19.78,19.68,19.73,24,0,0
2025.05.21 16:30,19.68,19.73,19.63,19.68,34,0,0
2025.05.21 16:45,19.73,19.78,19.58,19.58,57,0,0
2025.05.21 17:00,19.63,19.63,19.53,19.53,22,0,0
2025.05.21 17:15,19.48,19.48,19.48,19.48,1,0,0
2025.05.21 17:30,19.53,19.58,19.48,19.48,8,0,0
2025.05.21 17:45,19.53,19.53,19.43,19.48,8,0,0
2025.05.21 18:00,19.53,19.53,19.43,19.48,18,0,0
2025.05.21 18:15,19.53,19.53,19.48,19.48,4,0,0
2025.05.21 18:30,19.43,19.48,19.43,19.48,9,0,0
2025.05.21 18:45,19.43,19.53,19.43,19.53,14,0,0
2025.05.21 19:00,19.48,19.73,19.48,19.73,35,0,0
2025.05.21 19:15,19.78,20.58,19.78,20.58,121,0,0
2025.05.21 19:30,20.63,20.68,19.98,20.13,173,0,0
2025.05.21 19:45,20.13,20.38,20.08,20.33,151,0,0
2025.05.21 20:00,20.38,20.53,20.28,20.48,95,0,0
2025.05.21 20:15,20.53,20.68,20.38,20.53,95,0,0
2025.05.21 20:30,20.48,20.53,20.33,20.38,66,0,0
2025.05.21 20:45,20.33,20.63,20.33,20.63,110,0,0
2025.05.21 21:00,20.58,20.83,20.53,20.63,66,0,0
2025.05.21 21:15,20.68,20.98,20.63,20.93,86,0,0
2025.05.21 21:30,20.88,20.88,20.58,20.68,80,0,0
2025.05.21 21:45,20.73,20.78,20.58,20.73,121,0,0
2025.05.21 22:00,20.78,20.93,20.73,20.93,29,0,0
2025.05.21 22:15,20.88,20.93,20.88,20.93,15,0,0
2025.05.21 22:30,20.88,20.88,20.88,20.88,1,0,0
2025.05.21 22:45,20.93,20.95,20.9,20.9,3,0,0
2025.05.22 00:00,20.81,20.96,20.81,20.91,40,0,0
2025.05.22 00:15,20.91,20.91,20.91,20.91,4,0,0
2025.05.22 00:30,20.93,20.93,20.93,20.93,1,0,0
2025.05.22 01:00,20.98,20.98,20.88,20.88,3,0,0
2025.05.22 01:15,20.83,20.83,20.73,20.83,5,0,0
2025.05.22 01:30,20.83,20.88,20.83,20.88,3,0,0
2025.05.22 01:45,20.83,20.83,20.83,20.83,1,0,0
2025.05.22 02:00,20.88,20.88,20.73,20.78,14,0,0
2025.05.22 02:15,20.73,20.78,20.63,20.68,13,0,0
2025.05.22 02:30,20.68,20.78,20.68,20.73,15,0,0
2025.05.22 02:45,20.68,20.73,20.58,20.58,9,0,0
2025.05.22 03:00,20.63,20.63,20.53,20.53,9,0,0
2025.05.22 03:15,20.53,20.58,20.53,20.58,20,0,0
2025.05.22 03:45,20.63,20.73,20.63,20.73,5,0,0
2025.05.22 04:00,20.68,20.73,20.68,20.73,9,0,0
2025.05.22 04:15,20.78,20.78,20.78,20.78,1,0,0
2025.05.22 04:30,20.73,20.78,20.73,20.78,13,0,0
2025.05.22 04:45,20.73,20.78,20.73,20.78,2,0,0
2025.05.22 05:00,20.73,20.73,20.68,20.68,2,0,0
2025.05.22 05:15,20.73,20.73,20.68,20.73,8,0,0
2025.05.22 05:30,20.68,20.73,20.68,20.73,7,0,0
2025.05.22 05:45,20.78,20.78,20.78,20.78,1,0,0
2025.05.22 06:15,20.78,20.83,20.78,20.78,3,0,0
2025.05.22 07:00,20.83,20.83,20.78,20.83,9,0,0
2025.05.22 07:15,20.78,20.78,20.73,20.73,2,0,0
2025.05.22 07:45,20.78,20.78,20.73,20.73,13,0,0
2025.05.22 08:00,20.78,20.78,20.78,20.78,1,0,0
2025.05.22 08:15,20.73,20.78,20.73,20.78,9,0,0
2025.05.22 08:30,20.73,20.78,20.73,20.73,3,0,0
2025.05.22 08:45,20.68,20.78,20.68,20.78,4,0,0
2025.05.22 09:00,20.73,20.73,20.63,20.68,22,0,0
2025.05.22 09:15,20.73,20.78,20.58,20.68,25,0,0
2025.05.22 09:30,20.68,20.73,20.63,20.73,38,0,0
2025.05.22 09:45,20.68,20.73,20.63,20.63,21,0,0
2025.05.22 10:00,20.58,20.68,20.58,20.68,27,0,0
2025.05.22 10:15,20.63,20.68,20.53,20.58,11,0,0
2025.05.22 10:30,20.63,20.63,20.53,20.58,4,0,0
2025.05.22 10:45,20.53,20.58,20.53,20.58,2,0,0
2025.05.22 11:00,20.63,20.63,20.58,20.63,10,0,0
2025.05.22 11:15,20.68,20.68,20.58,20.58,9,0,0
2025.05.22 11:30,20.53,20.63,20.53,20.63,12,0,0
2025.05.22 11:45,20.58,20.63,20.58,20.58,15,0,0
2025.05.22 12:00,20.63,20.68,20.58,20.58,13,0,0
2025.05.22 12:15,20.63,20.63,20.58,20.58,2,0,0
2025.05.22 12:45,20.63,20.63,20.58,20.63,4,0,0
2025.05.22 13:00,20.58,20.68,20.53,20.68,17,0,0
2025.05.22 13:15,20.63,20.73,20.58,20.73,23,0,0
2025.05.22 13:30,20.78,20.88,20.73,20.78,16,0,0
2025.05.22 13:45,20.83,21.08,20.78,21.03,59,0,0
2025.05.22 14:00,21.08,21.18,20.98,21.18,52,0,0
2025.05.22 14:15,21.13,21.33,21.13,21.28,97,0,0
2025.05.22 14:30,21.28,21.28,21.03,21.03,63,0,0
2025.05.22 14:45,21.08,21.08,20.78,20.78,25,0,0
2025.05.22 15:00,20.73,20.83,20.73,20.83,48,0,0
2025.05.22 15:15,20.88,20.98,20.83,20.83,59,0,0
2025.05.22 15:30,20.88,21.03,20.68,20.78,71,0,0
2025.05.22 15:45,20.73,20.83,20.33,20.38,117,0,0
2025.05.22 16:00,20.33,20.33,20.18,20.33,57,0,0
2025.05.22 16:15,20.28,20.53,20.28,20.43,103,0,0
2025.05.22 16:30,20.38,20.63,20.38,20.58,52,0,0
2025.05.22 16:45,20.53,20.73,20.48,20.48,84,0,0
2025.05.22 17:00,20.53,20.53,20.38,20.48,30,0,0
2025.05.22 17:15,20.48,20.58,20.38,20.48,53,0,0
2025.05.22 17:30,20.53,20.53,20.28,20.28,49,0,0
2025.05.22 17:45,20.23,20.33,20.23,20.23,14,0,0
2025.05.22 18:00,20.28,20.33,20.18,20.23,10,0,0
2025.05.22 18:15,20.28,20.43,20.23,20.38,15,0,0
2025.05.22 18:30,20.38,20.48,20.38,20.43,33,0,0
2025.05.22 18:45,20.48,20.63,20.48,20.63,23,0,0
2025.05.22 19:00,20.58,20.68,20.58,20.63,51,0,0
2025.05.22 19:15,20.58,20.63,20.33,20.33,35,0,0
2025.05.22 19:30,20.33,20.38,20.28,20.28,34,0,0
2025.05.22 19:45,20.33,20.33,20.23,20.28,18,0,0
2025.05.22 20:00,20.33,20.38,20.28,20.38,13,0,0
2025.05.22 20:15,20.33,20.38,20.23,20.28,21,0,0
2025.05.22 20:30,20.33,20.33,20.33,20.33,1,0,0
2025.05.22 20:45,20.28,20.33,20.23,20.28,15,0,0
2025.05.22 21:00,20.23,20.28,20.23,20.23,6,0,0
2025.05.22 21:15,20.18,20.23,20.18,20.18,5,0,0
2025.05.22 21:30,20.23,20.38,20.23,20.38,15,0,0
2025.05.22 21:45,20.43,20.63,20.33,20.53,44,0,0
2025.05.22 22:00,20.58,20.63,20.53,20.53,20,0,0
2025.05.22 22:15,20.48,20.53,20.48,20.53,9,0,0
2025.05.22 22:30,20.58,20.58,20.48,20.48,4,0,0
2025.05.22 22:45,20.48,20.5,20.43,20.45,10,0,0
2025.05.23 00:00,20.4,20.51,20.36,20.46,17,0,0
2025.05.23 00:15,20.41,20.46,20.41,20.46,5,0,0
2025.05.23 00:30,20.48,20.48,20.48,20.48,1,0,0
2025.05.23 00:45,20.48,20.58,20.48,20.58,7,0,0
2025.05.23 01:00,20.53,20.53,20.53,20.53,2,0,0
2025.05.23 01:45,20.48,20.48,20.48,20.48,1,0,0
2025.05.23 02:00,20.43,20.43,20.38,20.43,9,0,0
2025.05.23 02:30,20.38,20.48,20.38,20.43,5,0,0
2025.05.23 02:45,20.43,20.48,20.43,20.43,3,0,0
2025.05.23 03:00,20.48,20.48,20.43,20.48,9,0,0
2025.05.23 03:15,20.43,20.48,20.43,20.48,2,0,0
2025.05.23 03:30,20.43,20.48,20.43,20.48,4,0,0
2025.05.23 04:00,20.43,20.43,20.38,20.43,7,0,0
2025.05.23 04:15,20.38,20.43,20.38,20.38,5,0,0
2025.05.23 04:30,20.38,20.43,20.38,20.38,14,0,0
2025.05.23 04:45,20.38,20.43,20.38,20.43,2,0,0
2025.05.23 05:00,20.48,20.48,20.43,20.43,3,0,0
2025.05.23 05:15,20.38,20.38,20.38,20.38,1,0,0
2025.05.23 05:30,20.43,20.43,20.43,20.43,1,0,0
2025.05.23 06:15,20.48,20.48,20.43,20.43,2,0,0
2025.05.23 06:30,20.48,20.48,20.48,20.48,1,0,0
2025.05.23 06:45,20.48,20.53,20.48,20.48,4,0,0
2025.05.23 07:00,20.43,20.43,20.43,20.43,5,0,0
2025.05.23 07:30,20.43,20.48,20.43,20.43,4,0,0
2025.05.23 07:45,20.48,20.53,20.43,20.48,7,0,0
2025.05.23 08:00,20.53,20.68,20.48,20.63,23,0,0
2025.05.23 08:15,20.63,20.68,20.58,20.58,22,0,0
2025.05.23 08:30,20.53,20.58,20.53,20.53,7,0,0
2025.05.23 08:45,20.53,20.58,20.53,20.53,30,0,0
2025.05.23 09:00,20.53,20.53,20.38,20.43,19,0,0
2025.05.23 09:15,20.38,20.43,20.28,20.33,19,0,0
2025.05.23 09:30,20.28,20.38,20.28,20.33,20,0,0
2025.05.23 09:45,20.33,20.43,20.33,20.38,5,0,0
2025.05.23 10:00,20.33,20.38,20.33,20.38,7,0,0
2025.05.23 10:15,20.43,20.43,20.38,20.38,6,0,0
2025.05.23 10:30,20.38,20.43,20.38,20.43,3,0,0
2025.05.23 10:45,20.48,20.48,20.43,20.48,13,0,0
2025.05.23 11:00,20.48,20.58,20.48,20.53,16,0,0
2025.05.23 11:15,20.48,20.73,20.48,20.73,23,0,0
2025.05.23 11:30,20.68,20.73,20.58,20.58,37,0,0
2025.05.23 11:45,20.53,20.63,20.48,20.53,25,0,0
2025.05.23 12:00,20.48,20.58,20.48,20.53,24,0,0
2025.05.23 12:15,20.53,20.58,20.53,20.53,5,0,0
2025.05.23 12:30,20.53,20.58,20.53,20.53,23,0,0
2025.05.23 12:45,20.48,20.48,20.48,20.48,9,0,0
2025.05.23 13:00,20.48,20.53,20.48,20.53,15,0,0
2025.05.23 13:15,20.48,20.83,20.48,20.73,87,0,0
2025.05.23 13:30,20.68,21.48,20.68,21.33,73,0,0
2025.05.23 13:45,21.28,22.13,21.28,22.08,270,0,0
2025.05.23 14:00,22.08,22.48,21.98,22.28,178,0,0
2025.05.23 14:15,22.23,22.53,21.98,21.98,113,0,0
2025.05.23 14:30,22.03,22.13,21.93,21.98,82,0,0
2025.05.23 14:45,21.93,22.28,21.93,22.18,75,0,0
2025.05.23 15:00,22.18,22.48,22.18,22.43,71,0,0
2025.05.23 15:15,22.48,22.48,21.98,22.03,78,0,0
2025.05.23 15:30,22.08,22.08,21.63,21.88,205,0,0
2025.05.23 15:45,21.93,22.18,21.88,22.03,198,0,0
2025.05.23 16:00,22.03,22.08,21.63,21.68,137,0,0
2025.05.23 16:15,21.73,22.03,21.63,21.63,95,0,0
2025.05.23 16:30,21.68,21.68,21.33,21.33,106,0,0
2025.05.23 16:45,21.38,21.58,21.28,21.58,120,0,0
2025.05.23 17:00,21.53,21.68,21.38,21.58,101,0,0
2025.05.23 17:15,21.63,21.68,21.43,21.58,61,0,0
2025.05.23 17:30,21.53,21.58,21.33,21.43,86,0,0
2025.05.23 17:45,21.48,21.63,21.38,21.58,126,0,0
2025.05.23 18:00,21.53,21.63,21.43,21.53,47,0,0
2025.05.23 18:15,21.58,21.63,21.38,21.48,91,0,0
2025.05.23 18:30,21.53,21.63,21.43,21.53,63,0,0
2025.05.23 18:45,21.58,21.63,21.43,21.58,54,0,0
2025.05.23 19:00,21.63,21.63,21.38,21.43,21,0,0
2025.05.23 19:15,21.38,21.38,21.23,21.23,17,0,0
2025.05.23 19:30,21.28,21.43,21.23,21.43,14,0,0
2025.05.23 19:45,21.38,21.38,21.28,21.33,24,0,0
2025.05.23 20:00,21.28,21.33,21.23,21.28,26,0,0
2025.05.23 20:15,21.33,21.58,21.28,21.43,63,0,0
2025.05.23 20:30,21.38,21.53,21.38,21.48,34,0,0
2025.05.23 20:45,21.53,21.68,21.48,21.63,59,0,0
2025.05.23 21:00,21.68,21.83,21.53,21.53,40,0,0
2025.05.23 21:15,21.58,21.83,21.58,21.78,62,0,0
2025.05.23 21:30,21.73,21.83,21.63,21.68,21,0,0
2025.05.23 21:45,21.73,22.03,21.73,21.98,66,0,0
2025.05.26 00:00,21.9,21.91,21.36,21.41,110,0,0
2025.05.26 00:15,21.46,21.46,21.11,21.11,63,0,0
2025.05.26 00:30,21.13,21.28,21.13,21.23,28,0,0
2025.05.26 00:45,21.18,21.23,21.18,21.23,34,0,0
2025.05.26 01:00,21.18,21.18,21.08,21.18,18,0,0
2025.05.26 01:15,21.23,21.23,21.18,21.18,2,0,0
2025.05.26 01:30,21.18,21.23,21.08,21.08,7,0,0
2025.05.26 01:45,21.08,21.13,21.08,21.13,10,0,0
2025.05.26 02:00,21.08,21.13,21.03,21.08,24,0,0
2025.05.26 02:15,21.03,21.08,20.98,21.08,30,0,0
2025.05.26 02:30,21.03,21.03,20.98,20.98,6,0,0
2025.05.26 02:45,20.98,21.03,20.88,20.98,15,0,0
2025.05.26 03:00,21.03,21.08,20.98,20.98,13,0,0
2025.05.26 03:15,20.98,21.03,20.98,21.03,4,0,0
2025.05.26 03:30,20.98,20.98,20.93,20.93,5,0,0
2025.05.26 03:45,20.88,20.93,20.88,20.88,17,0,0
2025.05.26 04:00,20.88,20.93,20.88,20.93,2,0,0
2025.05.26 04:15,20.88,20.93,20.88,20.88,10,0,0
2025.05.26 04:30,20.88,20.93,20.88,20.93,4,0,0
2025.05.26 05:00,20.88,20.93,20.83,20.83,9,0,0
2025.05.26 05:15,20.78,20.83,20.78,20.78,6,0,0
2025.05.26 05:30,20.73,20.78,20.68,20.73,8,0,0
2025.05.26 05:45,20.68,20.68,20.68,20.68,1,0,0
2025.05.26 06:15,20.63,20.63,20.63,20.63,1,0,0
2025.05.26 06:30,20.68,20.68,20.63,20.68,5,0,0
2025.05.26 06:45,20.63,20.68,20.58,20.58,12,0,0
2025.05.26 07:00,20.63,20.63,20.58,20.63,16,0,0
2025.05.26 07:15,20.58,20.63,20.58,20.63,8,0,0
2025.05.26 07:30,20.58,20.63,20.58,20.63,8,0,0
2025.05.26 07:45,20.63,20.68,20.63,20.68,2,0,0
2025.05.26 08:00,20.68,20.73,20.63,20.68,23,0,0
2025.05.26 08:15,20.63,20.68,20.63,20.63,26,0,0
2025.05.26 08:30,20.63,20.68,20.63,20.68,2,0,0
2025.05.26 08:45,20.63,20.68,20.63,20.63,15,0,0
2025.05.26 09:00,20.58,20.63,20.48,20.58,12,0,0
2025.05.26 09:15,20.63,20.63,20.53,20.63,14,0,0
2025.05.26 09:30,20.68,20.68,20.63,20.63,11,0,0
2025.05.26 09:45,20.58,20.58,20.58,20.58,9,0,0
2025.05.26 10:00,20.53,20.58,20.53,20.53,14,0,0
2025.05.26 10:15,20.53,20.58,20.53,20.58,3,0,0
2025.05.26 10:30,20.53,20.53,20.38,20.38,24,0,0
2025.05.26 10:45,20.33,20.48,20.33,20.48,14,0,0
2025.05.26 11:00,20.43,20.48,20.43,20.43,3,0,0
2025.05.26 11:15,20.43,20.48,20.43,20.43,11,0,0
2025.05.26 11:30,20.48,20.48,20.48,20.48,1,0,0
2025.05.26 11:45,20.43,20.43,20.43,20.43,2,0,0
2025.05.26 12:00,20.43,20.43,20.38,20.38,5,0,0
2025.05.26 12:15,20.43,20.43,20.38,20.38,9,0,0
2025.05.26 12:45,20.43,20.48,20.43,20.48,4,0,0
2025.05.26 13:00,20.43,20.43,20.38,20.38,4,0,0
2025.05.26 13:15,20.38,20.43,20.38,20.43,4,0,0
2025.05.26 13:30,20.43,20.43,20.43,20.43,2,0,0
2025.05.26 13:45,20.48,20.48,20.43,20.48,3,0,0
2025.05.26 14:00,20.53,20.58,20.48,20.53,5,0,0
2025.05.26 14:15,20.58,20.58,20.58,20.58,1,0,0
2025.05.26 14:30,20.53,20.58,20.53,20.58,7,0,0
2025.05.26 14:45,20.63,20.63,20.58,20.58,2,0,0
2025.05.26 15:00,20.58,20.63,20.58,20.58,4,0,0
2025.05.26 15:15,20.58,20.73,20.58,20.63,9,0,0
2025.05.26 15:30,20.58,20.58,20.48,20.53,19,0,0
2025.05.26 15:45,20.58,20.63,20.58,20.58,5,0,0
2025.05.26 16:00,20.58,20.63,20.58,20.58,11,0,0
2025.05.26 16:15,20.63,20.63,20.58,20.63,6,0,0
2025.05.26 16:30,20.68,20.78,20.63,20.73,15,0,0
2025.05.26 16:45,20.78,20.78,20.73,20.73,9,0,0
2025.05.26 17:00,20.73,20.78,20.73,20.73,15,0,0
2025.05.26 17:15,20.73,20.78,20.73,20.73,24,0,0
2025.05.27 00:00,20.75,20.76,20.71,20.76,9,0,0
2025.05.27 00:30,20.78,20.83,20.78,20.83,3,0,0
2025.05.27 00:45,20.88,20.88,20.88,20.88,1,0,0
2025.05.27 01:00,20.83,20.88,20.83,20.83,9,0,0
2025.05.27 01:15,20.83,20.88,20.83,20.83,12,0,0
2025.05.27 02:00,20.88,20.93,20.83,20.93,10,0,0
2025.05.27 02:15,20.88,20.98,20.88,20.93,21,0,0
2025.05.27 02:30,20.88,20.93,20.88,20.93,2,0,0
2025.05.27 02:45,20.88,20.88,20.83,20.83,3,0,0
2025.05.27 03:00,20.88,20.93,20.83,20.93,16,0,0
2025.05.27 03:15,20.98,20.98,20.93,20.93,11,0,0
2025.05.27 03:30,20.98,20.98,20.98,20.98,1,0,0
2025.05.27 03:45,20.93,20.98,20.93,20.98,2,0,0
2025.05.27 04:00,20.93,20.98,20.93,20.98,5,0,0
2025.05.27 04:15,20.93,20.93,20.93,20.93,4,0,0
2025.05.27 05:30,20.88,20.93,20.88,20.93,2,0,0
2025.05.27 05:45,20.98,20.98,20.93,20.98,7,0,0
2025.05.27 06:00,20.93,20.93,20.93,20.93,2,0,0
2025.05.27 07:15,20.88,20.93,20.83,20.83,5,0,0
2025.05.27 07:30,20.78,20.83,20.73,20.73,11,0,0
2025.05.27 07:45,20.73,20.78,20.73,20.78,13,0,0
2025.05.27 08:00,20.73,20.73,20.68,20.68,4,0,0
2025.05.27 08:15,20.63,20.63,20.58,20.58,3,0,0
2025.05.27 08:30,20.63,20.63,20.48,20.53,10,0,0
2025.05.27 08:45,20.48,20.53,20.48,20.48,17,0,0
2025.05.27 09:00,20.48,20.53,20.48,20.48,27,0,0
2025.05.27 09:15,20.43,20.48,20.43,20.43,9,0,0
2025.05.27 09:30,20.38,20.43,20.38,20.43,9,0,0
2025.05.27 09:45,20.38,20.48,20.33,20.48,16,0,0
2025.05.27 10:00,20.53,20.53,20.43,20.48,22,0,0
2025.05.27 10:15,20.43,20.53,20.43,20.48,6,0,0
2025.05.27 10:30,20.48,20.58,20.48,20.58,18,0,0
2025.05.27 10:45,20.53,20.63,20.53,20.53,31,0,0
2025.05.27 11:00,20.53,20.58,20.43,20.43,10,0,0
2025.05.27 11:15,20.43,20.53,20.43,20.53,25,0,0
2025.05.27 11:30,20.48,20.48,20.43,20.48,21,0,0
2025.05.27 11:45,20.48,20.53,20.48,20.48,8,0,0
2025.05.27 12:00,20.48,20.53,20.48,20.48,17,0,0
2025.05.27 12:30,20.43,20.53,20.43,20.48,26,0,0
2025.05.27 12:45,20.53,20.58,20.48,20.58,18,0,0
2025.05.27 13:00,20.63,20.63,20.58,20.58,23,0,0
2025.05.27 13:30,20.53,20.58,20.48,20.48,8,0,0
2025.05.27 13:45,20.48,20.53,20.48,20.53,25,0,0
2025.05.27 14:00,20.58,20.58,20.53,20.53,5,0,0
2025.05.27 14:15,20.53,20.63,20.53,20.53,10,0,0
2025.05.27 14:30,20.48,20.68,20.48,20.63,18,0,0
2025.05.27 14:45,20.58,20.63,20.58,20.58,4,0,0
2025.05.27 15:00,20.53,20.53,20.48,20.48,2,0,0
2025.05.27 15:15,20.43,20.53,20.43,20.53,9,0,0
2025.05.27 15:30,20.48,20.78,20.38,20.38,85,0,0
2025.05.27 15:45,20.33,20.38,20.23,20.28,32,0,0
2025.05.27 16:00,20.23,20.28,20.03,20.08,45,0,0
2025.05.27 16:15,20.03,20.08,20.03,20.08,18,0,0
2025.05.27 16:30,20.03,20.08,19.98,20.03,11,0,0
2025.05.27 16:45,20.08,20.13,20.08,20.13,8,0,0
2025.05.27 17:00,20.08,20.13,20.03,20.03,4,0,0
2025.05.27 17:15,20.08,20.13,20.08,20.08,11,0,0
2025.05.27 17:30,20.03,20.08,20.03,20.03,4,0,0
2025.05.27 17:45,20.03,20.13,20.03,20.13,5,0,0
2025.05.27 18:00,20.08,20.13,20.03,20.08,7,0,0
2025.05.27 18:15,20.03,20.13,20.03,20.08,4,0,0
2025.05.27 18:30,20.03,20.08,19.93,19.98,18,0,0
2025.05.27 18:45,19.93,20.03,19.88,19.93,36,0,0
2025.05.27 19:00,19.88,19.88,19.88,19.88,1,0,0
2025.05.27 19:15,19.83,19.83,19.78,19.83,3,0,0
2025.05.27 19:30,19.88,19.88,19.83,19.83,2,0,0
2025.05.27 19:45,19.78,19.78,19.78,19.78,1,0,0
2025.05.27 20:15,19.73,19.78,19.73,19.78,12,0,0
2025.05.27 20:30,19.73,19.73,19.73,19.73,1,0,0
2025.05.27 21:00,19.78,19.78,19.73,19.78,3,0,0
2025.05.27 21:15,19.73,19.73,19.68,19.73,3,0,0
2025.05.27 21:30,19.68,19.78,19.68,19.73,10,0,0
2025.05.27 21:45,19.78,19.78,19.63,19.63,15,0,0
2025.05.27 22:00,19.58,19.63,19.53,19.58,7,0,0
2025.05.27 22:15,19.63,19.63,19.53,19.58,10,0,0
2025.05.27 22:30,19.53,19.58,19.53,19.53,13,0,0
2025.05.27 22:45,19.55,19.55,19.5,19.5,3,0,0
2025.05.28 00:00,19.55,19.6,19.46,19.56,14,0,0
2025.05.28 00:15,19.51,19.56,19.51,19.51,8,0,0
2025.05.28 00:30,19.53,19.53,19.53,19.53,1,0,0
2025.05.28 02:00,19.58,19.58,19.58,19.58,1,0,0
2025.05.28 02:30,19.63,19.63,19.58,19.63,3,0,0
2025.05.28 03:00,19.58,19.63,19.58,19.63,3,0,0
2025.05.28 08:00,19.68,19.68,19.63,19.68,10,0,0
2025.05.28 08:15,19.63,19.68,19.63,19.63,3,0,0
2025.05.28 08:30,19.68,19.68,19.63,19.63,3,0,0
2025.05.28 08:45,19.68,19.68,19.68,19.68,1,0,0
2025.05.28 09:00,19.63,19.63,19.63,19.63,2,0,0
2025.05.28 09:15,19.63,19.68,19.63,19.68,2,0,0
2025.05.28 09:45,19.68,19.73,19.68,19.73,4,0,0
2025.05.28 10:00,19.68,19.68,19.68,19.68,1,0,0
2025.05.28 10:15,19.63,19.68,19.63,19.68,2,0,0
2025.05.28 10:45,19.73,19.73,19.73,19.73,1,0,0
2025.05.28 11:15,19.78,19.83,19.78,19.83,6,0,0
2025.05.28 11:30,19.78,19.83,19.78,19.83,2,0,0
2025.05.28 11:45,19.78,19.83,19.78,19.78,6,0,0
2025.05.28 12:00,19.73,19.78,19.68,19.68,7,0,0
2025.05.28 12:15,19.73,19.73,19.68,19.68,7,0,0
2025.05.28 12:30,19.63,19.68,19.63,19.63,3,0,0
2025.05.28 12:45,19.58,19.63,19.58,19.63,2,0,0
2025.05.28 13:00,19.68,19.68,19.63,19.63,2,0,0
2025.05.28 13:15,19.68,19.68,19.63,19.63,6,0,0
2025.05.28 13:30,19.68,19.68,19.63,19.68,3,0,0
2025.05.28 13:45,19.63,19.68,19.63,19.68,3,0,0
2025.05.28 14:15,19.63,19.68,19.63,19.68,6,0,0
2025.05.28 14:30,19.63,19.68,19.63,19.63,5,0,0
2025.05.28 14:45,19.68,19.68,19.68,19.68,1,0,0
2025.05.28 15:00,19.63,19.68,19.63,19.68,10,0,0
2025.05.28 15:15,19.63,19.73,19.58,19.58,14,0,0
2025.05.28 15:30,19.63,19.73,19.58,19.63,15,0,0
2025.05.28 15:45,19.58,19.73,19.58,19.73,12,0,0
2025.05.28 16:00,19.78,19.78,19.68,19.78,14,0,0
2025.05.28 16:15,19.83,19.83,19.78,19.83,23,0,0
2025.05.28 16:30,19.88,19.88,19.78,19.83,32,0,0
2025.05.28 16:45,19.88,19.93,19.83,19.88,24,0,0
2025.05.28 17:00,19.83,19.93,19.78,19.88,6,0,0
2025.05.28 17:15,19.83,19.93,19.83,19.93,5,0,0
2025.05.28 17:30,19.88,19.98,19.88,19.93,10,0,0
2025.05.28 17:45,19.88,19.93,19.83,19.93,13,0,0
2025.05.28 18:00,19.88,19.93,19.83,19.88,48,0,0
2025.05.28 18:15,19.83,19.88,19.83,19.83,8,0,0
2025.05.28 18:30,19.78,19.83,19.73,19.78,25,0,0
2025.05.28 18:45,19.73,19.78,19.73,19.73,3,0,0
2025.05.28 19:00,19.78,19.78,19.68,19.73,4,0,0
2025.05.28 19:15,19.68,19.73,19.63,19.68,5,0,0
2025.05.28 19:30,19.73,19.78,19.68,19.78,8,0,0
2025.05.28 19:45,19.73,19.78,19.73,19.73,3,0,0
2025.05.28 20:00,19.68,19.68,19.63,19.63,4,0,0
2025.05.28 20:15,19.68,19.68,19.63,19.63,4,0,0
2025.05.28 20:30,19.68,19.68,19.63,19.68,7,0,0
2025.05.28 20:45,19.73,19.98,19.73,19.78,57,0,0
2025.05.28 21:00,19.83,19.83,19.68,19.78,34,0,0
2025.05.28 21:15,19.73,19.93,19.73,19.88,51,0,0
2025.05.28 21:30,19.93,19.98,19.88,19.93,18,0,0
2025.05.28 21:45,19.98,20.03,19.83,19.88,33,0,0
2025.05.28 22:00,19.93,20.03,19.83,19.98,31,0,0
2025.05.28 22:15,19.93,20.03,19.58,19.58,46,0,0
2025.05.28 22:30,19.63,19.63,19.53,19.53,15,0,0
2025.05.28 22:45,19.58,19.58,19.53,19.55,6,0,0
2025.05.29 00:00,19.51,19.61,19.51,19.51,16,0,0
2025.05.29 00:15,19.46,19.51,19.46,19.51,2,0,0
2025.05.29 00:30,19.53,19.53,19.43,19.48,4,0,0
2025.05.29 00:45,19.43,19.43,19.33,19.33,23,0,0
2025.05.29 01:00,19.28,19.33,19.13,19.13,21,0,0
2025.05.29 01:15,19.13,19.18,19.03,19.08,25,0,0
2025.05.29 01:30,19.13,19.13,19.03,19.08,30,0,0
2025.05.29 01:45,19.13,19.13,19.08,19.08,23,0,0
2025.05.29 02:00,19.13,19.23,19.13,19.18,13,0,0
2025.05.29 02:15,19.23,19.23,19.08,19.13,10,0,0
2025.05.29 02:30,19.08,19.08,19.08,19.08,1,0,0
2025.05.29 02:45,19.03,19.03,18.98,18.98,21,0,0
2025.05.29 03:00,18.98,19.03,18.98,19.03,2,0,0
2025.05.29 03:15,18.98,19.03,18.98,18.98,6,0,0
2025.05.29 03:30,19.03,19.03,18.93,18.98,6,0,0
2025.05.29 04:00,19.03,19.03,18.98,19.03,8,0,0
2025.05.29 04:15,18.98,19.03,18.98,18.98,7,0,0
2025.05.29 04:30,18.93,18.98,18.93,18.98,2,0,0
2025.05.29 04:45,19.03,19.03,18.98,18.98,8,0,0
2025.05.29 05:15,19.03,19.03,18.98,18.98,2,0,0
2025.05.29 05:30,18.98,19.03,18.98,18.98,3,0,0
2025.05.29 05:45,19.03,19.03,19.03,19.03,1,0,0
2025.05.29 06:00,19.08,19.08,19.03,19.03,4,0,0
2025.05.29 07:00,19.08,19.08,19.03,19.03,2,0,0
2025.05.29 07:30,18.98,19.03,18.98,19.03,3,0,0
2025.05.29 08:00,18.98,19.03,18.98,18.98,3,0,0
2025.05.29 08:15,18.93,18.98,18.93,18.93,4,0,0
2025.05.29 08:30,18.98,18.98,18.98,18.98,1,0,0
2025.05.29 08:45,18.93,18.98,18.93,18.98,4,0,0
2025.05.29 09:00,18.98,19.03,18.98,19.03,4,0,0
2025.05.29 09:15,19.08,19.08,18.98,18.98,3,0,0
2025.05.29 09:30,19.03,19.03,18.98,18.98,6,0,0
2025.05.29 09:45,18.93,18.93,18.93,18.93,1,0,0
2025.05.29 10:00,18.98,19.03,18.98,19.03,2,0,0
2025.05.29 10:15,19.08,19.13,19.03,19.13,5,0,0
2025.05.29 11:00,19.08,19.08,19.08,19.08,1,0,0
2025.05.29 11:15,19.13,19.13,19.08,19.08,27,0,0
2025.05.29 11:30,19.08,19.13,19.08,19.13,7,0,0
2025.05.29 11:45,19.08,19.13,19.08,19.13,17,0,0
2025.05.29 12:00,19.18,19.23,19.18,19.23,7,0,0
2025.05.29 12:15,19.23,19.33,19.23,19.28,18,0,0
2025.05.29 12:30,19.28,19.33,19.23,19.28,29,0,0
2025.05.29 12:45,19.33,19.33,19.28,19.28,18,0,0
2025.05.29 13:00,19.33,19.38,19.33,19.33,5,0,0
2025.05.29 13:15,19.28,19.48,19.28,19.43,9,0,0
2025.05.29 13:30,19.43,19.53,19.38,19.38,35,0,0
2025.05.29 13:45,19.38,19.58,19.38,19.53,24,0,0
2025.05.29 14:00,19.58,19.58,19.43,19.53,64,0,0
2025.05.29 14:15,19.53,19.58,19.48,19.53,35,0,0
2025.05.29 14:30,19.48,19.58,19.38,19.58,26,0,0
2025.05.29 14:45,19.53,19.53,19.38,19.48,15,0,0
2025.05.29 15:00,19.43,19.43,19.38,19.38,18,0,0
2025.05.29 15:15,19.33,19.38,19.28,19.28,39,0,0
2025.05.29 15:30,19.33,19.63,19.33,19.63,88,0,0
2025.05.29 15:45,19.58,19.78,19.58,19.68,88,0,0
2025.05.29 16:00,19.68,20.08,19.68,19.83,85,0,0
2025.05.29 16:15,19.88,19.98,19.68,19.68,89,0,0
2025.05.29 16:30,19.73,19.83,19.63,19.73,69,0,0
2025.05.29 16:45,19.78,19.78,19.63,19.63,62,0,0
2025.05.29 17:00,19.63,19.83,19.63,19.78,62,0,0
2025.05.29 17:15,19.73,19.78,19.68,19.68,45,0,0
2025.05.29 17:30,19.68,19.88,19.68,19.83,58,0,0
2025.05.29 17:45,19.88,20.13,19.78,20.03,61,0,0
2025.05.29 18:00,20.08,20.18,19.93,19.93,63,0,0
2025.05.29 18:15,19.88,19.93,19.83,19.88,67,0,0
2025.05.29 18:30,19.83,19.88,19.78,19.83,42,0,0
2025.05.29 18:45,19.88,19.93,19.73,19.78,21,0,0
2025.05.29 19:00,19.73,19.78,19.68,19.73,7,0,0
2025.05.29 19:15,19.68,19.78,19.63,19.73,32,0,0
2025.05.29 19:30,19.68,19.78,19.68,19.73,49,0,0
2025.05.29 19:45,19.78,19.88,19.73,19.88,38,0,0
2025.05.29 20:00,19.83,19.88,19.73,19.78,60,0,0
2025.05.29 20:15,19.73,19.93,19.73,19.88,60,0,0
2025.05.29 20:30,19.83,19.83,19.73,19.78,40,0,0
2025.05.29 20:45,19.73,19.78,19.73,19.78,23,0,0
2025.05.29 21:00,19.73,19.83,19.68,19.83,53,0,0
2025.05.29 21:15,19.88,19.88,19.73,19.83,23,0,0
2025.05.29 21:30,19.78,19.83,19.78,19.83,21,0,0
2025.05.29 21:45,19.78,19.88,19.73,19.83,39,0,0
2025.05.29 22:00,19.88,19.98,19.88,19.93,13,0,0
2025.05.29 22:15,19.88,19.93,19.88,19.93,10,0,0
2025.05.29 22:30,19.88,19.93,19.88,19.93,6,0,0
2025.05.29 22:45,19.98,20.0,19.98,20.0,2,0,0
2025.05.30 00:00,20.0,20.01,19.86,19.91,18,0,0
2025.05.30 00:15,19.91,20.01,19.91,20.01,15,0,0
2025.05.30 00:30,20.03,20.03,19.98,20.03,4,0,0
2025.05.30 00:45,20.08,20.08,20.03,20.03,25,0,0
2025.05.30 01:00,20.03,20.08,20.03,20.08,16,0,0
2025.05.30 01:15,20.03,20.08,20.03,20.03,3,0,0
2025.05.30 01:30,20.08,20.08,20.08,20.08,1,0,0
2025.05.30 02:00,20.03,20.03,20.03,20.03,1,0,0
2025.05.30 02:15,19.98,20.03,19.98,19.98,8,0,0
2025.05.30 02:30,20.03,20.03,19.98,19.98,2,0,0
2025.05.30 02:45,20.03,20.08,20.03,20.03,10,0,0
2025.05.30 03:00,20.08,20.23,20.08,20.13,35,0,0
2025.05.30 03:15,20.18,20.18,20.08,20.08,19,0,0
2025.05.30 03:30,20.13,20.13,20.03,20.03,19,0,0
2025.05.30 03:45,20.08,20.08,20.03,20.03,13,0,0
2025.05.30 04:00,19.98,20.03,19.98,20.03,15,0,0
2025.05.30 04:15,19.98,20.03,19.98,19.98,5,0,0
2025.05.30 04:30,19.98,20.03,19.98,19.98,6,0,0
2025.05.30 04:45,20.03,20.03,19.98,19.98,13,0,0
2025.05.30 05:00,19.98,20.03,19.98,20.03,4,0,0
2025.05.30 05:15,20.08,20.08,20.03,20.08,16,0,0
2025.05.30 05:45,20.03,20.08,20.03,20.03,9,0,0
2025.05.30 06:00,20.08,20.08,20.08,20.08,1,0,0
2025.05.30 06:15,20.03,20.03,20.03,20.03,1,0,0
2025.05.30 06:30,20.08,20.13,20.08,20.13,2,0,0
2025.05.30 06:45,20.08,20.08,20.08,20.08,2,0,0
2025.05.30 07:00,20.03,20.03,20.03,20.03,4,0,0
2025.05.30 07:15,19.98,20.03,19.98,20.03,4,0,0
2025.05.30 07:30,19.98,20.03,19.93,19.93,16,0,0
2025.05.30 07:45,19.98,19.98,19.98,19.98,1,0,0
2025.05.30 08:00,20.03,20.03,19.98,19.98,7,0,0
2025.05.30 08:15,20.03,20.03,19.98,19.98,11,0,0
2025.05.30 08:30,20.03,20.08,19.98,20.08,4,0,0
2025.05.30 08:45,20.03,20.08,20.03,20.08,7,0,0
2025.05.30 09:00,20.13,20.18,20.03,20.13,32,0,0
2025.05.30 09:15,20.08,20.08,20.03,20.03,8,0,0
2025.05.30 09:30,19.98,19.98,19.93,19.93,2,0,0
2025.05.30 09:45,19.88,20.03,19.88,19.98,6,0,0
2025.05.30 10:00,19.93,19.98,19.88,19.93,19,0,0
2025.05.30 10:15,19.98,19.98,19.93,19.93,5,0,0
2025.05.30 10:30,19.93,20.03,19.93,19.98,17,0,0
2025.05.30 10:45,19.93,19.98,19.93,19.98,30,0,0
2025.05.30 11:00,19.93,19.98,19.93,19.98,8,0,0
2025.05.30 11:15,19.93,19.93,19.88,19.93,3,0,0
2025.05.30 11:45,19.98,20.03,19.98,20.03,4,0,0
2025.05.30 12:00,20.08,20.08,19.98,20.03,13,0,0
2025.05.30 12:15,19.98,20.03,19.93,19.93,15,0,0
2025.05.30 12:30,19.88,19.88,19.88,19.88,1,0,0
2025.05.30 12:45,19.93,19.93,19.88,19.88,4,0,0
2025.05.30 13:00,19.83,19.88,19.78,19.83,7,0,0
2025.05.30 13:30,19.88,19.88,19.83,19.83,2,0,0
2025.05.30 13:45,19.78,19.83,19.78,19.83,24,0,0
2025.05.30 14:00,19.78,20.28,19.73,20.23,113,0,0
2025.05.30 14:15,20.18,20.33,20.08,20.28,89,0,0
2025.05.30 14:30,20.23,20.28,20.08,20.18,69,0,0
2025.05.30 14:45,20.13,20.23,20.13,20.23,25,0,0
2025.05.30 15:00,20.28,20.28,20.18,20.28,23,0,0
2025.05.30 15:15,20.23,20.28,20.13,20.13,30,0,0
2025.05.30 15:30,20.18,20.23,20.03,20.13,80,0,0
2025.05.30 15:45,20.08,20.28,20.03,20.18,63,0,0
2025.05.30 16:00,20.08,20.18,19.83,19.88,44,0,0
2025.05.30 16:15,19.83,19.88,19.78,19.83,13,0,0
2025.05.30 16:30,19.78,19.88,19.73,19.88,21,0,0
2025.05.30 16:45,19.93,20.13,19.88,20.08,71,0,0
2025.05.30 17:00,20.03,20.18,20.03,20.18,89,0,0
2025.05.30 17:15,20.13,20.28,20.08,20.13,64,0,0
2025.05.30 17:30,20.08,20.33,20.08,20.23,81,0,0
2025.05.30 17:45,20.23,20.28,20.08,20.13,64,0,0
2025.05.30 18:00,20.18,20.18,20.03,20.13,50,0,0
2025.05.30 18:15,20.08,20.58,20.08,20.48,71,0,0
2025.05.30 18:30,20.43,20.73,20.43,20.63,137,0,0
2025.05.30 18:45,20.58,20.83,20.53,20.68,105,0,0
2025.05.30 19:00,20.68,20.73,20.48,20.58,52,0,0
2025.05.30 19:15,20.63,20.68,20.53,20.53,68,0,0
2025.05.30 19:30,20.48,20.53,20.28,20.33,42,0,0
2025.05.30 19:45,20.38,20.38,20.23,20.38,86,0,0
2025.05.30 20:00,20.33,20.38,20.13,20.13,40,0,0
2025.05.30 20:15,20.08,20.18,19.93,19.98,67,0,0
2025.05.30 20:30,19.93,20.13,19.93,20.08,41,0,0
2025.05.30 20:45,20.03,20.08,19.93,19.93,56,0,0
2025.05.30 21:00,19.93,19.98,19.88,19.93,35,0,0
2025.05.30 21:15,19.88,19.93,19.88,19.88,9,0,0
2025.05.30 21:30,19.93,20.08,19.93,19.98,22,0,0
2025.05.30 21:45,20.03,20.03,19.83,19.93,45,0,0
2025.06.02 00:00,20.1,20.4,20.06,20.06,34,0,0
2025.06.02 00:15,20.06,20.21,20.06,20.16,20,0,0
2025.06.02 00:30,20.13,20.18,20.13,20.18,15,0,0
2025.06.02 00:45,20.18,20.23,20.18,20.18,7,0,0
2025.06.02 01:30,20.23,20.23,20.18,20.18,3,0,0
2025.06.02 01:45,20.23,20.23,20.18,20.18,14,0,0
2025.06.02 02:00,20.18,20.23,20.18,20.18,10,0,0
2025.06.02 02:15,20.13,20.18,20.13,20.18,16,0,0
2025.06.02 02:30,20.23,20.23,20.18,20.18,5,0,0
2025.06.02 02:45,20.18,20.23,20.18,20.18,16,0,0
2025.06.02 03:00,20.13,20.13,20.13,20.13,1,0,0
2025.06.02 03:30,20.18,20.23,20.18,20.23,3,0,0
2025.06.02 04:00,20.18,20.23,20.18,20.23,7,0,0
2025.06.02 04:45,20.28,20.28,20.23,20.28,5,0,0
2025.06.02 05:00,20.28,20.43,20.28,20.43,15,0,0
2025.06.02 05:15,20.38,20.43,20.38,20.43,14,0,0
2025.06.02 05:30,20.38,20.43,20.38,20.38,3,0,0
2025.06.02 05:45,20.43,20.43,20.38,20.43,7,0,0
2025.06.02 06:00,20.38,20.43,20.38,20.38,5,0,0
2025.06.02 06:15,20.33,20.33,20.33,20.33,1,0,0
2025.06.02 06:45,20.38,20.38,20.38,20.38,1,0,0
2025.06.02 07:00,20.33,20.33,20.33,20.33,2,0,0
2025.06.02 07:15,20.38,20.38,20.33,20.33,3,0,0
2025.06.02 07:30,20.38,20.43,20.38,20.38,13,0,0
2025.06.02 07:45,20.43,20.48,20.43,20.43,12,0,0
2025.06.02 08:00,20.48,20.58,20.43,20.58,13,0,0
2025.06.02 08:15,20.53,20.58,20.48,20.48,32,0,0
2025.06.02 08:30,20.48,20.53,20.33,20.33,14,0,0
2025.06.02 08:45,20.38,20.48,20.33,20.43,33,0,0
2025.06.02 09:00,20.43,20.48,20.28,20.33,16,0,0
2025.06.02 09:15,20.38,20.73,20.33,20.68,43,0,0
2025.06.02 09:30,20.58,20.63,20.43,20.53,36,0,0
2025.06.02 09:45,20.48,20.53,20.43,20.43,72,0,0
2025.06.02 10:00,20.43,20.43,20.28,20.33,16,0,0
2025.06.02 10:15,20.38,20.43,20.33,20.33,20,0,0
2025.06.02 10:30,20.28,20.33,20.28,20.33,52,0,0
2025.06.02 10:45,20.28,20.38,20.28,20.33,32,0,0
2025.06.02 11:00,20.38,20.48,20.33,20.43,31,0,0
2025.06.02 11:15,20.43,20.48,20.38,20.38,23,0,0
2025.06.02 11:30,20.43,20.48,20.38,20.48,42,0,0
2025.06.02 11:45,20.48,20.53,20.43,20.43,32,0,0
2025.06.02 12:00,20.38,20.38,20.33,20.38,7,0,0
2025.06.02 12:15,20.33,20.43,20.33,20.38,44,0,0
2025.06.02 12:30,20.38,20.43,20.33,20.38,19,0,0
2025.06.02 12:45,20.33,20.38,20.33,20.33,3,0,0
2025.06.02 13:00,20.28,20.33,20.23,20.23,7,0,0
2025.06.02 13:15,20.28,20.28,20.23,20.23,19,0,0
2025.06.02 13:30,20.28,20.28,20.18,20.23,10,0,0
2025.06.02 13:45,20.18,20.28,20.18,20.28,16,0,0
2025.06.02 14:00,20.23,20.28,20.23,20.23,9,0,0
2025.06.02 14:15,20.18,20.28,20.18,20.28,18,0,0
2025.06.02 14:30,20.23,20.28,20.23,20.23,13,0,0
2025.06.02 14:45,20.18,20.28,20.18,20.23,6,0,0
2025.06.02 15:00,20.18,20.23,20.18,20.18,11,0,0
2025.06.02 15:15,20.13,20.13,20.13,20.13,1,0,0
2025.06.02 15:30,20.08,20.08,19.78,19.83,47,0,0
2025.06.02 15:45,19.88,20.13,19.88,20.08,122,0,0
2025.06.02 16:00,20.18,20.33,20.03,20.13,158,0,0
2025.06.02 16:15,20.08,20.13,19.88,19.88,42,0,0
2025.06.02 16:30,19.93,19.98,19.78,19.93,32,0,0
2025.06.02 16:45,19.88,19.93,19.83,19.88,48,0,0
2025.06.02 17:00,19.83,19.98,19.83,19.88,50,0,0
2025.06.02 17:15,19.93,20.03,19.88,19.98,27,0,0
2025.06.02 17:30,20.03,20.08,19.98,20.03,43,0,0
2025.06.02 17:45,19.98,20.03,19.93,19.93,21,0,0
2025.06.02 18:00,19.88,19.98,19.88,19.93,48,0,0
2025.06.02 18:15,19.88,20.03,19.88,19.98,16,0,0
2025.06.02 18:30,19.93,20.03,19.93,20.03,17,0,0
2025.06.02 18:45,19.98,20.03,19.93,19.93,15,0,0
2025.06.02 19:00,19.88,19.93,19.88,19.88,5,0,0
2025.06.02 19:15,19.93,19.93,19.88,19.93,17,0,0
2025.06.02 19:30,19.88,19.98,19.88,19.98,11,0,0
2025.06.02 19:45,19.93,19.98,19.88,19.93,51,0,0
2025.06.02 20:00,19.88,19.98,19.88,19.88,26,0,0
2025.06.02 20:15,19.88,19.93,19.73,19.78,43,0,0
2025.06.02 20:30,19.73,19.78,19.73,19.73,14,0,0
2025.06.02 20:45,19.68,19.73,19.68,19.73,4,0,0
2025.06.02 21:00,19.68,19.73,19.63,19.73,4,0,0
2025.06.02 21:15,19.68,19.73,19.63,19.68,14,0,0
2025.06.02 21:30,19.73,19.78,19.73,19.78,4,0,0
2025.06.02 21:45,19.73,19.73,19.63,19.63,14,0,0
2025.06.02 22:00,19.58,19.63,19.58,19.58,3,0,0
2025.06.02 22:45,19.6,19.6,19.6,19.6,1,0,0
2025.06.03 00:00,19.61,19.61,19.6,19.6,2,0,0
2025.06.03 00:15,19.56,19.61,19.56,19.61,4,0,0
2025.06.03 00:30,19.63,19.63,19.58,19.63,7,0,0
2025.06.03 01:00,19.58,19.63,19.58,19.63,2,0,0
2025.06.03 01:15,19.68,19.78,19.58,19.58,7,0,0
2025.06.03 01:30,19.63,19.68,19.63,19.63,3,0,0
2025.06.03 01:45,19.68,19.73,19.68,19.73,2,0,0
2025.06.03 02:00,19.68,19.73,19.68,19.68,20,0,0
2025.06.03 02:15,19.73,19.73,19.73,19.73,1,0,0
2025.06.03 02:30,19.68,19.68,19.68,19.68,2,0,0
2025.06.03 03:15,19.63,19.68,19.63,19.68,2,0,0
2025.06.03 03:30,19.63,19.68,19.63,19.68,5,0,0
2025.06.03 04:00,19.73,19.73,19.73,19.73,1,0,0
2025.06.03 04:15,19.78,19.83,19.78,19.83,4,0,0
2025.06.03 04:30,19.78,19.78,19.73,19.73,5,0,0
2025.06.03 05:15,19.73,19.78,19.73,19.78,2,0,0
2025.06.03 05:30,19.73,19.78,19.73,19.73,3,0,0
2025.06.03 06:15,19.78,19.78,19.73,19.78,5,0,0
2025.06.03 06:30,19.83,19.83,19.78,19.78,2,0,0
2025.06.03 07:00,19.73,19.73,19.73,19.73,1,0,0
2025.06.03 08:00,19.78,19.78,19.78,19.78,1,0,0
2025.06.03 08:15,19.78,19.83,19.78,19.83,13,0,0
2025.06.03 08:30,19.78,19.83,19.78,19.78,3,0,0
2025.06.03 08:45,19.73,19.78,19.73,19.78,8,0,0
2025.06.03 09:00,19.73,19.78,19.73,19.78,3,0,0
2025.06.03 09:15,19.83,19.98,19.83,19.93,36,0,0
2025.06.03 09:30,19.88,19.93,19.83,19.93,10,0,0
2025.06.03 09:45,19.93,19.98,19.93,19.93,5,0,0
2025.06.03 10:00,19.88,19.93,19.88,19.93,4,0,0
2025.06.03 10:15,19.88,19.93,19.88,19.93,16,0,0
2025.06.03 10:30,19.88,19.93,19.83,19.88,15,0,0
2025.06.03 10:45,19.83,19.88,19.83,19.83,10,0,0
2025.06.03 11:00,19.88,19.88,19.83,19.83,5,0,0
2025.06.03 11:15,19.88,19.88,19.83,19.83,4,0,0
2025.06.03 11:30,19.78,19.83,19.78,19.78,4,0,0
2025.06.03 11:45,19.83,19.83,19.78,19.83,6,0,0
2025.06.03 12:00,19.78,19.83,19.78,19.83,26,0,0
2025.06.03 12:15,19.78,19.83,19.78,19.78,9,0,0
2025.06.03 12:30,19.73,19.78,19.73,19.73,4,0,0
2025.06.03 12:45,19.78,19.78,19.68,19.68,4,0,0
2025.06.03 13:00,19.73,19.73,19.68,19.68,2,0,0
2025.06.03 13:15,19.63,19.68,19.63,19.63,3,0,0
2025.06.03 13:30,19.58,19.58,19.58,19.58,1,0,0
2025.06.03 13:45,19.63,19.63,19.58,19.58,8,0,0
2025.06.03 14:00,19.53,19.58,19.53,19.58,2,0,0
2025.06.03 14:15,19.53,19.58,19.53,19.53,7,0,0
2025.06.03 14:30,19.58,19.58,19.58,19.58,1,0,0
2025.06.03 15:15,19.53,19.58,19.48,19.48,15,0,0
2025.06.03 15:30,19.43,19.58,19.43,19.53,23,0,0
2025.06.03 15:45,19.48,19.58,19.48,19.58,17,0,0
2025.06.03 16:00,19.48,19.63,19.48,19.58,56,0,0
2025.06.03 16:15,19.53,19.58,19.43,19.43,41,0,0
2025.06.03 16:30,19.48,19.48,19.43,19.43,23,0,0
2025.06.03 16:45,19.38,19.43,19.38,19.38,3,0,0
2025.06.03 17:00,19.33,19.38,19.33,19.33,11,0,0
2025.06.03 17:15,19.38,19.38,19.28,19.33,9,0,0
2025.06.03 17:30,19.28,19.33,19.28,19.28,5,0,0
2025.06.03 17:45,19.33,19.33,19.33,19.33,1,0,0
2025.06.03 18:15,19.28,19.33,19.28,19.28,10,0,0
2025.06.03 18:30,19.23,19.28,19.23,19.23,9,0,0
2025.06.03 19:00,19.18,19.23,19.13,19.13,4,0,0
2025.06.03 19:15,19.08,19.13,19.08,19.13,2,0,0
2025.06.03 19:30,19.08,19.13,19.08,19.13,4,0,0
2025.06.03 19:45,19.18,19.23,19.13,19.18,18,0,0
2025.06.03 20:00,19.23,19.38,19.18,19.28,50,0,0
2025.06.03 20:15,19.33,19.33,19.23,19.23,14,0,0
2025.06.03 20:30,19.28,19.28,19.18,19.23,4,0,0
2025.06.03 20:45,19.18,19.23,19.18,19.18,12,0,0
2025.06.03 21:00,19.13,19.23,19.13,19.23,11,0,0
2025.06.03 21:15,19.18,19.23,19.18,19.18,14,0,0
2025.06.03 21:30,19.23,19.23,19.18,19.23,28,0,0
2025.06.03 21:45,19.28,19.28,19.08,19.13,24,0,0
2025.06.03 22:00,19.18,19.18,19.13,19.18,5,0,0
2025.06.03 22:30,19.13,19.18,19.13,19.13,6,0,0
2025.06.03 22:45,19.13,19.2,19.13,19.15,22,0,0
2025.06.04 00:00,19.2,19.2,19.11,19.11,6,0,0
2025.06.04 00:30,19.13,19.13,19.13,19.13,1,0,0
2025.06.04 01:45,19.18,19.18,19.13,19.13,3,0,0
2025.06.04 02:00,19.08,19.13,19.08,19.13,10,0,0
2025.06.04 03:45,19.13,19.18,19.13,19.18,5,0,0
2025.06.04 04:30,19.13,19.13,19.13,19.13,1,0,0
2025.06.04 06:00,19.08,19.08,19.08,19.08,1,0,0
2025.06.04 06:45,19.13,19.13,19.13,19.13,3,0,0
2025.06.04 07:00,19.08,19.08,19.08,19.08,1,0,0
2025.06.04 08:00,19.03,19.03,18.98,19.03,10,0,0
2025.06.04 08:30,19.08,19.08,19.03,19.03,3,0,0
2025.06.04 08:45,19.08,19.08,19.03,19.03,7,0,0
2025.06.04 09:45,18.98,18.98,18.98,18.98,1,0,0
2025.06.04 10:45,19.03,19.03,19.03,19.03,1,0,0
2025.06.04 11:00,18.98,19.03,18.98,19.03,7,0,0
2025.06.04 11:15,18.98,19.03,18.98,18.98,6,0,0
2025.06.04 11:45,19.03,19.03,18.98,19.03,14,0,0
2025.06.04 12:00,18.98,19.03,18.98,18.98,5,0,0
2025.06.04 12:15,19.03,19.03,19.03,19.03,1,0,0
2025.06.04 12:45,18.98,18.98,18.98,18.98,1,0,0
2025.06.04 13:00,18.93,18.98,18.93,18.98,2,0,0
2025.06.04 13:45,19.03,19.03,18.98,19.03,4,0,0
2025.06.04 14:00,18.98,19.03,18.98,18.98,3,0,0
2025.06.04 14:15,18.98,19.18,18.98,19.13,25,0,0
2025.06.04 14:30,19.08,19.18,19.08,19.18,14,0,0
2025.06.04 14:45,19.13,19.13,19.08,19.08,6,0,0
2025.06.04 15:00,19.13,19.13,19.08,19.13,6,0,0
2025.06.04 15:15,19.08,19.08,19.03,19.03,22,0,0
2025.06.04 15:30,19.08,19.08,18.98,19.08,30,0,0
2025.06.04 15:45,19.03,19.13,18.98,19.03,38,0,0
2025.06.04 16:00,19.13,19.28,19.03,19.13,87,0,0
2025.06.04 16:15,19.08,19.13,19.03,19.03,35,0,0
2025.06.04 16:30,19.08,19.18,19.08,19.13,34,0,0
2025.06.04 16:45,19.18,19.18,19.08,19.08,26,0,0
2025.06.04 17:00,19.03,19.08,19.03,19.08,4,0,0
2025.06.04 17:15,19.13,19.18,19.08,19.18,20,0,0
2025.06.04 17:30,19.23,19.23,19.08,19.18,29,0,0
2025.06.04 17:45,19.13,19.18,19.08,19.13,36,0,0
2025.06.04 18:00,19.18,19.23,19.13,19.23,13,0,0
2025.06.04 18:15,19.18,19.23,19.13,19.18,31,0,0
2025.06.04 18:30,19.13,19.13,19.08,19.08,40,0,0
2025.06.04 18:45,19.13,19.13,19.08,19.13,12,0,0
2025.06.04 19:00,19.08,19.08,19.08,19.08,1,0,0
2025.06.04 19:15,19.13,19.13,19.08,19.08,2,0,0
2025.06.04 19:30,19.03,19.08,19.03,19.08,12,0,0
2025.06.04 19:45,19.03,19.08,19.03,19.08,6,0,0
2025.06.04 20:00,19.03,19.08,18.98,19.03,9,0,0
2025.06.04 20:15,19.08,19.13,19.08,19.08,11,0,0
2025.06.04 20:30,19.13,19.18,19.13,19.13,4,0,0
2025.06.04 20:45,19.18,19.18,19.13,19.18,5,0,0
2025.06.04 21:00,19.13,19.18,19.13,19.13,9,0,0
2025.06.04 21:15,19.18,19.18,19.13,19.13,17,0,0
2025.06.04 21:30,19.18,19.23,19.13,19.18,21,0,0
2025.06.04 21:45,19.13,19.13,18.98,19.08,12,0,0
2025.06.04 22:00,19.13,19.13,19.08,19.13,5,0,0
2025.06.04 22:15,19.18,19.18,19.13,19.13,2,0,0
2025.06.04 22:45,19.15,19.2,19.15,19.2,7,0,0
2025.06.05 00:00,19.28,19.28,19.11,19.16,7,0,0
2025.06.05 00:30,19.18,19.18,19.18,19.18,1,0,0
2025.06.05 01:00,19.13,19.13,19.13,19.13,5,0,0
2025.06.05 01:45,19.18,19.18,19.13,19.13,2,0,0
2025.06.05 02:15,19.08,19.13,19.08,19.08,5,0,0
2025.06.05 02:45,19.13,19.13,19.13,19.13,1,0,0
2025.06.05 03:15,19.18,19.18,19.13,19.13,2,0,0
2025.06.05 04:15,19.18,19.18,19.18,19.18,1,0,0
2025.06.05 04:30,19.13,19.18,19.13,19.18,2,0,0
2025.06.05 07:00,19.23,19.23,19.23,19.23,1,0,0
2025.06.05 08:30,19.28,19.28,19.18,19.23,7,0,0
2025.06.05 09:00,19.18,19.18,19.13,19.13,2,0,0
2025.06.05 09:15,19.08,19.13,19.03,19.08,18,0,0
2025.06.05 09:30,19.03,19.08,19.03,19.03,9,0,0
2025.06.05 09:45,19.08,19.08,19.03,19.03,7,0,0
2025.06.05 10:15,18.98,18.98,18.98,18.98,1,0,0
2025.06.05 10:30,19.03,19.03,18.98,18.98,3,0,0
2025.06.05 10:45,18.98,19.03,18.98,19.03,8,0,0
2025.06.05 11:45,19.08,19.08,19.08,19.08,1,0,0
2025.06.05 12:00,19.03,19.08,19.03,19.03,9,0,0
2025.06.05 12:30,19.08,19.13,19.03,19.13,15,0,0
2025.06.05 12:45,19.08,19.13,19.08,19.08,29,0,0
2025.06.05 13:00,19.13,19.13,19.13,19.13,1,0,0
2025.06.05 13:15,19.08,19.13,19.08,19.13,4,0,0
2025.06.05 13:30,19.08,19.18,19.08,19.13,22,0,0
2025.06.05 13:45,19.08,19.08,19.08,19.08,1,0,0
2025.06.05 14:00,19.13,19.13,18.98,18.98,6,0,0
2025.06.05 14:15,19.03,19.03,18.98,19.03,6,0,0
2025.06.05 14:30,19.08,19.13,19.03,19.08,26,0,0
2025.06.05 14:45,19.03,19.03,18.78,18.93,58,0,0
2025.06.05 15:00,18.88,18.93,18.88,18.88,24,0,0
2025.06.05 15:15,18.93,18.98,18.83,18.83,9,0,0
2025.06.05 15:30,18.88,19.13,18.88,19.08,60,0,0
2025.06.05 15:45,19.13,19.28,19.08,19.13,90,0,0
2025.06.05 16:00,19.18,19.18,19.03,19.18,83,0,0
2025.06.05 16:15,19.13,19.18,18.98,19.03,37,0,0
2025.06.05 16:30,19.08,19.28,18.83,18.88,72,0,0
2025.06.05 16:45,18.93,18.93,18.68,18.68,33,0,0
2025.06.05 17:00,18.63,18.68,18.48,18.53,17,0,0
2025.06.05 17:15,18.53,18.63,18.53,18.58,25,0,0
2025.06.05 17:30,18.63,18.68,18.58,18.63,10,0,0
2025.06.05 17:45,18.68,18.68,18.53,18.53,19,0,0
2025.06.05 18:00,18.58,18.63,18.58,18.63,4,0,0
2025.06.05 18:15,18.68,18.73,18.63,18.63,31,0,0
2025.06.05 18:30,18.68,18.73,18.63,18.73,35,0,0
2025.06.05 18:45,18.78,19.03,18.78,19.03,84,0,0
2025.06.05 19:00,19.08,19.08,18.83,18.88,39,0,0
2025.06.05 19:15,18.83,18.83,18.73,18.73,19,0,0
2025.06.05 19:30,18.68,18.73,18.68,18.73,21,0,0
2025.06.05 19:45,18.73,18.88,18.68,18.88,57,0,0
2025.06.05 20:00,18.83,19.08,18.83,19.08,101,0,0
2025.06.05 20:15,19.13,19.23,18.93,18.98,42,0,0
2025.06.05 20:30,18.93,19.03,18.88,18.98,37,0,0
2025.06.05 20:45,18.93,19.13,18.93,19.13,60,0,0
2025.06.05 21:00,19.08,19.33,19.08,19.28,76,0,0
2025.06.05 21:15,19.23,19.78,19.23,19.58,141,0,0
2025.06.05 21:30,19.53,19.58,19.23,19.33,87,0,0
2025.06.05 21:45,19.38,19.58,19.18,19.48,132,0,0
2025.06.05 22:00,19.43,19.53,19.38,19.53,31,0,0
2025.06.05 22:15,19.58,19.63,19.53,19.53,29,0,0
2025.06.05 22:30,19.53,19.68,19.53,19.63,26,0,0
2025.06.05 22:45,19.63,19.75,19.63,19.75,20,0,0
2025.06.06 00:00,19.8,19.81,19.71,19.71,21,0,0
2025.06.06 00:15,19.66,19.66,19.61,19.61,4,0,0
2025.06.06 00:30,19.63,19.63,19.58,19.63,32,0,0
2025.06.06 00:45,19.58,19.63,19.53,19.53,6,0,0
2025.06.06 01:30,19.48,19.53,19.48,19.53,4,0,0
2025.06.06 01:45,19.48,19.53,19.48,19.53,2,0,0
2025.06.06 02:00,19.48,19.53,19.43,19.43,7,0,0
2025.06.06 02:15,19.48,19.48,19.43,19.48,11,0,0
2025.06.06 02:30,19.43,19.48,19.43,19.43,9,0,0
2025.06.06 02:45,19.48,19.48,19.43,19.43,3,0,0
2025.06.06 03:00,19.48,19.48,19.43,19.48,13,0,0
2025.06.06 03:15,19.43,19.53,19.43,19.53,3,0,0
2025.06.06 03:30,19.48,19.53,19.48,19.48,5,0,0
2025.06.06 03:45,19.43,19.48,19.43,19.48,2,0,0
2025.06.06 05:15,19.43,19.43,19.43,19.43,2,0,0
2025.06.06 06:30,19.38,19.38,19.33,19.33,2,0,0
2025.06.06 06:45,19.28,19.28,19.28,19.28,2,0,0
2025.06.06 07:00,19.23,19.28,19.23,19.28,15,0,0
2025.06.06 07:30,19.23,19.23,19.23,19.23,1,0,0
2025.06.06 07:45,19.28,19.28,19.28,19.28,1,0,0
2025.06.06 08:00,19.33,19.33,19.28,19.33,29,0,0
2025.06.06 08:15,19.28,19.33,19.28,19.28,10,0,0
2025.06.06 08:30,19.23,19.28,19.23,19.23,6,0,0
2025.06.06 08:45,19.23,19.28,19.23,19.23,3,0,0
2025.06.06 09:00,19.28,19.33,19.28,19.33,6,0,0
2025.06.06 09:15,19.28,19.28,19.23,19.28,9,0,0
2025.06.06 09:30,19.23,19.28,19.23,19.23,70,0,0
2025.06.06 09:45,19.28,19.28,19.28,19.28,1,0,0
2025.06.06 10:00,19.33,19.33,19.28,19.33,11,0,0
2025.06.06 10:15,19.28,19.33,19.28,19.28,13,0,0
2025.06.06 10:30,19.23,19.28,19.23,19.28,2,0,0
2025.06.06 10:45,19.23,19.23,19.23,19.23,3,0,0
2025.06.06 11:00,19.23,19.28,19.23,19.23,57,0,0
2025.06.06 11:30,19.28,19.28,19.28,19.28,1,0,0
2025.06.06 11:45,19.23,19.28,19.23,19.23,7,0,0
2025.06.06 12:00,19.23,19.28,19.23,19.23,27,0,0
2025.06.06 12:15,19.28,19.28,19.23,19.23,11,0,0
2025.06.06 12:30,19.28,19.28,19.28,19.28,1,0,0
2025.06.06 13:00,19.33,19.33,19.23,19.28,27,0,0
2025.06.06 13:15,19.23,19.28,19.23,19.23,15,0,0
2025.06.06 13:30,19.28,19.28,19.23,19.28,10,0,0
2025.06.06 13:45,19.23,19.23,19.23,19.23,1,0,0
2025.06.06 14:15,19.28,19.33,19.13,19.13,11,0,0
2025.06.06 14:30,19.08,19.08,18.73,18.78,77,0,0
2025.06.06 14:45,18.78,18.93,18.78,18.88,20,0,0
2025.06.06 15:00,18.83,18.93,18.83,18.83,18,0,0
2025.06.06 15:15,18.78,18.88,18.78,18.88,7,0,0
2025.06.06 15:30,18.83,18.83,18.68,18.68,18,0,0
2025.06.06 15:45,18.73,18.73,18.63,18.63,15,0,0
2025.06.06 16:00,18.68,18.83,18.68,18.78,15,0,0
2025.06.06 16:15,18.73,18.83,18.73,18.83,36,0,0
2025.06.06 16:30,18.88,18.88,18.73,18.78,7,0,0
2025.06.06 16:45,18.73,18.78,18.73,18.78,8,0,0
2025.06.06 17:00,18.73,18.78,18.68,18.73,23,0,0
2025.06.06 17:15,18.78,18.98,18.78,18.78,35,0,0
2025.06.06 17:30,18.83,18.83,18.68,18.68,14,0,0
2025.06.06 17:45,18.63,18.63,18.58,18.58,6,0,0
2025.06.06 18:00,18.53,18.58,18.53,18.53,3,0,0
2025.06.06 18:15,18.58,18.63,18.53,18.58,7,0,0
2025.06.06 18:30,18.53,18.68,18.53,18.68,25,0,0
2025.06.06 18:45,18.63,18.78,18.63,18.68,47,0,0
2025.06.06 19:00,18.73,18.73,18.63,18.63,21,0,0
2025.06.06 19:15,18.68,18.68,18.58,18.58,11,0,0
2025.06.06 19:30,18.53,18.53,18.48,18.48,10,0,0
2025.06.06 19:45,18.53,18.53,18.48,18.48,2,0,0
2025.06.06 20:00,18.43,18.48,18.43,18.48,10,0,0
2025.06.06 20:15,18.43,18.53,18.43,18.48,14,0,0
2025.06.06 20:30,18.53,18.53,18.48,18.53,3,0,0
2025.06.06 20:45,18.48,18.53,18.48,18.53,2,0,0
2025.06.06 21:00,18.48,18.53,18.48,18.53,7,0,0
2025.06.06 21:15,18.58,18.58,18.53,18.58,7,0,0
2025.06.06 21:30,18.53,18.53,18.48,18.48,7,0,0
2025.06.06 21:45,18.53,18.53,18.38,18.48,16,0,0
2025.06.09 00:00,18.46,18.51,18.46,18.51,4,0,0
2025.06.09 00:15,18.51,18.61,18.51,18.61,12,0,0
2025.06.09 00:30,18.63,18.63,18.63,18.63,1,0,0
2025.06.09 00:45,18.68,18.68,18.63,18.63,2,0,0
2025.06.09 01:00,18.68,18.68,18.63,18.63,9,0,0
2025.06.09 01:15,18.58,18.63,18.58,18.58,5,0,0
2025.06.09 01:30,18.58,18.63,18.58,18.58,11,0,0
2025.06.09 02:00,18.53,18.53,18.53,18.53,1,0,0
2025.06.09 02:15,18.53,18.58,18.53,18.58,9,0,0
2025.06.09 03:00,18.63,18.63,18.63,18.63,1,0,0
2025.06.09 03:15,18.68,18.68,18.68,18.68,1,0,0
2025.06.09 03:45,18.63,18.68,18.63,18.68,2,0,0
2025.06.09 04:00,18.63,18.68,18.63,18.68,19,0,0
2025.06.09 04:15,18.63,18.68,18.63,18.68,3,0,0
2025.06.09 05:00,18.73,18.73,18.73,18.73,1,0,0
2025.06.09 06:45,18.68,18.68,18.68,18.68,1,0,0
2025.06.09 07:00,18.68,18.73,18.68,18.68,9,0,0
2025.06.09 07:45,18.63,18.63,18.63,18.63,1,0,0
2025.06.09 08:00,18.68,18.68,18.68,18.68,1,0,0
2025.06.09 08:30,18.63,18.68,18.63,18.63,9,0,0
2025.06.09 08:45,18.63,18.68,18.63,18.63,8,0,0
2025.06.09 09:00,18.58,18.63,18.58,18.63,18,0,0
2025.06.09 09:15,18.68,18.68,18.63,18.68,3,0,0
2025.06.09 09:30,18.63,18.68,18.63,18.63,18,0,0
2025.06.09 09:45,18.58,18.58,18.58,18.58,1,0,0
2025.06.09 10:15,18.63,18.63,18.63,18.63,1,0,0
2025.06.09 10:45,18.58,18.58,18.53,18.53,3,0,0
2025.06.09 11:00,18.58,18.58,18.58,18.58,1,0,0
2025.06.09 11:15,18.53,18.53,18.53,18.53,2,0,0
2025.06.09 11:30,18.48,18.53,18.48,18.53,2,0,0
2025.06.09 12:15,18.48,18.48,18.48,18.48,1,0,0
2025.06.09 12:30,18.53,18.53,18.53,18.53,1,0,0
2025.06.09 13:15,18.48,18.53,18.48,18.48,7,0,0
2025.06.09 13:30,18.43,18.48,18.43,18.48,3,0,0
2025.06.09 14:15,18.53,18.53,18.48,18.48,6,0,0
2025.06.09 14:45,18.43,18.48,18.43,18.43,5,0,0
2025.06.09 15:15,18.48,18.48,18.28,18.28,7,0,0
2025.06.09 15:30,18.33,18.43,18.28,18.28,25,0,0
2025.06.09 15:45,18.23,18.38,18.23,18.38,34,0,0
2025.06.09 16:00,18.33,18.38,18.23,18.23,26,0,0
2025.06.09 16:15,18.18,18.28,18.18,18.28,15,0,0
2025.06.09 16:30,18.23,18.28,18.23,18.28,13,0,0
2025.06.09 16:45,18.28,18.33,18.28,18.28,10,0,0
2025.06.09 17:00,18.23,18.28,18.23,18.28,8,0,0
2025.06.09 17:15,18.33,18.33,18.28,18.28,6,0,0
2025.06.09 17:45,18.23,18.23,18.18,18.23,7,0,0
2025.06.09 18:00,18.18,18.23,18.18,18.18,6,0,0
2025.06.09 18:15,18.23,18.23,18.23,18.23,3,0,0
2025.06.09 18:30,18.18,18.18,18.13,18.13,5,0,0
2025.06.09 18:45,18.08,18.18,18.08,18.13,4,0,0
2025.06.09 19:00,18.08,18.13,18.08,18.13,5,0,0
2025.06.09 19:15,18.08,18.13,18.08,18.08,8,0,0
2025.06.09 20:15,18.13,18.13,18.13,18.13,1,0,0
2025.06.09 20:30,18.18,18.18,18.13,18.13,10,0,0
2025.06.09 21:00,18.08,18.13,18.08,18.13,2,0,0
2025.06.09 21:15,18.18,18.18,18.13,18.13,4,0,0
2025.06.09 21:30,18.18,18.18,18.18,18.18,1,0,0
2025.06.09 21:45,18.23,18.23,18.13,18.23,13,0,0
2025.06.09 22:00,18.28,18.28,18.23,18.28,3,0,0
2025.06.09 22:45,18.3,18.3,18.3,18.3,1,0,0
2025.06.10 00:00,18.25,18.26,18.16,18.16,22,0,0
2025.06.10 00:30,18.18,18.23,18.18,18.23,5,0,0
2025.06.10 00:45,18.18,18.23,18.18,18.23,14,0,0
2025.06.10 02:30,18.18,18.18,18.18,18.18,1,0,0
2025.06.10 03:15,18.13,18.18,18.08,18.08,14,0,0
2025.06.10 03:30,18.03,18.08,18.03,18.08,2,0,0
2025.06.10 03:45,18.13,18.13,18.08,18.08,2,0,0
2025.06.10 04:00,18.13,18.13,18.13,18.13,1,0,0
2025.06.10 06:15,18.18,18.18,18.18,18.18,1,0,0
2025.06.10 06:30,18.13,18.13,18.13,18.13,1,0,0
2025.06.10 07:15,18.18,18.43,18.18,18.43,25,0,0
2025.06.10 07:30,18.48,18.53,18.33,18.33,33,0,0
2025.06.10 07:45,18.28,18.33,18.28,18.33,9,0,0
2025.06.10 08:00,18.28,18.33,18.28,18.33,24,0,0
2025.06.10 08:15,18.28,18.33,18.28,18.28,5,0,0
2025.06.10 08:30,18.33,18.33,18.28,18.28,2,0,0
2025.06.10 08:45,18.28,18.33,18.28,18.28,4,0,0
2025.06.10 09:00,18.28,18.33,18.28,18.28,25,0,0
2025.06.10 09:15,18.23,18.38,18.23,18.38,15,0,0
2025.06.10 09:30,18.33,18.43,18.28,18.43,20,0,0
2025.06.10 09:45,18.48,18.48,18.28,18.28,21,0,0
2025.06.10 10:00,18.33,18.43,18.28,18.43,17,0,0
2025.06.10 10:15,18.38,18.43,18.38,18.38,18,0,0
2025.06.10 10:30,18.33,18.38,18.28,18.28,20,0,0
2025.06.10 10:45,18.33,18.33,18.33,18.33,1,0,0
2025.06.10 11:00,18.28,18.33,18.28,18.28,5,0,0
2025.06.10 11:15,18.23,18.28,18.23,18.23,7,0,0
2025.06.10 11:30,18.28,18.28,18.23,18.23,2,0,0
2025.06.10 12:00,18.18,18.23,18.13,18.18,8,0,0
2025.06.10 12:15,18.23,18.23,18.18,18.18,4,0,0
2025.06.10 12:30,18.23,18.23,18.18,18.23,28,0,0
2025.06.10 12:45,18.18,18.23,18.18,18.18,17,0,0
2025.06.10 13:00,18.13,18.23,18.13,18.23,20,0,0
2025.06.10 13:15,18.18,18.23,18.18,18.18,11,0,0
2025.06.10 13:30,18.18,18.23,18.13,18.18,17,0,0
2025.06.10 13:45,18.13,18.13,18.13,18.13,1,0,0
2025.06.10 14:00,18.18,18.18,18.13,18.13,2,0,0
2025.06.10 14:30,18.08,18.13,18.08,18.08,3,0,0
2025.06.10 14:45,18.13,18.13,18.13,18.13,1,0,0
2025.06.10 15:00,18.13,18.18,18.13,18.13,8,0,0
2025.06.10 15:15,18.18,18.18,18.13,18.13,9,0,0
2025.06.10 15:30,18.08,18.08,17.98,18.08,9,0,0
2025.06.10 15:45,18.03,18.13,18.03,18.08,9,0,0
2025.06.10 16:00,18.03,18.08,18.03,18.08,4,0,0
2025.06.10 16:15,18.13,18.13,18.08,18.08,8,0,0
2025.06.10 16:30,18.03,18.08,18.03,18.08,4,0,0
2025.06.10 16:45,18.13,18.13,18.08,18.13,3,0,0
2025.06.10 17:00,18.08,18.13,18.08,18.13,6,0,0
2025.06.10 17:15,18.08,18.13,18.08,18.08,6,0,0
2025.06.10 17:30,18.13,18.33,18.03,18.08,42,0,0
2025.06.10 17:45,18.03,18.03,17.98,17.98,2,0,0
2025.06.10 18:00,17.93,17.98,17.93,17.98,4,0,0
2025.06.10 18:15,17.93,17.98,17.93,17.93,5,0,0
2025.06.10 18:30,17.98,17.98,17.98,17.98,1,0,0
2025.06.10 18:45,17.93,17.98,17.93,17.98,8,0,0
2025.06.10 19:00,17.93,17.98,17.93,17.98,6,0,0
2025.06.10 19:15,18.03,18.03,17.98,18.03,7,0,0
2025.06.10 19:30,18.08,18.08,18.03,18.03,2,0,0
2025.06.10 19:45,18.08,18.08,18.08,18.08,1,0,0
2025.06.10 20:00,18.13,18.18,18.08,18.08,57,0,0
2025.06.10 20:15,18.13,18.13,17.93,17.98,15,0,0
2025.06.10 20:30,17.93,17.98,17.93,17.98,4,0,0
2025.06.10 20:45,17.93,17.98,17.93,17.98,2,0,0
2025.06.10 21:15,18.03,18.03,17.98,17.98,10,0,0
2025.06.10 21:30,18.03,18.08,18.03,18.03,3,0,0
2025.06.10 21:45,17.98,18.08,17.98,18.03,9,0,0
2025.06.10 22:00,18.08,18.08,18.08,18.08,1,0,0
2025.06.10 22:45,18.1,18.1,18.1,18.1,1,0,0
2025.06.11 00:00,18.06,18.11,18.06,18.11,8,0,0
2025.06.11 00:30,18.13,18.13,18.13,18.13,1,0,0
2025.06.11 00:45,18.08,18.13,18.08,18.08,4,0,0
2025.06.11 01:00,18.13,18.18,18.13,18.13,12,0,0
2025.06.11 01:15,18.08,18.13,18.03,18.08,9,0,0
2025.06.11 01:30,18.13,18.13,18.13,18.13,1,0,0
2025.06.11 01:45,18.18,18.18,18.18,18.18,1,0,0
2025.06.11 02:00,18.18,18.23,18.18,18.23,17,0,0
2025.06.11 02:15,18.18,18.23,18.18,18.23,2,0,0
2025.06.11 02:30,18.28,18.28,18.23,18.23,2,0,0
2025.06.11 02:45,18.23,18.28,18.23,18.28,2,0,0
2025.06.11 03:00,18.23,18.28,18.23,18.28,4,0,0
2025.06.11 03:15,18.33,18.33,18.28,18.28,7,0,0
2025.06.11 03:30,18.33,18.33,18.28,18.28,2,0,0
2025.06.11 04:30,18.23,18.23,18.23,18.23,1,0,0
2025.06.11 04:45,18.28,18.28,18.23,18.28,5,0,0
2025.06.11 06:15,18.23,18.28,18.23,18.28,3,0,0
2025.06.11 06:45,18.33,18.33,18.33,18.33,1,0,0
2025.06.11 07:00,18.28,18.33,18.28,18.28,16,0,0
2025.06.11 07:15,18.28,18.33,18.28,18.33,2,0,0
2025.06.11 07:30,18.28,18.33,18.28,18.33,4,0,0
2025.06.11 07:45,18.28,18.33,18.23,18.28,5,0,0
2025.06.11 08:00,18.33,18.33,18.28,18.33,9,0,0
2025.06.11 08:15,18.28,18.28,18.28,18.28,1,0,0
2025.06.11 08:30,18.28,18.33,18.28,18.28,14,0,0
2025.06.11 09:00,18.23,18.28,18.23,18.23,27,0,0
2025.06.11 09:15,18.23,18.28,18.23,18.28,36,0,0
2025.06.11 09:30,18.33,18.33,18.23,18.23,6,0,0
2025.06.11 09:45,18.18,18.23,18.13,18.13,10,0,0
2025.06.11 10:15,18.08,18.13,18.08,18.08,24,0,0
2025.06.11 10:30,18.13,18.13,18.03,18.08,8,0,0
2025.06.11 10:45,18.13,18.13,18.08,18.08,5,0,0
2025.06.11 11:00,18.13,18.13,18.13,18.13,1,0,0
2025.06.11 11:30,18.18,18.18,18.13,18.13,2,0,0
2025.06.11 11:45,18.18,18.18,18.18,18.18,1,0,0
2025.06.11 12:00,18.13,18.18,18.13,18.13,4,0,0
2025.06.11 12:30,18.13,18.18,18.13,18.13,5,0,0
2025.06.11 12:45,18.08,18.13,18.08,18.13,10,0,0
2025.06.11 13:00,18.18,18.18,18.13,18.13,2,0,0
2025.06.11 13:15,18.18,18.18,18.13,18.13,4,0,0
2025.06.11 13:30,18.08,18.13,18.08,18.08,10,0,0
2025.06.11 13:45,18.13,18.13,18.08,18.08,2,0,0
2025.06.11 14:00,18.03,18.23,17.98,18.03,46,0,0
2025.06.11 14:15,18.08,18.08,17.98,17.98,9,0,0
2025.06.11 14:30,17.98,17.98,17.43,17.63,100,0,0
2025.06.11 14:45,17.68,17.68,17.58,17.63,28,0,0
2025.06.11 15:00,17.58,17.68,17.58,17.63,16,0,0
2025.06.11 15:15,17.58,17.58,17.58,17.58,1,0,0
2025.06.11 15:30,17.63,17.78,17.58,17.73,44,0,0
2025.06.11 15:45,17.78,17.83,17.63,17.73,41,0,0
2025.06.11 16:00,17.68,17.78,17.68,17.68,26,0,0
2025.06.11 16:15,17.73,17.73,17.68,17.73,3,0,0
2025.06.11 16:30,17.68,17.73,17.68,17.68,5,0,0
2025.06.11 16:45,17.73,17.73,17.68,17.68,6,0,0
2025.06.11 17:00,17.63,17.73,17.58,17.63,22,0,0
2025.06.11 17:15,17.58,17.68,17.58,17.63,16,0,0
2025.06.11 17:30,17.68,17.68,17.63,17.63,36,0,0
2025.06.11 17:45,17.58,17.68,17.58,17.68,43,0,0
2025.06.11 18:00,17.63,17.78,17.63,17.73,59,0,0
2025.06.11 18:15,17.78,17.83,17.68,17.68,21,0,0
2025.06.11 18:30,17.63,17.73,17.63,17.68,30,0,0
2025.06.11 18:45,17.63,17.63,17.58,17.58,15,0,0
2025.06.11 19:00,17.53,17.58,17.43,17.48,12,0,0
2025.06.11 19:15,17.43,17.48,17.38,17.43,35,0,0
2025.06.11 19:30,17.38,17.43,17.38,17.43,11,0,0
2025.06.11 19:45,17.38,17.63,17.38,17.63,41,0,0
2025.06.11 20:00,17.58,18.13,17.58,18.13,147,0,0
2025.06.11 20:15,18.18,18.38,18.13,18.28,141,0,0
2025.06.11 20:30,18.33,18.43,17.98,18.03,132,0,0
2025.06.11 20:45,17.98,18.28,17.93,18.23,127,0,0
2025.06.11 21:00,18.28,18.38,18.23,18.28,130,0,0
2025.06.11 21:15,18.23,18.43,18.23,18.43,119,0,0
2025.06.11 21:30,18.48,18.73,18.43,18.48,86,0,0
2025.06.11 21:45,18.43,18.53,18.18,18.23,75,0,0
2025.06.11 22:00,18.28,18.28,18.18,18.18,14,0,0
2025.06.11 22:15,18.23,18.23,18.18,18.23,5,0,0
2025.06.11 22:30,18.28,18.28,18.23,18.28,29,0,0
2025.06.11 22:45,18.3,18.3,18.3,18.3,1,0,0
2025.06.12 00:00,20.01,20.11,20.01,20.01,29,0,0
2025.06.12 00:15,20.06,20.06,20.01,20.06,5,0,0
2025.06.12 00:30,20.08,20.08,20.03,20.03,5,0,0
2025.06.12 00:45,20.08,20.13,20.03,20.13,28,0,0
2025.06.12 01:00,20.08,20.18,20.08,20.13,26,0,0
2025.06.12 01:15,20.18,20.18,20.13,20.13,3,0,0
2025.06.12 01:30,20.08,20.13,20.03,20.08,6,0,0
2025.06.12 01:45,20.08,20.13,20.08,20.13,2,0,0
2025.06.12 02:00,20.08,20.18,20.08,20.13,22,0,0
2025.06.12 02:15,20.18,20.23,20.18,20.23,23,0,0
2025.06.12 02:30,20.18,20.28,20.13,20.18,32,0,0
2025.06.12 02:45,20.23,20.28,20.23,20.23,9,0,0
2025.06.12 03:00,20.23,20.23,20.18,20.23,5,0,0
2025.06.12 03:15,20.18,20.33,20.18,20.28,16,0,0
2025.06.12 03:30,20.23,20.33,20.23,20.33,10,0,0
2025.06.12 03:45,20.28,20.28,20.28,20.28,1,0,0
2025.06.12 04:00,20.28,20.33,20.28,20.28,6,0,0
2025.06.12 04:45,20.28,20.33,20.28,20.28,10,0,0
2025.06.12 05:15,20.23,20.23,20.18,20.18,3,0,0
2025.06.12 05:30,20.18,20.18,20.18,20.18,2,0,0
2025.06.12 05:45,20.23,20.23,20.23,20.23,1,0,0
2025.06.12 06:30,20.23,20.28,20.23,20.28,3,0,0
2025.06.12 06:45,20.23,20.28,20.23,20.23,5,0,0
2025.06.12 07:00,20.28,20.28,20.28,20.28,1,0,0
2025.06.12 07:15,20.23,20.28,20.23,20.23,6,0,0
2025.06.12 07:30,20.23,20.33,20.23,20.28,8,0,0
2025.06.12 07:45,20.28,20.33,20.28,20.28,10,0,0
2025.06.12 08:15,20.23,20.28,20.23,20.28,17,0,0
2025.06.12 08:30,20.23,20.28,20.23,20.23,27,0,0
2025.06.12 08:45,20.18,20.23,20.18,20.23,20,0,0
2025.06.12 09:00,20.18,20.23,20.18,20.18,3,0,0
2025.06.12 09:15,20.23,20.23,20.18,20.18,4,0,0
2025.06.12 09:30,20.23,20.28,20.18,20.23,15,0,0
2025.06.12 09:45,20.18,20.33,20.18,20.28,16,0,0
2025.06.12 10:00,20.33,20.43,20.33,20.33,13,0,0
2025.06.12 10:15,20.33,20.38,20.33,20.33,40,0,0
2025.06.12 10:30,20.33,20.38,20.33,20.33,34,0,0
2025.06.12 10:45,20.28,20.28,20.23,20.23,5,0,0
2025.06.12 11:00,20.18,20.23,20.18,20.23,5,0,0
2025.06.12 11:15,20.18,20.23,20.18,20.23,8,0,0
2025.06.12 11:30,20.18,20.28,20.18,20.23,18,0,0
2025.06.12 11:45,20.18,20.23,20.18,20.23,8,0,0
2025.06.12 12:00,20.28,20.33,20.23,20.28,37,0,0
2025.06.12 12:15,20.23,20.38,20.23,20.33,14,0,0
2025.06.12 12:30,20.38,20.38,20.28,20.33,30,0,0
2025.06.12 12:45,20.28,20.33,20.23,20.28,14,0,0
2025.06.12 13:00,20.23,20.33,20.23,20.28,31,0,0
2025.06.12 13:15,20.33,20.38,20.28,20.38,23,0,0
2025.06.12 13:30,20.43,20.43,20.38,20.38,40,0,0
2025.06.12 13:45,20.43,20.43,20.38,20.38,35,0,0
2025.06.12 14:00,20.38,20.38,20.33,20.33,39,0,0
2025.06.12 14:15,20.38,20.48,20.33,20.43,57,0,0
2025.06.12 14:30,20.38,20.43,20.23,20.28,38,0,0
2025.06.12 14:45,20.23,20.33,20.23,20.28,28,0,0
2025.06.12 15:00,20.33,20.33,20.23,20.28,38,0,0
2025.06.12 15:15,20.23,20.28,20.18,20.18,30,0,0
2025.06.12 15:30,20.23,20.28,20.08,20.13,30,0,0
2025.06.12 15:45,20.18,20.18,20.08,20.13,26,0,0
2025.06.12 16:00,20.08,20.13,19.98,19.98,10,0,0
2025.06.12 16:15,20.03,20.03,19.93,19.93,9,0,0
2025.06.12 16:30,19.98,19.98,19.88,19.98,14,0,0
2025.06.12 16:45,19.93,20.03,19.93,19.98,6,0,0
2025.06.12 17:00,19.93,20.03,19.93,19.98,10,0,0
2025.06.12 17:15,20.03,20.28,19.98,20.13,58,0,0
2025.06.12 17:30,20.18,20.23,20.13,20.18,61,0,0
2025.06.12 17:45,20.23,20.28,20.23,20.23,4,0,0
2025.06.12 18:00,20.18,20.33,20.18,20.23,53,0,0
2025.06.12 18:15,20.18,20.28,20.13,20.13,23,0,0
2025.06.12 18:30,20.18,20.23,19.98,20.03,23,0,0
2025.06.12 18:45,20.08,20.13,20.03,20.13,35,0,0
2025.06.12 19:00,20.08,20.13,19.93,19.98,42,0,0
2025.06.12 19:15,19.93,19.98,19.93,19.98,27,0,0
2025.06.12 19:30,19.93,19.98,19.88,19.93,14,0,0
2025.06.12 19:45,19.98,19.98,19.93,19.98,11,0,0
2025.06.12 20:00,19.93,20.03,19.93,20.03,7,0,0
2025.06.12 20:15,19.98,20.13,19.98,20.08,28,0,0
2025.06.12 20:30,20.13,20.13,20.08,20.13,51,0,0
2025.06.12 20:45,20.08,20.13,20.08,20.08,23,0,0
2025.06.12 21:00,20.13,20.13,20.08,20.13,19,0,0
2025.06.12 21:15,20.08,20.13,20.08,20.13,29,0,0
2025.06.12 21:30,20.08,20.18,20.08,20.13,6,0,0
2025.06.12 21:45,20.18,20.23,20.13,20.18,17,0,0
2025.06.12 22:00,20.23,20.23,20.13,20.13,5,0,0
2025.06.12 22:15,20.18,20.18,20.18,20.18,1,0,0
2025.06.12 22:45,20.2,20.2,20.2,20.2,1,0,0
2025.06.13 00:00,20.16,20.21,20.16,20.21,6,0,0
2025.06.13 00:15,20.21,20.26,20.21,20.26,2,0,0
2025.06.13 00:30,20.28,20.28,20.28,20.28,1,0,0
2025.06.13 01:30,20.33,20.33,20.28,20.33,5,0,0
2025.06.13 01:45,20.28,20.53,20.28,20.53,20,0,0
2025.06.13 02:00,20.58,21.03,20.53,20.78,225,0,0
2025.06.13 02:15,20.78,21.08,20.78,21.08,101,0,0
2025.06.13 02:30,21.13,21.48,21.08,21.43,113,0,0
2025.06.13 02:45,21.48,22.13,21.38,21.88,188,0,0
2025.06.13 03:00,21.93,22.13,21.78,22.03,116,0,0
2025.06.13 03:15,22.03,22.08,21.83,21.98,99,0,0
2025.06.13 03:30,21.98,22.13,21.83,21.98,57,0,0
2025.06.13 03:45,21.93,21.93,21.68,21.68,76,0,0
2025.06.13 04:00,21.78,22.03,21.73,22.03,49,0,0
2025.06.13 04:15,22.03,22.43,22.03,22.38,81,0,0
2025.06.13 04:30,22.38,22.78,22.23,22.78,127,0,0
2025.06.13 04:45,22.68,23.03,22.48,22.93,155,0,0
2025.06.13 05:00,22.78,22.78,22.18,22.38,119,0,0
2025.06.13 05:15,22.43,22.68,22.13,22.58,94,0,0
2025.06.13 05:30,22.58,22.58,22.38,22.43,41,0,0
2025.06.13 05:45,22.38,22.43,22.08,22.08,69,0,0
2025.06.13 06:00,22.03,22.18,21.98,22.18,52,0,0
2025.06.13 06:15,22.18,22.28,22.13,22.23,27,0,0
2025.06.13 06:30,22.23,22.23,21.98,21.98,39,0,0
2025.06.13 06:45,22.03,22.03,21.93,21.98,14,0,0
2025.06.13 07:00,21.93,22.13,21.93,21.98,74,0,0
2025.06.13 07:15,22.03,22.03,21.98,21.98,15,0,0
2025.06.13 07:30,21.98,22.03,21.98,21.98,15,0,0
2025.06.13 07:45,21.98,22.03,21.83,21.83,29,0,0
2025.06.13 08:00,21.83,21.83,21.48,21.63,87,0,0
2025.06.13 08:15,21.63,21.88,21.63,21.83,65,0,0
2025.06.13 08:30,21.78,21.88,21.78,21.83,47,0,0
2025.06.13 08:45,21.88,21.88,21.63,21.63,42,0,0
2025.06.13 09:00,21.63,21.78,21.48,21.48,100,0,0
2025.06.13 09:15,21.53,21.63,21.43,21.43,70,0,0
2025.06.13 09:30,21.38,21.48,21.23,21.23,87,0,0
2025.06.13 09:45,21.18,21.28,21.13,21.18,68,0,0
2025.06.13 10:00,21.13,21.18,20.93,20.98,96,0,0
2025.06.13 10:15,20.98,21.28,20.98,21.23,71,0,0
2025.06.13 10:30,21.18,21.38,21.18,21.38,54,0,0
2025.06.13 10:45,21.38,21.53,21.38,21.48,47,0,0
2025.06.13 11:00,21.43,21.63,21.33,21.53,83,0,0
2025.06.13 11:15,21.58,21.58,21.33,21.38,81,0,0
2025.06.13 11:30,21.43,21.53,21.38,21.48,11,0,0
2025.06.13 11:45,21.48,21.58,21.38,21.43,26,0,0
2025.06.13 12:00,21.48,21.53,21.38,21.38,32,0,0
2025.06.13 12:15,21.38,21.53,21.38,21.43,53,0,0
2025.06.13 12:30,21.48,21.48,21.43,21.43,54,0,0
2025.06.13 12:45,21.43,21.43,21.33,21.33,50,0,0
2025.06.13 13:00,21.33,21.33,21.08,21.23,88,0,0
2025.06.13 13:15,21.18,21.33,21.18,21.33,30,0,0
2025.06.13 13:30,21.28,21.33,21.03,21.13,68,0,0
2025.06.13 13:45,21.08,21.13,20.98,21.03,39,0,0
2025.06.13 14:00,20.98,21.13,20.93,21.13,56,0,0
2025.06.13 14:15,21.08,21.18,20.98,21.03,29,0,0
2025.06.13 14:30,21.08,21.13,21.03,21.08,18,0,0
2025.06.13 14:45,21.03,21.23,21.03,21.08,60,0,0
2025.06.13 15:00,21.13,21.33,21.13,21.23,23,0,0
2025.06.13 15:15,21.28,21.33,21.03,21.08,63,0,0
2025.06.13 15:30,21.13,21.18,20.78,20.83,83,0,0
2025.06.13 15:45,20.88,21.18,20.88,21.08,57,0,0
2025.06.13 16:00,21.03,21.18,20.98,21.08,95,0,0
2025.06.13 16:15,21.13,21.28,21.08,21.23,72,0,0
2025.06.13 16:30,21.28,21.28,21.03,21.13,55,0,0
2025.06.13 16:45,21.18,21.28,20.83,20.83,49,0,0
2025.06.13 17:00,20.88,20.93,20.68,20.83,78,0,0
2025.06.13 17:15,20.78,20.88,20.73,20.73,51,0,0
2025.06.13 17:30,20.73,20.78,20.68,20.73,39,0,0
2025.06.13 17:45,20.68,20.68,20.58,20.58,17,0,0
2025.06.13 18:00,20.58,20.68,20.58,20.63,78,0,0
2025.06.13 18:15,20.63,20.78,20.63,20.73,16,0,0
2025.06.13 18:30,20.68,20.83,20.68,20.83,13,0,0
2025.06.13 18:45,20.78,20.78,20.73,20.78,3,0,0
2025.06.13 19:00,20.83,21.03,20.78,20.98,39,0,0
2025.06.13 19:15,21.03,21.13,20.93,21.13,74,0,0
2025.06.13 19:30,21.08,21.23,21.03,21.18,24,0,0
2025.06.13 19:45,21.13,21.23,21.08,21.13,37,0,0
2025.06.13 20:00,21.18,21.33,21.08,21.33,75,0,0
2025.06.13 20:15,21.38,21.68,21.33,21.63,92,0,0
2025.06.13 20:30,21.58,21.93,21.58,21.83,109,0,0
2025.06.13 20:45,21.78,21.88,21.63,21.63,110,0,0
2025.06.13 21:00,21.68,21.78,21.43,21.53,114,0,0
2025.06.13 21:15,21.48,21.78,21.48,21.78,90,0,0
2025.06.13 21:30,21.73,21.78,21.58,21.78,77,0,0
2025.06.13 21:45,21.83,21.88,21.63,21.63,103,0,0
