time,open,high,low,close,tick_volume,spread,real_volume
2025.05.15 02:35,0.94041,0.94046,0.9402,0.9402,120.0,0,0.0
2025.05.15 02:40,0.94021,0.94027,0.94017,0.9402,139.0,0,0.0
2025.05.15 02:45,0.94021,0.94034,0.94018,0.94026,113.0,0,0.0
2025.05.15 02:50,0.94023,0.94043,0.94017,0.94032,170.0,0,0.0
2025.05.15 02:55,0.94031,0.94031,0.94016,0.94021,171.0,0,0.0
2025.05.15 03:00,0.9402,0.94024,0.94009,0.94022,191.0,0,0.0
2025.05.15 03:05,0.94023,0.94034,0.94019,0.94029,197.0,0,0.0
2025.05.15 03:10,0.94026,0.94028,0.94007,0.94014,191.0,0,0.0
2025.05.15 03:15,0.94014,0.94018,0.94006,0.94011,187.0,0,0.0
2025.05.15 03:20,0.94012,0.94013,0.94008,0.94012,155.0,0,0.0
2025.05.15 03:25,0.94013,0.94013,0.93981,0.93981,112.0,0,0.0
2025.05.15 03:30,0.93981,0.94031,0.93981,0.94023,167.0,0,0.0
2025.05.15 03:35,0.94022,0.94025,0.94003,0.94004,147.0,0,0.0
2025.05.15 03:40,0.94004,0.94011,0.94001,0.94002,142.0,0,0.0
2025.05.15 03:45,0.94003,0.94003,0.93987,0.93998,107.0,0,0.0
2025.05.15 03:50,0.93995,0.94,0.93981,0.93993,84.0,0,0.0
2025.05.15 03:55,0.93992,0.93997,0.93985,0.93997,82.0,0,0.0
2025.05.15 04:00,0.93996,0.94001,0.93995,0.93999,74.0,0,0.0
2025.05.15 04:05,0.94,0.94006,0.93998,0.93999,93.0,0,0.0
2025.05.15 04:10,0.94,0.94001,0.93983,0.93986,67.0,0,0.0
2025.05.15 04:15,0.93985,0.93991,0.93981,0.93986,80.0,0,0.0
2025.05.15 04:20,0.93984,0.93989,0.93979,0.93986,87.0,0,0.0
2025.05.15 04:25,0.93987,0.93987,0.93972,0.93979,64.0,0,0.0
2025.05.15 04:30,0.93975,0.93981,0.93975,0.93979,44.0,0,0.0
2025.05.15 04:35,0.9398,0.93985,0.93977,0.93982,79.0,0,0.0
2025.05.15 04:40,0.93983,0.93983,0.93973,0.93974,96.0,0,0.0
2025.05.15 04:45,0.93973,0.93986,0.93973,0.93982,77.0,0,0.0
2025.05.15 04:50,0.93981,0.93984,0.93978,0.93978,93.0,0,0.0
2025.05.15 04:55,0.93977,0.9398,0.93973,0.93974,58.0,0,0.0
2025.05.15 05:00,0.93973,0.93974,0.93959,0.93967,96.0,0,0.0
2025.05.15 05:05,0.93968,0.93971,0.93955,0.93959,82.0,0,0.0
2025.05.15 05:10,0.93957,0.9396,0.93949,0.93956,104.0,0,0.0
2025.05.15 05:15,0.93955,0.93959,0.93952,0.93957,85.0,0,0.0
2025.05.15 05:20,0.93958,0.93969,0.93952,0.93966,84.0,0,0.0
2025.05.15 05:25,0.93966,0.93974,0.93957,0.93973,115.0,0,0.0
2025.05.15 05:30,0.93977,0.9398,0.93969,0.93971,74.0,0,0.0
2025.05.15 05:35,0.9397,0.93983,0.93955,0.93971,140.0,0,0.0
2025.05.15 05:40,0.9397,0.93974,0.9395,0.93963,143.0,0,0.0
2025.05.15 05:45,0.93962,0.93974,0.93962,0.93974,116.0,0,0.0
2025.05.15 05:50,0.93972,0.93979,0.93971,0.93976,84.0,0,0.0
2025.05.15 05:55,0.93972,0.93981,0.93969,0.93978,101.0,0,0.0
2025.05.15 06:00,0.93979,0.94012,0.93978,0.93999,118.0,0,0.0
2025.05.15 06:05,0.94,0.94021,0.93984,0.93989,101.0,0,0.0
2025.05.15 06:10,0.93988,0.93996,0.93972,0.93982,91.0,0,0.0
2025.05.15 06:15,0.93981,0.93982,0.93972,0.93979,115.0,0,0.0
2025.05.15 06:20,0.93978,0.93984,0.93978,0.93982,57.0,0,0.0
2025.05.15 06:25,0.93981,0.94007,0.93981,0.94004,78.0,0,0.0
2025.05.15 06:30,0.94005,0.94018,0.94005,0.94016,58.0,0,0.0
2025.05.15 06:35,0.94017,0.94031,0.94008,0.94026,85.0,0,0.0
2025.05.15 07:15,0.94043,0.94047,0.94018,0.94019,119.0,0,0.0
2025.05.15 07:20,0.94019,0.9402,0.94004,0.9401,163.0,0,0.0
2025.05.15 07:25,0.9401,0.94028,0.94007,0.94026,164.0,0,0.0
2025.05.15 07:30,0.94027,0.94035,0.9402,0.94026,175.0,0,0.0
2025.05.15 07:35,0.94026,0.94026,0.93995,0.93996,127.0,0,0.0
2025.05.15 07:40,0.93995,0.94002,0.93987,0.93992,112.0,0,0.0
2025.05.15 07:45,0.93991,0.93995,0.93971,0.93977,139.0,0,0.0
2025.05.15 07:50,0.93975,0.93978,0.93961,0.93976,118.0,0,0.0
2025.05.15 07:55,0.93974,0.93998,0.93955,0.93955,162.0,0,0.0
2025.05.15 08:00,0.93965,0.94013,0.93965,0.94009,229.0,0,0.0
2025.05.15 08:05,0.94011,0.94025,0.94005,0.94016,193.0,0,0.0
2025.05.15 08:10,0.94015,0.94032,0.9401,0.9402,198.0,0,0.0
2025.05.15 08:15,0.9402,0.94021,0.93991,0.93999,190.0,0,0.0
2025.05.15 08:20,0.93999,0.94003,0.93975,0.93996,261.0,0,0.0
2025.05.15 08:25,0.93998,0.94029,0.93994,0.94016,212.0,0,0.0
2025.05.15 08:30,0.94017,0.94021,0.93995,0.93996,210.0,0,0.0
2025.05.15 08:35,0.93999,0.94019,0.9399,0.94013,209.0,0,0.0
2025.05.15 08:40,0.94014,0.94014,0.93994,0.93998,151.0,0,0.0
2025.05.15 08:45,0.93999,0.94,0.93976,0.93978,226.0,0,0.0
2025.05.15 08:50,0.93977,0.94001,0.93974,0.93985,215.0,0,0.0
2025.05.15 08:55,0.93986,0.93994,0.93969,0.9398,215.0,0,0.0
2025.05.15 09:00,0.93981,0.93993,0.9397,0.93984,297.0,0,0.0
2025.05.15 09:05,0.93984,0.9399,0.93966,0.93971,260.0,0,0.0
2025.05.15 09:10,0.93973,0.93982,0.93915,0.93944,267.0,0,0.0
2025.05.15 09:15,0.93943,0.93963,0.93909,0.93942,248.0,0,0.0
2025.05.15 09:20,0.93941,0.93965,0.93937,0.93956,226.0,0,0.0
2025.05.15 09:25,0.93956,0.93969,0.93938,0.9394,251.0,0,0.0
2025.05.15 09:30,0.93941,0.93954,0.93922,0.93924,220.0,0,0.0
2025.05.15 09:35,0.93924,0.93925,0.93904,0.93908,189.0,0,0.0
2025.05.15 09:40,0.93907,0.93912,0.93879,0.93883,225.0,0,0.0
2025.05.15 09:45,0.93879,0.93897,0.93849,0.93854,251.0,0,0.0
2025.05.15 09:50,0.93853,0.93863,0.93826,0.93826,181.0,0,0.0
2025.05.15 09:55,0.93827,0.93839,0.93819,0.93822,200.0,0,0.0
2025.05.15 10:00,0.93821,0.93833,0.9381,0.93817,221.0,0,0.0
2025.05.15 10:05,0.93818,0.93821,0.93777,0.93791,181.0,0,0.0
2025.05.15 10:10,0.93792,0.93795,0.93769,0.93769,190.0,0,0.0
2025.05.15 10:15,0.93765,0.93802,0.93765,0.93802,177.0,0,0.0
2025.05.15 10:20,0.93796,0.93798,0.9377,0.93787,174.0,0,0.0
2025.05.15 10:25,0.93787,0.93811,0.93787,0.93805,179.0,0,0.0
2025.05.15 10:30,0.93806,0.93806,0.93779,0.93781,158.0,0,0.0
2025.05.15 10:35,0.93779,0.93782,0.93752,0.93761,193.0,0,0.0
2025.05.15 10:40,0.93762,0.93767,0.93716,0.93727,205.0,0,0.0
2025.05.15 10:45,0.93726,0.9379,0.93726,0.9379,206.0,0,0.0
2025.05.15 10:50,0.93791,0.93792,0.9375,0.93776,217.0,0,0.0
2025.05.15 10:55,0.93779,0.9379,0.93762,0.93762,236.0,0,0.0
2025.05.15 11:00,0.93773,0.93816,0.93773,0.93814,191.0,0,0.0
2025.05.15 11:05,0.93816,0.93842,0.9381,0.93816,176.0,0,0.0
2025.05.15 11:10,0.93816,0.93844,0.93814,0.93841,180.0,0,0.0
2025.05.15 11:15,0.93841,0.93851,0.93822,0.93825,149.0,0,0.0
2025.05.15 11:20,0.93826,0.93837,0.93816,0.93817,153.0,0,0.0
2025.05.15 11:25,0.93818,0.93841,0.93817,0.93837,163.0,0,0.0
2025.05.15 11:30,0.93838,0.9384,0.93783,0.93785,165.0,0,0.0
2025.05.15 11:35,0.93785,0.93789,0.93751,0.93756,177.0,0,0.0
2025.05.15 11:40,0.93756,0.93765,0.93739,0.93758,174.0,0,0.0
2025.05.15 11:45,0.93759,0.93772,0.93753,0.9377,129.0,0,0.0
2025.05.15 11:50,0.93771,0.93814,0.93771,0.93806,182.0,0,0.0
2025.05.15 11:55,0.93805,0.93817,0.93802,0.93816,135.0,0,0.0
2025.05.15 12:00,0.93817,0.93822,0.93795,0.93802,155.0,0,0.0
2025.05.15 12:05,0.93801,0.93819,0.93785,0.93789,156.0,0,0.0
2025.05.15 12:10,0.9379,0.93801,0.9378,0.93791,154.0,0,0.0
2025.05.15 12:15,0.93793,0.93817,0.93792,0.93805,165.0,0,0.0
2025.05.15 12:20,0.93805,0.93831,0.93802,0.9383,141.0,0,0.0
2025.05.15 12:25,0.93828,0.93844,0.93826,0.93839,167.0,0,0.0
2025.05.15 12:30,0.93838,0.93862,0.93833,0.93846,167.0,0,0.0
2025.05.15 12:35,0.93847,0.9385,0.93828,0.93845,175.0,0,0.0
2025.05.15 12:40,0.93845,0.93864,0.9384,0.9384,152.0,0,0.0
2025.05.15 12:45,0.9384,0.93855,0.93839,0.93846,157.0,0,0.0
2025.05.15 12:50,0.93844,0.93844,0.93818,0.93833,194.0,0,0.0
2025.05.15 12:55,0.93831,0.93859,0.93828,0.9384,182.0,0,0.0
2025.05.15 13:00,0.93841,0.93857,0.93835,0.93843,190.0,0,0.0
2025.05.15 13:05,0.93844,0.93846,0.93816,0.93831,206.0,0,0.0
2025.05.15 13:10,0.93833,0.93847,0.93822,0.93828,196.0,0,0.0
2025.05.15 13:15,0.93828,0.93848,0.93825,0.93848,173.0,0,0.0
2025.05.15 13:20,0.93848,0.93866,0.93847,0.9385,197.0,0,0.0
2025.05.15 13:25,0.93849,0.93849,0.93827,0.93839,178.0,0,0.0
2025.05.15 13:30,0.93839,0.9385,0.93825,0.93825,182.0,0,0.0
2025.05.15 13:35,0.93815,0.93836,0.93815,0.93825,210.0,0,0.0
2025.05.15 13:40,0.93826,0.93832,0.93805,0.93812,174.0,0,0.0
2025.05.15 13:45,0.93811,0.93824,0.93799,0.93803,191.0,0,0.0
2025.05.15 13:50,0.93802,0.93821,0.93797,0.93817,141.0,0,0.0
2025.05.15 13:55,0.93817,0.93835,0.93802,0.93809,182.0,0,0.0
2025.05.15 14:00,0.9381,0.93818,0.93791,0.93792,218.0,0,0.0
2025.05.15 14:05,0.93792,0.93803,0.93762,0.93765,190.0,0,0.0
2025.05.15 14:10,0.93764,0.93778,0.93716,0.93717,177.0,0,0.0
2025.05.15 14:15,0.93718,0.93758,0.93682,0.93754,215.0,0,0.0
2025.05.15 14:20,0.93759,0.93776,0.93749,0.93761,212.0,0,0.0
2025.05.15 14:25,0.93764,0.93768,0.93633,0.93685,201.0,0,0.0
2025.05.15 14:30,0.9371,0.93749,0.93672,0.93736,299.0,0,0.0
2025.05.15 14:35,0.93735,0.93776,0.93732,0.93745,248.0,0,0.0
2025.05.15 14:40,0.93735,0.93789,0.93719,0.93774,254.0,0,0.0
2025.05.15 14:45,0.93773,0.938,0.93764,0.93788,277.0,0,0.0
2025.05.15 14:50,0.9379,0.93806,0.9374,0.93741,277.0,0,0.0
2025.05.15 14:55,0.93743,0.93756,0.93726,0.93756,288.0,0,0.0
2025.05.15 15:00,0.93754,0.93765,0.93726,0.93733,318.0,0,0.0
2025.05.15 15:05,0.93734,0.93766,0.93728,0.93756,259.0,0,0.0
2025.05.15 15:10,0.93754,0.93758,0.93703,0.93704,232.0,0,0.0
2025.05.15 15:15,0.93718,0.93728,0.93701,0.93717,279.0,0,0.0
2025.05.15 15:20,0.93717,0.93719,0.9368,0.93684,207.0,0,0.0
2025.05.15 15:25,0.9368,0.93707,0.93678,0.93686,263.0,0,0.0
2025.05.15 15:30,0.93685,0.93686,0.93662,0.93672,233.0,0,0.0
2025.05.15 15:35,0.93669,0.93698,0.93669,0.93683,263.0,0,0.0
2025.05.15 15:40,0.93679,0.93693,0.93656,0.93685,254.0,0,0.0
2025.05.15 15:45,0.93684,0.93684,0.93639,0.93673,293.0,0,0.0
2025.05.15 15:50,0.93672,0.93681,0.93662,0.9367,237.0,0,0.0
2025.05.15 15:55,0.93667,0.93674,0.93582,0.93589,318.0,0,0.0
2025.05.15 16:00,0.93588,0.93627,0.93568,0.93605,340.0,0,0.0
2025.05.15 16:05,0.93606,0.9361,0.93555,0.93562,263.0,0,0.0
2025.05.15 16:10,0.93561,0.93586,0.93542,0.9357,294.0,0,0.0
2025.05.15 16:15,0.93572,0.93624,0.93558,0.93623,223.0,0,0.0
2025.05.15 16:20,0.93623,0.9365,0.93611,0.93619,291.0,0,0.0
2025.05.15 16:25,0.93618,0.93626,0.93586,0.93587,220.0,0,0.0
2025.05.15 16:30,0.93586,0.93625,0.93586,0.93622,233.0,0,0.0
2025.05.15 16:35,0.93623,0.9364,0.93603,0.93635,246.0,0,0.0
2025.05.15 16:40,0.93634,0.93648,0.93601,0.93645,218.0,0,0.0
2025.05.15 16:45,0.93644,0.9365,0.93611,0.93643,245.0,0,0.0
2025.05.15 16:50,0.93642,0.93642,0.93601,0.93607,232.0,0,0.0
2025.05.15 16:55,0.93606,0.93641,0.93606,0.93623,328.0,0,0.0
2025.05.15 17:00,0.93622,0.93634,0.93616,0.93621,273.0,0,0.0
2025.05.15 17:05,0.93621,0.9365,0.93613,0.93643,189.0,0,0.0
2025.05.15 17:10,0.93643,0.93648,0.93629,0.93638,186.0,0,0.0
2025.05.15 17:15,0.93635,0.93637,0.93609,0.9361,203.0,0,0.0
2025.05.15 17:20,0.93612,0.93633,0.93609,0.93628,221.0,0,0.0
2025.05.15 17:25,0.93624,0.93639,0.93579,0.93581,242.0,0,0.0
2025.05.15 17:30,0.93582,0.93597,0.93577,0.93581,185.0,0,0.0
2025.05.15 17:35,0.93582,0.93585,0.93559,0.9356,178.0,0,0.0
2025.05.15 17:40,0.93561,0.93573,0.93542,0.93549,185.0,0,0.0
2025.05.15 17:45,0.93549,0.93573,0.93547,0.93573,196.0,0,0.0
2025.05.15 17:50,0.93571,0.93571,0.93542,0.93548,198.0,0,0.0
2025.05.15 17:55,0.93546,0.93547,0.93525,0.93527,216.0,0,0.0
2025.05.15 18:00,0.93526,0.93539,0.93519,0.93529,187.0,0,0.0
2025.05.15 18:05,0.9353,0.93538,0.93511,0.93512,140.0,0,0.0
2025.05.15 18:10,0.93512,0.93516,0.9348,0.93481,150.0,0,0.0
2025.05.15 18:15,0.9348,0.93492,0.93468,0.93483,197.0,0,0.0
2025.05.15 18:20,0.93483,0.93518,0.93483,0.93495,210.0,0,0.0
2025.05.15 18:25,0.93496,0.935,0.93483,0.93489,196.0,0,0.0
2025.05.15 18:30,0.93488,0.93538,0.93483,0.93535,197.0,0,0.0
2025.05.15 18:35,0.93534,0.93559,0.93525,0.93557,177.0,0,0.0
2025.05.15 18:40,0.93556,0.93556,0.93527,0.93529,192.0,0,0.0
2025.05.15 18:45,0.93528,0.93545,0.93521,0.93543,169.0,0,0.0
2025.05.15 18:50,0.93543,0.93553,0.93521,0.93524,202.0,0,0.0
2025.05.15 18:55,0.93523,0.93532,0.93512,0.93532,207.0,0,0.0
2025.05.15 19:00,0.93534,0.93545,0.93525,0.9353,186.0,0,0.0
2025.05.15 19:05,0.93531,0.93545,0.9353,0.93534,182.0,0,0.0
2025.05.15 19:10,0.93534,0.93536,0.93512,0.93515,137.0,0,0.0
2025.05.15 19:15,0.93514,0.93516,0.93501,0.93501,118.0,0,0.0
2025.05.15 19:20,0.93501,0.93505,0.93491,0.93499,156.0,0,0.0
2025.05.15 19:25,0.93498,0.93517,0.93493,0.9351,169.0,0,0.0
2025.05.15 19:30,0.9351,0.93529,0.93502,0.9352,177.0,0,0.0
2025.05.15 19:35,0.9352,0.93525,0.93509,0.93514,176.0,0,0.0
2025.05.15 19:40,0.93515,0.93537,0.93512,0.93535,158.0,0,0.0
2025.05.15 19:45,0.93536,0.93542,0.9352,0.93532,143.0,0,0.0
2025.05.15 19:50,0.93533,0.93534,0.93514,0.93522,146.0,0,0.0
2025.05.15 19:55,0.93523,0.93523,0.935,0.93505,116.0,0,0.0
2025.05.15 20:00,0.93504,0.93519,0.935,0.93511,101.0,0,0.0
2025.05.15 20:05,0.93512,0.93525,0.93506,0.93507,125.0,0,0.0
2025.05.15 20:10,0.93506,0.93523,0.93506,0.93515,110.0,0,0.0
2025.05.15 20:15,0.93513,0.93515,0.935,0.935,99.0,0,0.0
2025.05.15 20:20,0.93501,0.93514,0.93501,0.93506,90.0,0,0.0
2025.05.15 20:25,0.93505,0.93511,0.93485,0.93487,110.0,0,0.0
2025.05.15 20:30,0.93486,0.93502,0.93485,0.9349,93.0,0,0.0
2025.05.15 20:35,0.93488,0.93488,0.93477,0.93488,65.0,0,0.0
2025.05.15 20:40,0.93487,0.93501,0.93487,0.935,82.0,0,0.0
2025.05.15 20:45,0.93501,0.93502,0.93481,0.93482,81.0,0,0.0
2025.05.15 20:50,0.93483,0.93488,0.9347,0.9347,89.0,0,0.0
2025.05.15 20:55,0.93468,0.93474,0.93451,0.93461,135.0,0,0.0
2025.05.15 21:00,0.93459,0.93483,0.93459,0.93466,124.0,0,0.0
2025.05.15 21:05,0.93464,0.93466,0.93459,0.93462,68.0,0,0.0
2025.05.15 21:10,0.93461,0.93471,0.93455,0.93462,113.0,0,0.0
2025.05.15 21:15,0.93461,0.93464,0.93434,0.93438,94.0,0,0.0
2025.05.15 21:20,0.93437,0.93437,0.93409,0.93423,130.0,0,0.0
2025.05.15 21:25,0.93422,0.93432,0.93409,0.93418,137.0,0,0.0
2025.05.15 21:30,0.93419,0.93439,0.93415,0.93417,135.0,0,0.0
2025.05.15 21:35,0.93415,0.93433,0.93411,0.93419,111.0,0,0.0
2025.05.15 21:40,0.93418,0.93437,0.93415,0.93429,134.0,0,0.0
2025.05.15 21:45,0.93426,0.93426,0.934,0.93403,142.0,0,0.0
2025.05.15 21:50,0.93404,0.93409,0.93388,0.93406,141.0,0,0.0
2025.05.15 21:55,0.93407,0.93438,0.93406,0.93431,145.0,0,0.0
2025.05.15 22:00,0.93435,0.93446,0.93428,0.93442,77.0,0,0.0
2025.05.15 22:05,0.93438,0.93443,0.93426,0.93433,52.0,0,0.0
2025.05.15 22:10,0.93434,0.93444,0.93428,0.93429,48.0,0,0.0
2025.05.15 22:15,0.93428,0.93431,0.93422,0.93423,49.0,0,0.0
2025.05.15 22:20,0.93421,0.93422,0.93409,0.93414,35.0,0,0.0
2025.05.15 22:25,0.93415,0.93445,0.93412,0.93431,57.0,0,0.0
2025.05.15 22:30,0.93432,0.93441,0.9343,0.93437,54.0,0,0.0
2025.05.15 22:35,0.93437,0.9344,0.93431,0.9344,71.0,0,0.0
2025.05.15 22:40,0.9344,0.93444,0.93437,0.93444,69.0,0,0.0
2025.05.15 22:45,0.93443,0.93453,0.9344,0.93452,70.0,0,0.0
2025.05.15 22:50,0.93445,0.93457,0.93444,0.93451,72.0,0,0.0
2025.05.15 22:55,0.93448,0.93486,0.93434,0.93486,169.0,0,0.0
2025.05.15 23:05,0.93479,0.93485,0.93451,0.93451,15.0,0,0.0
2025.05.15 23:10,0.93451,0.93451,0.93448,0.93449,7.0,0,0.0
2025.05.15 23:15,0.93447,0.93458,0.93415,0.93415,13.0,0,0.0
2025.05.15 23:20,0.93415,0.93415,0.93399,0.93409,8.0,0,0.0
2025.05.15 23:25,0.93403,0.93404,0.93376,0.93379,8.0,0,0.0
2025.05.15 23:30,0.93378,0.93436,0.93378,0.93429,6.0,0,0.0
2025.05.15 23:35,0.93428,0.93448,0.93424,0.93439,15.0,0,0.0
2025.05.15 23:40,0.93446,0.93462,0.93446,0.93455,12.0,0,0.0
2025.05.15 23:45,0.93451,0.93473,0.93427,0.9346,24.0,0,0.0
2025.05.15 23:50,0.93458,0.9346,0.93456,0.9346,3.0,0,0.0
2025.05.15 23:55,0.93465,0.93472,0.93459,0.93459,5.0,0,0.0
2025.05.16 00:00,0.93485,0.935,0.93476,0.93483,180.0,0,0.0
2025.05.16 00:05,0.93484,0.93485,0.93469,0.93476,95.0,0,0.0
2025.05.16 00:10,0.93475,0.93492,0.93472,0.93477,90.0,0,0.0
2025.05.16 00:15,0.93478,0.93494,0.93473,0.93487,160.0,0,0.0
2025.05.16 00:20,0.93486,0.93491,0.93481,0.93483,168.0,0,0.0
2025.05.16 00:25,0.93484,0.93485,0.93473,0.93479,125.0,0,0.0
2025.05.16 00:30,0.93478,0.93482,0.93469,0.93477,98.0,0,0.0
2025.05.16 00:35,0.93477,0.93479,0.93473,0.93475,111.0,0,0.0
2025.05.16 00:40,0.93475,0.93477,0.93454,0.93454,99.0,0,0.0
2025.05.16 00:45,0.93454,0.93458,0.93452,0.93457,94.0,0,0.0
2025.05.16 00:50,0.93457,0.93465,0.93451,0.93457,121.0,0,0.0
2025.05.16 00:55,0.93459,0.93471,0.93444,0.93448,70.0,0,0.0
2025.05.16 01:00,0.9345,0.93457,0.93447,0.9345,114.0,0,0.0
2025.05.16 01:05,0.93449,0.93459,0.93449,0.93456,66.0,0,0.0
2025.05.16 01:10,0.93456,0.93458,0.93446,0.93449,76.0,0,0.0
2025.05.16 01:15,0.9345,0.93454,0.9344,0.93452,77.0,0,0.0
2025.05.16 01:20,0.93451,0.9346,0.93449,0.93459,78.0,0,0.0
2025.05.16 01:25,0.9346,0.93464,0.93456,0.93462,81.0,0,0.0
2025.05.16 01:30,0.93463,0.93465,0.93452,0.93459,88.0,0,0.0
2025.05.16 01:35,0.93457,0.93469,0.93455,0.93467,135.0,0,0.0
2025.05.16 01:40,0.93466,0.93468,0.9345,0.93455,147.0,0,0.0
2025.05.16 01:45,0.93455,0.93463,0.93444,0.93449,119.0,0,0.0
2025.05.16 01:50,0.93449,0.93459,0.9344,0.9344,133.0,0,0.0
2025.05.16 01:55,0.93439,0.93444,0.93431,0.93433,151.0,0,0.0
2025.05.16 02:00,0.93432,0.93432,0.93388,0.9339,209.0,0,0.0
2025.05.16 02:05,0.93388,0.93417,0.93381,0.93401,177.0,0,0.0
2025.05.16 02:10,0.934,0.93408,0.93395,0.93401,133.0,0,0.0
2025.05.16 02:15,0.934,0.93414,0.93391,0.93413,167.0,0,0.0
2025.05.16 02:20,0.93411,0.93411,0.93391,0.93394,122.0,0,0.0
2025.05.16 02:25,0.93393,0.93396,0.93386,0.93395,169.0,0,0.0
2025.05.16 02:30,0.93394,0.93406,0.93392,0.93393,169.0,0,0.0
2025.05.16 02:35,0.93394,0.93397,0.93388,0.93388,109.0,0,0.0
2025.05.16 02:40,0.93387,0.93392,0.93382,0.9339,113.0,0,0.0
2025.05.16 02:45,0.93391,0.93392,0.93371,0.93379,137.0,0,0.0
2025.05.16 02:50,0.93378,0.93381,0.93349,0.93357,160.0,0,0.0
2025.05.16 02:55,0.93358,0.93372,0.93348,0.93354,172.0,0,0.0
2025.05.16 03:00,0.93353,0.93354,0.93345,0.93351,90.0,0,0.0
2025.05.16 03:05,0.93352,0.93357,0.93337,0.93343,109.0,0,0.0
2025.05.16 03:10,0.93342,0.93357,0.93342,0.93348,166.0,0,0.0
2025.05.16 03:15,0.93349,0.93351,0.93334,0.93343,146.0,0,0.0
2025.05.16 03:20,0.93342,0.9335,0.93339,0.93345,134.0,0,0.0
2025.05.16 03:25,0.93344,0.9335,0.93339,0.93342,131.0,0,0.0
2025.05.16 03:30,0.93342,0.93347,0.93341,0.93345,123.0,0,0.0
2025.05.16 03:35,0.93346,0.93367,0.93341,0.93363,158.0,0,0.0
2025.05.16 03:40,0.93362,0.93363,0.93347,0.9335,155.0,0,0.0
2025.05.16 03:45,0.93351,0.93358,0.9335,0.93352,93.0,0,0.0
2025.05.16 03:50,0.93352,0.93354,0.93343,0.93351,102.0,0,0.0
2025.05.16 03:55,0.93351,0.93355,0.93345,0.93349,146.0,0,0.0
2025.05.16 04:00,0.93349,0.9335,0.93339,0.93347,115.0,0,0.0
2025.05.16 04:05,0.93347,0.93351,0.93343,0.93344,83.0,0,0.0
2025.05.16 04:10,0.93345,0.9335,0.93339,0.93341,92.0,0,0.0
2025.05.16 04:15,0.93342,0.93353,0.93341,0.9335,129.0,0,0.0
2025.05.16 04:20,0.9335,0.93357,0.93348,0.93355,103.0,0,0.0
2025.05.16 04:25,0.93356,0.93356,0.93348,0.93355,76.0,0,0.0
2025.05.16 04:30,0.93356,0.93378,0.93353,0.93375,129.0,0,0.0
2025.05.16 04:35,0.93376,0.9339,0.93371,0.9339,121.0,0,0.0
2025.05.16 04:40,0.93387,0.93418,0.93387,0.93415,115.0,0,0.0
2025.05.16 04:45,0.93412,0.93426,0.93412,0.93422,93.0,0,0.0
2025.05.16 04:50,0.9342,0.93423,0.93407,0.93423,133.0,0,0.0
2025.05.16 04:55,0.93422,0.9344,0.93421,0.93439,145.0,0,0.0
2025.05.16 05:00,0.93438,0.93445,0.93433,0.93439,148.0,0,0.0
2025.05.16 05:05,0.93437,0.93442,0.9343,0.93434,110.0,0,0.0
2025.05.16 05:10,0.93439,0.93454,0.93434,0.93444,146.0,0,0.0
2025.05.16 05:15,0.93445,0.93447,0.93427,0.93427,123.0,0,0.0
2025.05.16 05:20,0.93427,0.93428,0.93419,0.93421,134.0,0,0.0
2025.05.16 05:25,0.93421,0.93431,0.93413,0.93421,113.0,0,0.0
2025.05.16 05:30,0.93421,0.93427,0.9341,0.93414,106.0,0,0.0
2025.05.16 05:35,0.93413,0.93424,0.93412,0.93412,126.0,0,0.0
2025.05.16 05:40,0.93412,0.93412,0.93392,0.93404,133.0,0,0.0
2025.05.16 05:45,0.93404,0.93422,0.93404,0.93422,93.0,0,0.0
2025.05.16 05:50,0.93419,0.93432,0.93419,0.9343,69.0,0,0.0
2025.05.16 05:55,0.93431,0.9344,0.93418,0.93421,151.0,0,0.0
2025.05.16 06:00,0.93421,0.93433,0.93414,0.93424,147.0,0,0.0
2025.05.16 06:05,0.93425,0.93427,0.9342,0.93422,99.0,0,0.0
2025.05.16 06:10,0.93422,0.93443,0.93421,0.93436,108.0,0,0.0
2025.05.16 06:15,0.93437,0.93451,0.93437,0.9344,159.0,0,0.0
2025.05.16 06:20,0.93441,0.9346,0.93435,0.93458,172.0,0,0.0
2025.05.16 06:25,0.93458,0.93466,0.93452,0.93456,115.0,0,0.0
2025.05.16 06:30,0.93455,0.93468,0.93452,0.93465,108.0,0,0.0
2025.05.16 06:35,0.93466,0.93475,0.93461,0.93472,98.0,0,0.0
2025.05.16 06:40,0.93471,0.93475,0.93466,0.93471,70.0,0,0.0
2025.05.16 06:45,0.93472,0.93472,0.93455,0.9346,125.0,0,0.0
2025.05.16 06:50,0.93461,0.93464,0.93456,0.93464,115.0,0,0.0
2025.05.16 06:55,0.93464,0.93491,0.93464,0.93491,132.0,0,0.0
2025.05.16 07:00,0.9349,0.9349,0.93479,0.93487,137.0,0,0.0
2025.05.16 07:05,0.93488,0.93501,0.9347,0.93497,144.0,0,0.0
2025.05.16 07:10,0.93497,0.935,0.93473,0.93482,145.0,0,0.0
2025.05.16 07:15,0.93481,0.93497,0.9348,0.93484,118.0,0,0.0
2025.05.16 07:20,0.93485,0.93497,0.93459,0.93459,119.0,0,0.0
2025.05.16 07:25,0.93459,0.93479,0.93454,0.93476,142.0,0,0.0
2025.05.16 07:30,0.93475,0.93475,0.93465,0.93468,159.0,0,0.0
2025.05.16 07:35,0.93467,0.93475,0.93457,0.93473,173.0,0,0.0
2025.05.16 07:40,0.93473,0.93481,0.93465,0.9348,123.0,0,0.0
2025.05.16 07:45,0.93479,0.93486,0.93471,0.93479,122.0,0,0.0
2025.05.16 07:50,0.93479,0.93489,0.9347,0.93485,90.0,0,0.0
2025.05.16 07:55,0.93482,0.93509,0.9348,0.93492,146.0,0,0.0
2025.05.16 08:00,0.93492,0.93501,0.93472,0.93484,207.0,0,0.0
2025.05.16 08:05,0.93491,0.93515,0.93487,0.93501,217.0,0,0.0
2025.05.16 08:10,0.93502,0.93514,0.93485,0.93511,214.0,0,0.0
2025.05.16 08:15,0.9351,0.93513,0.93481,0.93481,196.0,0,0.0
2025.05.16 08:20,0.93484,0.935,0.93475,0.93476,214.0,0,0.0
2025.05.16 08:25,0.93475,0.93491,0.93471,0.93489,196.0,0,0.0
2025.05.16 08:30,0.93489,0.935,0.93473,0.935,247.0,0,0.0
2025.05.16 08:35,0.93499,0.935,0.93451,0.93459,232.0,0,0.0
2025.05.16 08:40,0.93458,0.93475,0.93458,0.93472,212.0,0,0.0
2025.05.16 08:45,0.93473,0.93499,0.93473,0.93498,207.0,0,0.0
2025.05.16 08:50,0.935,0.93503,0.93476,0.93483,218.0,0,0.0
2025.05.16 08:55,0.9348,0.93504,0.93477,0.93486,242.0,0,0.0
2025.05.16 09:00,0.93484,0.93503,0.93482,0.93486,257.0,0,0.0
2025.05.16 09:05,0.93487,0.93492,0.93457,0.9346,228.0,0,0.0
2025.05.16 09:10,0.9346,0.93466,0.9344,0.93447,234.0,0,0.0
2025.05.16 09:15,0.9345,0.93464,0.93445,0.93452,195.0,0,0.0
2025.05.16 09:20,0.93451,0.93462,0.93449,0.93461,191.0,0,0.0
2025.05.16 09:25,0.93459,0.9346,0.93441,0.93444,178.0,0,0.0
2025.05.16 09:30,0.93445,0.93449,0.93434,0.9344,214.0,0,0.0
2025.05.16 09:35,0.93439,0.93447,0.93417,0.93429,199.0,0,0.0
2025.05.16 09:40,0.93428,0.93428,0.93388,0.93396,176.0,0,0.0
2025.05.16 09:45,0.93397,0.9345,0.93396,0.93434,142.0,0,0.0
2025.05.16 09:50,0.93435,0.93435,0.9338,0.93391,242.0,0,0.0
2025.05.16 09:55,0.93394,0.93396,0.93349,0.93382,314.0,0,0.0
2025.05.16 10:00,0.93382,0.93463,0.93382,0.93455,257.0,0,0.0
2025.05.16 10:05,0.93461,0.9352,0.93458,0.93511,249.0,0,0.0
2025.05.16 10:10,0.93512,0.93549,0.9351,0.93528,222.0,0,0.0
2025.05.16 10:15,0.93527,0.93529,0.93503,0.93509,197.0,0,0.0
2025.05.16 10:20,0.93512,0.9352,0.93491,0.93514,176.0,0,0.0
2025.05.16 10:25,0.93513,0.93525,0.93504,0.93518,163.0,0,0.0
2025.05.16 10:30,0.9352,0.93536,0.93519,0.93527,154.0,0,0.0
2025.05.16 10:35,0.93529,0.93537,0.93519,0.93535,160.0,0,0.0
2025.05.16 10:40,0.93536,0.93566,0.93526,0.93563,222.0,0,0.0
2025.05.16 10:45,0.93564,0.93575,0.93563,0.93566,173.0,0,0.0
2025.05.16 10:50,0.93566,0.9357,0.93545,0.9355,201.0,0,0.0
2025.05.16 10:55,0.93549,0.93563,0.93534,0.93555,166.0,0,0.0
2025.05.16 11:00,0.93554,0.93573,0.93548,0.93566,183.0,0,0.0
2025.05.16 11:05,0.93562,0.93587,0.93562,0.93587,135.0,0,0.0
2025.05.16 11:10,0.93587,0.93594,0.93583,0.93588,118.0,0,0.0
2025.05.16 11:15,0.93589,0.93593,0.93584,0.93588,115.0,0,0.0
2025.05.16 11:20,0.93588,0.93626,0.93587,0.93622,207.0,0,0.0
2025.05.16 11:25,0.93621,0.93629,0.93607,0.9362,183.0,0,0.0
2025.05.16 11:30,0.93619,0.93627,0.93617,0.93626,167.0,0,0.0
2025.05.16 11:35,0.93625,0.93649,0.93625,0.93634,121.0,0,0.0
2025.05.16 11:40,0.93634,0.93661,0.93632,0.93632,172.0,0,0.0
2025.05.16 11:45,0.93633,0.9367,0.93633,0.93653,202.0,0,0.0
2025.05.16 11:50,0.93654,0.93654,0.9361,0.93614,186.0,0,0.0
2025.05.16 11:55,0.93615,0.93621,0.93606,0.93609,166.0,0,0.0
2025.05.16 12:00,0.93608,0.93612,0.93592,0.93597,207.0,0,0.0
2025.05.16 12:05,0.93598,0.93613,0.93591,0.93608,202.0,0,0.0
2025.05.16 12:10,0.93607,0.93624,0.93606,0.93623,206.0,0,0.0
2025.05.16 12:15,0.93624,0.93629,0.93601,0.93608,166.0,0,0.0
2025.05.16 12:20,0.93608,0.93616,0.93604,0.93607,193.0,0,0.0
2025.05.16 12:25,0.93608,0.93613,0.93601,0.93611,159.0,0,0.0
2025.05.16 12:30,0.93609,0.93634,0.93607,0.93629,181.0,0,0.0
2025.05.16 12:35,0.9363,0.93697,0.93628,0.93696,229.0,0,0.0
2025.05.16 12:40,0.93697,0.93731,0.93691,0.937,213.0,0,0.0
2025.05.16 12:45,0.93695,0.93728,0.93687,0.93714,193.0,0,0.0
2025.05.16 12:50,0.93713,0.93718,0.93701,0.93704,164.0,0,0.0
2025.05.16 12:55,0.93704,0.93718,0.9369,0.93711,147.0,0,0.0
2025.05.16 13:00,0.93713,0.93717,0.93686,0.93698,266.0,0,0.0
2025.05.16 13:05,0.93698,0.93747,0.93691,0.93745,223.0,0,0.0
2025.05.16 13:10,0.93745,0.93759,0.9374,0.93747,147.0,0,0.0
2025.05.16 13:15,0.93743,0.93748,0.93706,0.93715,154.0,0,0.0
2025.05.16 13:20,0.93716,0.93729,0.93704,0.93724,173.0,0,0.0
2025.05.16 13:25,0.93724,0.93746,0.93723,0.93743,101.0,0,0.0
2025.05.16 13:30,0.93742,0.93755,0.93713,0.93717,199.0,0,0.0
2025.05.16 13:35,0.93717,0.93734,0.93708,0.93726,147.0,0,0.0
2025.05.16 13:40,0.93726,0.9375,0.93725,0.9375,117.0,0,0.0
2025.05.16 13:45,0.93749,0.93756,0.93733,0.93738,163.0,0,0.0
2025.05.16 13:50,0.93738,0.93764,0.93734,0.93763,200.0,0,0.0
2025.05.16 13:55,0.93762,0.93786,0.93761,0.9378,222.0,0,0.0
2025.05.16 14:00,0.93781,0.93815,0.93781,0.93815,235.0,0,0.0
2025.05.16 14:05,0.93814,0.93814,0.93756,0.93806,185.0,0,0.0
2025.05.16 14:10,0.93808,0.93813,0.93779,0.93781,193.0,0,0.0
2025.05.16 14:15,0.93782,0.93782,0.93749,0.93757,166.0,0,0.0
2025.05.16 14:20,0.93756,0.93762,0.93743,0.93746,187.0,0,0.0
2025.05.16 14:25,0.93745,0.93747,0.93715,0.93718,197.0,0,0.0
2025.05.16 14:30,0.93716,0.93788,0.93716,0.93783,235.0,0,0.0
2025.05.16 14:35,0.93785,0.93785,0.9376,0.9376,248.0,0,0.0
2025.05.16 14:40,0.93763,0.93772,0.93743,0.93753,226.0,0,0.0
2025.05.16 14:45,0.93754,0.93777,0.93754,0.93775,202.0,0,0.0
2025.05.16 14:50,0.93776,0.93802,0.93759,0.93759,200.0,0,0.0
2025.05.16 14:55,0.93759,0.93764,0.93742,0.93745,163.0,0,0.0
2025.05.16 15:00,0.93745,0.93775,0.93736,0.93774,185.0,0,0.0
2025.05.16 15:05,0.93773,0.93781,0.93748,0.93763,157.0,0,0.0
2025.05.16 15:10,0.93763,0.93769,0.93753,0.93768,169.0,0,0.0
2025.05.16 15:15,0.93768,0.93789,0.93763,0.93785,164.0,0,0.0
2025.05.16 15:20,0.93784,0.93789,0.93766,0.93773,178.0,0,0.0
2025.05.16 15:25,0.93772,0.93787,0.93767,0.9377,212.0,0,0.0
2025.05.16 15:30,0.93768,0.93786,0.93766,0.93771,232.0,0,0.0
2025.05.16 15:35,0.93771,0.93782,0.93765,0.9378,186.0,0,0.0
2025.05.16 15:40,0.93778,0.93781,0.93747,0.93762,204.0,0,0.0
2025.05.16 15:45,0.93761,0.9377,0.93752,0.93765,203.0,0,0.0
2025.05.16 15:50,0.93766,0.93774,0.93725,0.93731,222.0,0,0.0
2025.05.16 15:55,0.93726,0.93767,0.93607,0.93645,236.0,0,0.0
2025.05.16 16:00,0.9367,0.93726,0.93665,0.9372,331.0,0,0.0
2025.05.16 16:05,0.9372,0.93724,0.93697,0.9371,232.0,0,0.0
2025.05.16 16:10,0.93711,0.93739,0.93709,0.93717,248.0,0,0.0
2025.05.16 16:15,0.93716,0.93725,0.9371,0.93721,181.0,0,0.0
2025.05.16 16:20,0.93722,0.93722,0.93687,0.93688,171.0,0,0.0
2025.05.16 16:25,0.93688,0.93706,0.93671,0.93697,188.0,0,0.0
2025.05.16 16:30,0.93696,0.937,0.93667,0.93695,268.0,0,0.0
2025.05.16 16:35,0.93696,0.93701,0.93639,0.93643,281.0,0,0.0
2025.05.16 16:40,0.93645,0.93691,0.93625,0.93666,284.0,0,0.0
2025.05.16 16:45,0.93667,0.93673,0.93643,0.93653,259.0,0,0.0
2025.05.16 16:50,0.93652,0.93657,0.93613,0.93622,267.0,0,0.0
2025.05.16 16:55,0.93622,0.93626,0.93595,0.93614,311.0,0,0.0
2025.05.16 17:00,0.93615,0.93653,0.9361,0.93643,252.0,0,0.0
2025.05.16 17:05,0.93644,0.93644,0.93609,0.93611,196.0,0,0.0
2025.05.16 17:10,0.93612,0.93637,0.93605,0.93608,181.0,0,0.0
2025.05.16 17:15,0.93608,0.9361,0.93574,0.93579,159.0,0,0.0
2025.05.16 17:20,0.93578,0.93579,0.93559,0.93576,193.0,0,0.0
2025.05.16 17:25,0.93575,0.93586,0.9356,0.9356,160.0,0,0.0
2025.05.16 17:30,0.9356,0.93573,0.93556,0.9357,164.0,0,0.0
2025.05.16 17:35,0.93571,0.93574,0.93556,0.93562,138.0,0,0.0
2025.05.16 17:40,0.93562,0.93564,0.93551,0.93556,148.0,0,0.0
2025.05.16 17:45,0.93557,0.93567,0.93553,0.93553,130.0,0,0.0
2025.05.16 17:50,0.93553,0.93566,0.93548,0.93566,141.0,0,0.0
2025.05.16 17:55,0.93569,0.93569,0.93535,0.93538,162.0,0,0.0
2025.05.16 18:00,0.93538,0.93547,0.93524,0.93524,240.0,0,0.0
2025.05.16 18:05,0.93525,0.93531,0.93513,0.9352,155.0,0,0.0
2025.05.16 18:10,0.9352,0.93541,0.9352,0.93528,119.0,0,0.0
2025.05.16 18:15,0.93529,0.93531,0.935,0.93505,141.0,0,0.0
2025.05.16 18:20,0.93504,0.93528,0.93497,0.93528,125.0,0,0.0
2025.05.16 18:25,0.93526,0.93532,0.93505,0.93508,111.0,0,0.0
2025.05.16 18:30,0.93506,0.93508,0.93495,0.93498,129.0,0,0.0
2025.05.16 18:35,0.935,0.93509,0.93498,0.93502,103.0,0,0.0
2025.05.16 18:40,0.93504,0.93514,0.93498,0.93501,97.0,0,0.0
2025.05.16 18:45,0.935,0.93509,0.93498,0.93506,100.0,0,0.0
2025.05.16 18:50,0.93507,0.93522,0.93504,0.93522,105.0,0,0.0
2025.05.16 18:55,0.93521,0.93522,0.93499,0.93507,190.0,0,0.0
2025.05.16 19:00,0.93508,0.93517,0.93481,0.93487,173.0,0,0.0
2025.05.16 19:05,0.93488,0.9351,0.93488,0.9351,116.0,0,0.0
2025.05.16 19:10,0.9351,0.93517,0.93506,0.93514,93.0,0,0.0
2025.05.16 19:15,0.93513,0.93522,0.93509,0.9352,79.0,0,0.0
2025.05.16 19:20,0.93519,0.93526,0.93513,0.93513,86.0,0,0.0
2025.05.16 19:25,0.93514,0.93516,0.9351,0.93512,50.0,0,0.0
2025.05.16 19:30,0.93513,0.93514,0.93496,0.93503,72.0,0,0.0
2025.05.16 19:35,0.93503,0.93508,0.93499,0.93506,89.0,0,0.0
2025.05.16 19:40,0.93507,0.93509,0.93504,0.93504,107.0,0,0.0
2025.05.16 19:45,0.93503,0.93506,0.93495,0.93505,112.0,0,0.0
2025.05.16 19:50,0.93504,0.93506,0.9349,0.93497,89.0,0,0.0
2025.05.16 19:55,0.93497,0.93506,0.93496,0.935,148.0,0,0.0
2025.05.16 20:00,0.93499,0.93518,0.93498,0.93513,95.0,0,0.0
2025.05.16 20:05,0.93514,0.93519,0.9351,0.93513,69.0,0,0.0
2025.05.16 20:10,0.93512,0.93512,0.93497,0.93498,61.0,0,0.0
2025.05.16 20:15,0.93497,0.93503,0.93491,0.93493,79.0,0,0.0
2025.05.16 20:20,0.93492,0.93497,0.93492,0.93493,30.0,0,0.0
2025.05.16 20:25,0.93494,0.93496,0.9349,0.9349,33.0,0,0.0
2025.05.16 20:30,0.93491,0.93508,0.93491,0.93505,67.0,0,0.0
2025.05.16 20:35,0.93504,0.93513,0.93503,0.93509,57.0,0,0.0
2025.05.16 20:40,0.93508,0.9354,0.93507,0.93534,92.0,0,0.0
2025.05.16 20:45,0.93535,0.93572,0.93535,0.93567,136.0,0,0.0
2025.05.16 20:50,0.93566,0.93571,0.93552,0.93554,86.0,0,0.0
2025.05.16 20:55,0.93553,0.93581,0.93542,0.93561,78.0,0,0.0
2025.05.16 21:00,0.9356,0.9357,0.9355,0.93561,95.0,0,0.0
2025.05.16 21:05,0.93562,0.93567,0.9355,0.93554,47.0,0,0.0
2025.05.16 21:10,0.93553,0.93557,0.93549,0.93553,52.0,0,0.0
2025.05.16 21:15,0.93554,0.93559,0.93551,0.93558,57.0,0,0.0
2025.05.16 21:20,0.93559,0.93562,0.93558,0.93562,62.0,0,0.0
2025.05.16 21:25,0.93563,0.93578,0.93562,0.93564,91.0,0,0.0
2025.05.16 21:30,0.93563,0.93567,0.93559,0.93561,85.0,0,0.0
2025.05.16 21:35,0.93562,0.93562,0.93558,0.93559,57.0,0,0.0
2025.05.16 21:40,0.93558,0.93569,0.93558,0.93564,48.0,0,0.0
2025.05.16 21:45,0.93563,0.93568,0.93554,0.93559,84.0,0,0.0
2025.05.16 21:50,0.9356,0.9356,0.93543,0.93548,96.0,0,0.0
2025.05.16 21:55,0.93547,0.93558,0.93544,0.93551,155.0,0,0.0
2025.05.18 23:00,0.93406,0.93423,0.93403,0.93423,50.0,0,0.0
2025.05.18 23:05,0.93423,0.93429,0.93394,0.93426,71.0,0,0.0
2025.05.18 23:10,0.93394,0.93426,0.93394,0.93426,2.0,0,0.0
2025.05.18 23:15,0.93442,0.93446,0.93442,0.93446,2.0,0,0.0
2025.05.18 23:20,0.93458,0.93458,0.9333,0.93416,21.0,0,0.0
2025.05.18 23:25,0.93426,0.93426,0.93416,0.9342,8.0,0,0.0
2025.05.18 23:30,0.93418,0.93426,0.93416,0.93426,4.0,0,0.0
2025.05.18 23:35,0.93434,0.93458,0.93419,0.93429,583.0,0,0.0
2025.05.18 23:40,0.93417,0.93458,0.93417,0.93458,664.0,0,0.0
2025.05.18 23:45,0.93458,0.93458,0.93431,0.93458,670.0,0,0.0
2025.05.18 23:50,0.9344,0.93458,0.93426,0.93455,597.0,0,0.0
2025.05.18 23:55,0.93458,0.93481,0.93443,0.93468,51.0,0,0.0
2025.05.19 00:00,0.93465,0.93475,0.93377,0.93467,237.0,0,0.0
2025.05.19 00:05,0.93465,0.93489,0.93412,0.93427,157.0,0,0.0
2025.05.19 00:10,0.93427,0.93432,0.93412,0.93414,125.0,0,0.0
2025.05.19 00:15,0.93414,0.93414,0.93359,0.93398,201.0,0,0.0
2025.05.19 00:20,0.934,0.93411,0.93382,0.9339,159.0,0,0.0
2025.05.19 00:25,0.9339,0.93392,0.93354,0.93362,127.0,0,0.0
2025.05.19 00:30,0.93361,0.93391,0.93352,0.93374,164.0,0,0.0
2025.05.19 00:35,0.93374,0.93384,0.93363,0.93381,121.0,0,0.0
2025.05.19 00:40,0.9338,0.93392,0.9337,0.93391,132.0,0,0.0
2025.05.19 00:45,0.93389,0.93404,0.93381,0.93391,127.0,0,0.0
2025.05.19 00:50,0.9339,0.93428,0.93385,0.93428,102.0,0,0.0
2025.05.19 00:55,0.93427,0.93427,0.93392,0.93412,166.0,0,0.0
2025.05.19 01:00,0.93411,0.93421,0.93403,0.9342,148.0,0,0.0
2025.05.19 01:05,0.9342,0.93422,0.93415,0.9342,92.0,0,0.0
2025.05.19 01:10,0.93421,0.93421,0.93415,0.9342,59.0,0,0.0
2025.05.19 01:15,0.93417,0.93421,0.9341,0.93412,44.0,0,0.0
2025.05.19 01:20,0.93413,0.93416,0.93405,0.93409,83.0,0,0.0
2025.05.19 01:25,0.93411,0.93411,0.93394,0.93409,97.0,0,0.0
2025.05.19 01:30,0.93409,0.93412,0.93404,0.93409,117.0,0,0.0
2025.05.19 01:35,0.93409,0.93422,0.93401,0.93415,147.0,0,0.0
2025.05.19 01:40,0.93417,0.9345,0.93405,0.93442,258.0,0,0.0
2025.05.19 01:45,0.93441,0.93457,0.93424,0.93449,191.0,0,0.0
2025.05.19 01:50,0.93447,0.93472,0.93447,0.93469,212.0,0,0.0
2025.05.19 01:55,0.93468,0.93476,0.93457,0.93457,253.0,0,0.0
2025.05.19 02:00,0.93459,0.93468,0.93433,0.93434,241.0,0,0.0
2025.05.19 02:05,0.93439,0.93455,0.93427,0.93428,240.0,0,0.0
2025.05.19 02:10,0.93425,0.93427,0.93389,0.93413,185.0,0,0.0
2025.05.19 02:15,0.93414,0.93434,0.93409,0.93429,201.0,0,0.0
2025.05.19 02:20,0.93429,0.93438,0.93422,0.93429,169.0,0,0.0
2025.05.19 02:25,0.93428,0.93434,0.93414,0.93422,163.0,0,0.0
2025.05.19 02:30,0.93421,0.93436,0.93407,0.93421,143.0,0,0.0
2025.05.19 02:35,0.93421,0.93432,0.93419,0.9343,126.0,0,0.0
2025.05.19 02:40,0.93429,0.93433,0.93412,0.93421,165.0,0,0.0
2025.05.19 02:45,0.93421,0.9345,0.93416,0.9345,173.0,0,0.0
2025.05.19 02:50,0.93451,0.93473,0.93448,0.93467,260.0,0,0.0
2025.05.19 02:55,0.93466,0.93475,0.93441,0.9347,268.0,0,0.0
2025.05.19 03:00,0.93467,0.93475,0.93459,0.93472,213.0,0,0.0
2025.05.19 03:05,0.93476,0.93491,0.93469,0.93488,193.0,0,0.0
2025.05.19 03:10,0.93489,0.93491,0.93475,0.93478,178.0,0,0.0
2025.05.19 03:15,0.93477,0.9348,0.93462,0.93473,151.0,0,0.0
2025.05.19 03:20,0.93473,0.9348,0.93443,0.93451,199.0,0,0.0
2025.05.19 03:25,0.93454,0.9346,0.93449,0.9345,215.0,0,0.0
2025.05.19 03:30,0.9345,0.93469,0.93448,0.9346,204.0,0,0.0
2025.05.19 03:35,0.93459,0.93479,0.93456,0.93472,197.0,0,0.0
2025.05.19 03:40,0.9347,0.93472,0.93455,0.93457,195.0,0,0.0
2025.05.19 03:45,0.93459,0.93478,0.93458,0.93469,190.0,0,0.0
2025.05.19 03:50,0.93468,0.93478,0.93461,0.93476,210.0,0,0.0
2025.05.19 03:55,0.93477,0.93482,0.93441,0.93469,272.0,0,0.0
2025.05.19 04:00,0.93468,0.93472,0.93446,0.93451,269.0,0,0.0
2025.05.19 04:05,0.9345,0.9346,0.93446,0.93455,212.0,0,0.0
2025.05.19 04:10,0.93455,0.93476,0.93453,0.93476,191.0,0,0.0
2025.05.19 04:15,0.93478,0.9348,0.93449,0.9345,198.0,0,0.0
2025.05.19 04:20,0.9345,0.93455,0.93434,0.93436,208.0,0,0.0
2025.05.19 04:25,0.93437,0.93438,0.93408,0.93414,185.0,0,0.0
2025.05.19 04:30,0.93412,0.93443,0.93405,0.93438,202.0,0,0.0
2025.05.19 04:35,0.93439,0.93439,0.93417,0.93426,164.0,0,0.0
2025.05.19 04:40,0.93423,0.93431,0.93416,0.9342,136.0,0,0.0
2025.05.19 04:45,0.93419,0.9343,0.93416,0.93426,174.0,0,0.0
2025.05.19 04:50,0.93424,0.93438,0.9341,0.93436,236.0,0,0.0
2025.05.19 04:55,0.93433,0.93443,0.93414,0.93416,304.0,0,0.0
2025.05.19 05:00,0.93415,0.93427,0.93404,0.93424,227.0,0,0.0
2025.05.19 05:05,0.93421,0.93445,0.93416,0.9343,259.0,0,0.0
2025.05.19 05:10,0.93429,0.93453,0.93428,0.93452,210.0,0,0.0
2025.05.19 05:15,0.93453,0.93463,0.93442,0.93458,182.0,0,0.0
2025.05.19 05:20,0.93457,0.93471,0.93457,0.93471,162.0,0,0.0
2025.05.19 05:25,0.93471,0.93484,0.93454,0.93482,234.0,0,0.0
2025.05.19 05:30,0.93481,0.93486,0.9345,0.93464,206.0,0,0.0
2025.05.19 05:35,0.93459,0.93471,0.93455,0.93471,218.0,0,0.0
2025.05.19 05:40,0.93471,0.93473,0.93445,0.93467,191.0,0,0.0
2025.05.19 05:45,0.93467,0.93475,0.93461,0.93471,163.0,0,0.0
2025.05.19 05:50,0.9347,0.93474,0.93464,0.93472,192.0,0,0.0
2025.05.19 05:55,0.93471,0.93473,0.93457,0.93468,176.0,0,0.0
2025.05.19 06:00,0.93467,0.93477,0.93459,0.93476,142.0,0,0.0
2025.05.19 06:05,0.93477,0.93501,0.93476,0.93501,152.0,0,0.0
2025.05.19 06:10,0.935,0.93506,0.93476,0.93486,234.0,0,0.0
2025.05.19 06:15,0.93485,0.93485,0.93456,0.93467,182.0,0,0.0
2025.05.19 06:20,0.93464,0.93466,0.93449,0.93461,186.0,0,0.0
2025.05.19 06:25,0.9346,0.93486,0.93458,0.93486,132.0,0,0.0
2025.05.19 06:30,0.93485,0.93508,0.93481,0.93505,195.0,0,0.0
2025.05.19 06:35,0.93506,0.93513,0.93499,0.93511,118.0,0,0.0
2025.05.19 06:40,0.93511,0.93518,0.93507,0.93507,59.0,0,0.0
2025.05.19 06:45,0.93509,0.93521,0.93506,0.93518,76.0,0,0.0
2025.05.19 06:50,0.93517,0.93523,0.9351,0.93523,94.0,0,0.0
2025.05.19 06:55,0.93522,0.93539,0.93522,0.93528,164.0,0,0.0
2025.05.19 07:00,0.93521,0.93529,0.9351,0.93521,163.0,0,0.0
2025.05.19 07:05,0.93522,0.93531,0.93519,0.93529,139.0,0,0.0
2025.05.19 07:10,0.9353,0.9353,0.93518,0.93522,133.0,0,0.0
2025.05.19 07:15,0.93521,0.93531,0.93518,0.93531,129.0,0,0.0
2025.05.19 07:20,0.9353,0.9353,0.93517,0.93524,172.0,0,0.0
2025.05.19 07:25,0.93523,0.93536,0.93522,0.93533,163.0,0,0.0
2025.05.19 07:30,0.93532,0.93534,0.93523,0.93523,137.0,0,0.0
2025.05.19 07:35,0.93523,0.93527,0.93503,0.93509,107.0,0,0.0
2025.05.19 07:40,0.93507,0.93511,0.93486,0.93488,145.0,0,0.0
2025.05.19 07:45,0.93488,0.93492,0.9347,0.93475,175.0,0,0.0
2025.05.19 07:50,0.93478,0.93503,0.93473,0.93497,166.0,0,0.0
2025.05.19 07:55,0.93497,0.93501,0.93491,0.935,144.0,0,0.0
2025.05.19 08:00,0.93501,0.93504,0.9348,0.93498,223.0,0,0.0
2025.05.19 08:05,0.93498,0.93515,0.93487,0.93512,231.0,0,0.0
2025.05.19 08:10,0.93511,0.93519,0.93507,0.93512,250.0,0,0.0
2025.05.19 08:15,0.93512,0.93538,0.93502,0.93535,233.0,0,0.0
2025.05.19 08:20,0.93535,0.93549,0.93531,0.93537,238.0,0,0.0
2025.05.19 08:25,0.93538,0.93548,0.93527,0.93541,169.0,0,0.0
2025.05.19 08:30,0.93541,0.93584,0.9354,0.93581,275.0,0,0.0
2025.05.19 08:35,0.93581,0.93613,0.93579,0.93612,262.0,0,0.0
2025.05.19 08:40,0.93615,0.93616,0.93589,0.93595,234.0,0,0.0
2025.05.19 08:45,0.93594,0.93606,0.9358,0.93582,254.0,0,0.0
2025.05.19 08:50,0.93583,0.93589,0.93539,0.93546,234.0,0,0.0
2025.05.19 08:55,0.93547,0.93549,0.93498,0.93502,290.0,0,0.0
2025.05.19 09:00,0.93504,0.93539,0.93469,0.9352,325.0,0,0.0
2025.05.19 09:05,0.9352,0.93547,0.93503,0.93541,269.0,0,0.0
2025.05.19 09:10,0.93539,0.93568,0.93527,0.93535,268.0,0,0.0
2025.05.19 09:15,0.93535,0.9355,0.93519,0.93539,270.0,0,0.0
2025.05.19 09:20,0.9354,0.93557,0.93531,0.93536,303.0,0,0.0
2025.05.19 09:25,0.93534,0.93577,0.93522,0.93567,331.0,0,0.0
2025.05.19 09:30,0.93568,0.93621,0.93564,0.93615,273.0,0,0.0
2025.05.19 09:35,0.93613,0.93642,0.93596,0.93639,309.0,0,0.0
2025.05.19 09:40,0.9364,0.93642,0.936,0.93627,291.0,0,0.0
2025.05.19 09:45,0.93628,0.9367,0.93625,0.93669,256.0,0,0.0
2025.05.19 09:50,0.9367,0.93699,0.93665,0.93692,293.0,0,0.0
2025.05.19 09:55,0.93693,0.93706,0.93674,0.93674,276.0,0,0.0
2025.05.19 10:00,0.93676,0.93716,0.93671,0.9371,261.0,0,0.0
2025.05.19 10:05,0.93709,0.93751,0.93708,0.93751,247.0,0,0.0
2025.05.19 10:10,0.9375,0.93751,0.93724,0.93743,245.0,0,0.0
2025.05.19 10:15,0.93742,0.93763,0.93733,0.93749,252.0,0,0.0
2025.05.19 10:20,0.93749,0.93788,0.93745,0.93786,208.0,0,0.0
2025.05.19 10:25,0.93787,0.93801,0.93767,0.93785,221.0,0,0.0
2025.05.19 10:30,0.93788,0.93793,0.93761,0.93761,190.0,0,0.0
2025.05.19 10:35,0.93759,0.93764,0.93739,0.9376,204.0,0,0.0
2025.05.19 10:40,0.93761,0.93779,0.93755,0.93775,202.0,0,0.0
2025.05.19 10:45,0.93777,0.93801,0.93769,0.93798,252.0,0,0.0
2025.05.19 10:50,0.938,0.93824,0.93788,0.93797,275.0,0,0.0
2025.05.19 10:55,0.93796,0.93812,0.93789,0.9379,278.0,0,0.0
2025.05.19 11:00,0.93801,0.93836,0.93783,0.93833,259.0,0,0.0
2025.05.19 11:05,0.93833,0.93903,0.93827,0.93884,293.0,0,0.0
2025.05.19 11:10,0.93885,0.939,0.93866,0.93885,254.0,0,0.0
2025.05.19 11:15,0.93885,0.93888,0.93869,0.93879,243.0,0,0.0
2025.05.19 11:20,0.93878,0.93881,0.93842,0.93861,206.0,0,0.0
2025.05.19 11:25,0.93862,0.93909,0.93861,0.93902,178.0,0,0.0
2025.05.19 11:30,0.93903,0.93913,0.9388,0.93885,169.0,0,0.0
2025.05.19 11:35,0.93886,0.93914,0.93869,0.93912,244.0,0,0.0
2025.05.19 11:40,0.93905,0.9393,0.93898,0.93921,244.0,0,0.0
2025.05.19 11:45,0.93922,0.93928,0.93888,0.93889,188.0,0,0.0
2025.05.19 11:50,0.93888,0.939,0.93872,0.93887,209.0,0,0.0
2025.05.19 11:55,0.93888,0.93914,0.93884,0.93909,243.0,0,0.0
2025.05.19 12:00,0.93906,0.93925,0.93901,0.93914,287.0,0,0.0
2025.05.19 12:05,0.93915,0.93934,0.93915,0.93933,202.0,0,0.0
2025.05.19 12:10,0.93933,0.93945,0.93912,0.93924,264.0,0,0.0
2025.05.19 12:15,0.93922,0.93923,0.93897,0.93908,252.0,0,0.0
2025.05.19 12:20,0.93909,0.93914,0.93884,0.93885,215.0,0,0.0
2025.05.19 12:25,0.93884,0.93889,0.93834,0.93847,213.0,0,0.0
2025.05.19 12:30,0.93849,0.93853,0.93801,0.93838,262.0,0,0.0
2025.05.19 12:35,0.93839,0.93863,0.93837,0.93851,241.0,0,0.0
2025.05.19 12:40,0.93851,0.93858,0.93843,0.93858,221.0,0,0.0
2025.05.19 12:45,0.93857,0.93902,0.93854,0.93887,211.0,0,0.0
2025.05.19 12:50,0.9389,0.93905,0.93874,0.93889,249.0,0,0.0
2025.05.19 12:55,0.93888,0.9391,0.93888,0.93906,227.0,0,0.0
2025.05.19 13:00,0.93906,0.93916,0.93889,0.93894,256.0,0,0.0
2025.05.19 13:05,0.93894,0.93912,0.93892,0.9391,235.0,0,0.0
2025.05.19 13:10,0.9391,0.93911,0.93882,0.93892,229.0,0,0.0
2025.05.19 13:15,0.93891,0.93896,0.93872,0.93887,209.0,0,0.0
2025.05.19 13:20,0.93888,0.93919,0.93882,0.93883,247.0,0,0.0
2025.05.19 13:25,0.93884,0.93895,0.93867,0.9387,163.0,0,0.0
2025.05.19 13:30,0.9387,0.93916,0.9386,0.93884,225.0,0,0.0
2025.05.19 13:35,0.93882,0.93905,0.93875,0.93897,217.0,0,0.0
2025.05.19 13:40,0.93897,0.93897,0.93879,0.93883,162.0,0,0.0
2025.05.19 13:45,0.93882,0.93937,0.93882,0.93933,204.0,0,0.0
2025.05.19 13:50,0.93939,0.93948,0.939,0.93914,284.0,0,0.0
2025.05.19 13:55,0.93912,0.93946,0.93912,0.93946,255.0,0,0.0
2025.05.19 14:00,0.93946,0.93956,0.93926,0.93934,232.0,0,0.0
2025.05.19 14:05,0.93933,0.9394,0.93905,0.9393,219.0,0,0.0
2025.05.19 14:10,0.93932,0.93937,0.93911,0.93912,215.0,0,0.0
2025.05.19 14:15,0.9391,0.93924,0.93899,0.93923,222.0,0,0.0
2025.05.19 14:20,0.93922,0.93932,0.93912,0.93927,211.0,0,0.0
2025.05.19 14:25,0.93927,0.93928,0.93886,0.9389,194.0,0,0.0
2025.05.19 14:30,0.93889,0.93908,0.93888,0.93905,191.0,0,0.0
2025.05.19 14:35,0.93904,0.93917,0.93902,0.93904,194.0,0,0.0
2025.05.19 14:40,0.93903,0.93903,0.93881,0.93894,159.0,0,0.0
2025.05.19 14:45,0.93896,0.939,0.93879,0.93891,173.0,0,0.0
2025.05.19 14:50,0.93891,0.93906,0.93884,0.93889,249.0,0,0.0
2025.05.19 14:55,0.93888,0.93912,0.93878,0.9391,187.0,0,0.0
2025.05.19 15:00,0.93911,0.93921,0.93884,0.93891,246.0,0,0.0
2025.05.19 15:05,0.9389,0.93896,0.93866,0.93867,206.0,0,0.0
2025.05.19 15:10,0.93866,0.93883,0.93847,0.93847,253.0,0,0.0
2025.05.19 15:15,0.93848,0.93856,0.93811,0.93819,243.0,0,0.0
2025.05.19 15:20,0.93822,0.93836,0.93816,0.93824,222.0,0,0.0
2025.05.19 15:25,0.93822,0.93835,0.93818,0.93829,203.0,0,0.0
2025.05.19 15:30,0.93829,0.93849,0.93827,0.93833,289.0,0,0.0
2025.05.19 15:35,0.93833,0.93836,0.93734,0.9376,318.0,0,0.0
2025.05.19 15:40,0.93759,0.93784,0.9373,0.93779,301.0,0,0.0
2025.05.19 15:45,0.9378,0.93786,0.9375,0.93785,272.0,0,0.0
2025.05.19 15:50,0.9379,0.93807,0.93785,0.93791,272.0,0,0.0
2025.05.19 15:55,0.93792,0.93825,0.93784,0.93788,245.0,0,0.0
2025.05.19 16:00,0.9379,0.93824,0.93787,0.93788,278.0,0,0.0
2025.05.19 16:05,0.93789,0.9379,0.9376,0.93761,250.0,0,0.0
2025.05.19 16:10,0.9376,0.93762,0.93714,0.93731,237.0,0,0.0
2025.05.19 16:15,0.93734,0.93779,0.93734,0.93776,243.0,0,0.0
2025.05.19 16:20,0.93777,0.93792,0.93729,0.93732,251.0,0,0.0
2025.05.19 16:25,0.93733,0.93739,0.93703,0.93721,242.0,0,0.0
2025.05.19 16:30,0.93722,0.93751,0.93696,0.93749,252.0,0,0.0
2025.05.19 16:35,0.93749,0.93812,0.93744,0.93807,282.0,0,0.0
2025.05.19 16:40,0.93807,0.93807,0.93765,0.93773,259.0,0,0.0
2025.05.19 16:45,0.93771,0.93773,0.93729,0.9373,248.0,0,0.0
2025.05.19 16:50,0.93732,0.93756,0.93689,0.93692,279.0,0,0.0
2025.05.19 16:55,0.93692,0.93693,0.93661,0.93669,282.0,0,0.0
2025.05.19 17:00,0.93671,0.93687,0.93639,0.93686,298.0,0,0.0
2025.05.19 17:05,0.93686,0.93721,0.93677,0.93678,228.0,0,0.0
2025.05.19 17:10,0.93679,0.93705,0.93672,0.93704,233.0,0,0.0
2025.05.19 17:15,0.93702,0.93702,0.93656,0.93694,223.0,0,0.0
2025.05.19 17:20,0.93695,0.93709,0.93674,0.93683,205.0,0,0.0
2025.05.19 17:25,0.93682,0.93682,0.93662,0.93674,182.0,0,0.0
2025.05.19 17:30,0.93674,0.93696,0.93665,0.93692,170.0,0,0.0
2025.05.19 17:35,0.9369,0.93708,0.93687,0.937,179.0,0,0.0
2025.05.19 17:40,0.937,0.93718,0.93691,0.93711,206.0,0,0.0
2025.05.19 17:45,0.9371,0.93757,0.9371,0.93751,210.0,0,0.0
2025.05.19 17:50,0.93749,0.93765,0.93742,0.93751,197.0,0,0.0
2025.05.19 17:55,0.93752,0.93769,0.93721,0.93728,226.0,0,0.0
2025.05.19 18:00,0.93729,0.93757,0.93724,0.93751,240.0,0,0.0
2025.05.19 18:05,0.9375,0.9377,0.93746,0.93757,187.0,0,0.0
2025.05.19 18:10,0.93758,0.93781,0.93745,0.93773,190.0,0,0.0
2025.05.19 18:15,0.93773,0.93775,0.93746,0.93771,187.0,0,0.0
2025.05.19 18:20,0.93771,0.93783,0.93757,0.93783,164.0,0,0.0
2025.05.19 18:25,0.93782,0.93797,0.93779,0.93787,131.0,0,0.0
2025.05.19 18:30,0.93788,0.93795,0.93768,0.93774,145.0,0,0.0
2025.05.19 18:35,0.93774,0.93785,0.93772,0.93778,129.0,0,0.0
2025.05.19 18:40,0.93777,0.93779,0.9376,0.93764,142.0,0,0.0
2025.05.19 18:45,0.93764,0.93792,0.93764,0.93773,159.0,0,0.0
2025.05.19 18:50,0.93774,0.93776,0.9376,0.93769,197.0,0,0.0
2025.05.19 18:55,0.93769,0.93776,0.93752,0.93755,178.0,0,0.0
2025.05.19 19:00,0.93756,0.93758,0.93744,0.93744,177.0,0,0.0
2025.05.19 19:05,0.93746,0.93751,0.93735,0.93751,99.0,0,0.0
2025.05.19 19:10,0.9375,0.9375,0.93734,0.93737,185.0,0,0.0
2025.05.19 19:15,0.93737,0.93743,0.93722,0.93738,134.0,0,0.0
2025.05.19 19:20,0.93739,0.93757,0.93739,0.93751,108.0,0,0.0
2025.05.19 19:25,0.93752,0.93757,0.93736,0.93745,117.0,0,0.0
2025.05.19 19:30,0.93745,0.93755,0.93738,0.93753,181.0,0,0.0
2025.05.19 19:35,0.93752,0.9376,0.9375,0.9376,119.0,0,0.0
2025.05.19 19:40,0.93759,0.93759,0.93746,0.9375,166.0,0,0.0
2025.05.19 19:45,0.9375,0.93765,0.93748,0.93759,174.0,0,0.0
2025.05.19 19:50,0.9376,0.93772,0.93755,0.93764,191.0,0,0.0
2025.05.19 19:55,0.93764,0.93771,0.93763,0.9377,140.0,0,0.0
2025.05.19 20:00,0.9377,0.93774,0.93765,0.93773,143.0,0,0.0
2025.05.19 20:05,0.93772,0.93775,0.93767,0.9377,90.0,0,0.0
2025.05.19 20:10,0.93768,0.93776,0.93768,0.93773,88.0,0,0.0
2025.05.19 20:15,0.93772,0.93772,0.9376,0.9376,112.0,0,0.0
2025.05.19 20:20,0.93758,0.9377,0.93757,0.9377,119.0,0,0.0
2025.05.19 20:25,0.93769,0.93778,0.93768,0.93776,117.0,0,0.0
2025.05.19 20:30,0.93777,0.93777,0.93767,0.93769,115.0,0,0.0
2025.05.19 20:35,0.93768,0.93769,0.93757,0.93761,153.0,0,0.0
2025.05.19 20:40,0.93762,0.93773,0.93752,0.93773,137.0,0,0.0
2025.05.19 20:45,0.93772,0.93785,0.93769,0.93782,136.0,0,0.0
2025.05.19 20:50,0.93781,0.93781,0.93767,0.93773,110.0,0,0.0
2025.05.19 20:55,0.93774,0.93787,0.93765,0.93787,133.0,0,0.0
2025.05.19 21:00,0.93785,0.93785,0.93769,0.93773,132.0,0,0.0
2025.05.19 21:05,0.93774,0.93774,0.93761,0.93764,68.0,0,0.0
2025.05.19 21:10,0.93763,0.93774,0.9376,0.9376,119.0,0,0.0
2025.05.19 21:15,0.93759,0.93771,0.93759,0.93771,100.0,0,0.0
2025.05.19 21:20,0.93769,0.93798,0.93769,0.93792,132.0,0,0.0
2025.05.19 21:25,0.93794,0.93801,0.93791,0.93798,91.0,0,0.0
2025.05.19 21:30,0.93796,0.93798,0.93783,0.93786,94.0,0,0.0
2025.05.19 21:35,0.93787,0.93799,0.93787,0.93798,107.0,0,0.0
2025.05.19 21:40,0.93797,0.93809,0.93793,0.93809,109.0,0,0.0
2025.05.19 21:45,0.93807,0.93808,0.938,0.93802,51.0,0,0.0
2025.05.19 21:50,0.93804,0.9381,0.93797,0.93804,102.0,0,0.0
2025.05.19 21:55,0.93807,0.93808,0.93773,0.93776,155.0,0,0.0
2025.05.19 22:00,0.93778,0.93783,0.93773,0.9378,99.0,0,0.0
2025.05.19 22:05,0.93781,0.93808,0.9378,0.93808,92.0,0,0.0
2025.05.19 22:10,0.93807,0.93821,0.93795,0.93821,95.0,0,0.0
2025.05.19 22:15,0.9382,0.93823,0.93817,0.93818,57.0,0,0.0
2025.05.19 22:20,0.93819,0.93822,0.93806,0.93806,46.0,0,0.0
2025.05.19 22:25,0.93804,0.93811,0.93801,0.9381,52.0,0,0.0
2025.05.19 22:30,0.93811,0.93825,0.93809,0.93823,145.0,0,0.0
2025.05.19 22:35,0.93824,0.93825,0.93821,0.93824,64.0,0,0.0
2025.05.19 22:40,0.93824,0.93834,0.93824,0.93832,79.0,0,0.0
2025.05.19 22:45,0.93831,0.93838,0.93831,0.93837,91.0,0,0.0
2025.05.19 22:50,0.93839,0.93844,0.93832,0.93841,71.0,0,0.0
2025.05.19 22:55,0.93841,0.93842,0.9376,0.9376,206.0,0,0.0
2025.05.19 23:05,0.93692,0.93693,0.93692,0.93693,2.0,0,0.0
2025.05.19 23:10,0.9369,0.93762,0.9369,0.93762,14.0,0,0.0
2025.05.19 23:15,0.9377,0.93796,0.9377,0.9377,10.0,0,0.0
2025.05.19 23:20,0.93771,0.93784,0.93712,0.9374,10.0,0,0.0
2025.05.19 23:25,0.93731,0.93764,0.93731,0.93764,10.0,0,0.0
2025.05.19 23:30,0.93765,0.93772,0.93715,0.9374,13.0,0,0.0
2025.05.19 23:35,0.93741,0.93759,0.93733,0.93752,20.0,0,0.0
2025.05.19 23:40,0.9376,0.93768,0.93753,0.93768,15.0,0,0.0
2025.05.19 23:45,0.93769,0.93769,0.93734,0.9375,15.0,0,0.0
2025.05.19 23:50,0.93743,0.93763,0.9374,0.93762,19.0,0,0.0
2025.05.19 23:55,0.93754,0.9379,0.93746,0.93755,22.0,0,0.0
2025.05.20 00:00,0.9382,0.9384,0.93791,0.93814,76.0,0,0.0
2025.05.20 00:05,0.93811,0.93815,0.93801,0.93815,52.0,0,0.0
2025.05.20 00:10,0.93814,0.93815,0.93793,0.93799,84.0,0,0.0
2025.05.20 00:15,0.93799,0.93805,0.93793,0.93795,221.0,0,0.0
2025.05.20 00:20,0.93796,0.93796,0.93783,0.93786,181.0,0,0.0
2025.05.20 00:25,0.93786,0.93802,0.93786,0.93802,214.0,0,0.0
2025.05.20 00:30,0.93802,0.93806,0.93795,0.93805,136.0,0,0.0
2025.05.20 00:35,0.93805,0.9381,0.93793,0.93793,117.0,0,0.0
2025.05.20 00:40,0.93793,0.93801,0.93792,0.93797,107.0,0,0.0
2025.05.20 00:45,0.93794,0.93803,0.93792,0.93803,187.0,0,0.0
2025.05.20 00:50,0.93803,0.93803,0.93787,0.93793,95.0,0,0.0
2025.05.20 00:55,0.93791,0.93824,0.93784,0.93794,180.0,0,0.0
2025.05.20 01:00,0.93794,0.93803,0.93786,0.93795,171.0,0,0.0
2025.05.20 01:05,0.93799,0.93815,0.93792,0.93814,112.0,0,0.0
2025.05.20 01:10,0.93813,0.93815,0.93804,0.93813,43.0,0,0.0
2025.05.20 01:15,0.93814,0.93814,0.93804,0.93804,81.0,0,0.0
2025.05.20 01:20,0.93803,0.9381,0.93795,0.93804,66.0,0,0.0
2025.05.20 01:25,0.93804,0.93812,0.93802,0.93805,63.0,0,0.0
2025.05.20 01:30,0.93805,0.93816,0.93805,0.93816,95.0,0,0.0
2025.05.20 01:35,0.93816,0.93824,0.93813,0.93817,100.0,0,0.0
2025.05.20 01:40,0.93815,0.93821,0.9381,0.93815,58.0,0,0.0
2025.05.20 01:45,0.93814,0.93815,0.93799,0.93804,63.0,0,0.0
2025.05.20 01:50,0.93806,0.93806,0.93794,0.93794,69.0,0,0.0
2025.05.20 01:55,0.93794,0.93802,0.93788,0.93794,131.0,0,0.0
2025.05.20 02:00,0.93793,0.93798,0.93767,0.93777,155.0,0,0.0
2025.05.20 02:05,0.93777,0.93794,0.93775,0.93794,161.0,0,0.0
2025.05.20 02:10,0.93795,0.93799,0.93785,0.93799,100.0,0,0.0
2025.05.20 02:15,0.93798,0.93812,0.93796,0.93805,145.0,0,0.0
2025.05.20 02:20,0.93807,0.93823,0.93804,0.93814,170.0,0,0.0
2025.05.20 02:25,0.93813,0.9382,0.93804,0.93809,158.0,0,0.0
2025.05.20 02:30,0.93809,0.93811,0.93786,0.93808,146.0,0,0.0
2025.05.20 02:35,0.93807,0.93812,0.93804,0.93805,140.0,0,0.0
2025.05.20 02:40,0.93806,0.93808,0.93785,0.93788,167.0,0,0.0
2025.05.20 02:45,0.93788,0.93794,0.93774,0.93774,162.0,0,0.0
2025.05.20 02:50,0.93775,0.93784,0.93768,0.93773,208.0,0,0.0
2025.05.20 02:55,0.93774,0.93788,0.93773,0.93778,197.0,0,0.0
2025.05.20 03:00,0.93777,0.93777,0.93747,0.93771,265.0,0,0.0
2025.05.20 03:05,0.9377,0.93773,0.93727,0.93731,262.0,0,0.0
2025.05.20 03:10,0.9373,0.93756,0.9373,0.93756,236.0,0,0.0
2025.05.20 03:15,0.93757,0.93774,0.93737,0.93767,269.0,0,0.0
2025.05.20 03:20,0.93765,0.93765,0.93742,0.93755,233.0,0,0.0
2025.05.20 03:25,0.93754,0.93778,0.9375,0.93771,216.0,0,0.0
2025.05.20 03:30,0.93771,0.93794,0.93766,0.93787,180.0,0,0.0
2025.05.20 03:35,0.93787,0.93788,0.93766,0.93771,169.0,0,0.0
2025.05.20 03:40,0.93772,0.93778,0.93766,0.93774,118.0,0,0.0
2025.05.20 03:45,0.93775,0.93793,0.93767,0.93788,129.0,0,0.0
2025.05.20 03:50,0.93787,0.93789,0.93777,0.93779,158.0,0,0.0
2025.05.20 03:55,0.9378,0.93795,0.93778,0.93791,173.0,0,0.0
2025.05.20 04:00,0.93793,0.93799,0.93788,0.9379,107.0,0,0.0
2025.05.20 04:05,0.93789,0.938,0.93789,0.93796,132.0,0,0.0
2025.05.20 04:10,0.93797,0.93801,0.93793,0.93795,110.0,0,0.0
2025.05.20 04:15,0.93796,0.93802,0.93792,0.93795,88.0,0,0.0
2025.05.20 04:20,0.93794,0.93807,0.93787,0.93804,80.0,0,0.0
2025.05.20 04:25,0.93803,0.9382,0.93803,0.93816,89.0,0,0.0
2025.05.20 04:30,0.93817,0.93818,0.93812,0.93815,118.0,0,0.0
2025.05.20 04:35,0.93814,0.93826,0.93812,0.93824,148.0,0,0.0
2025.05.20 04:40,0.93825,0.93825,0.93814,0.93814,61.0,0,0.0
2025.05.20 04:45,0.93815,0.93832,0.93813,0.93831,115.0,0,0.0
2025.05.20 04:50,0.93829,0.93829,0.93817,0.9382,152.0,0,0.0
2025.05.20 04:55,0.9382,0.93842,0.93817,0.93822,230.0,0,0.0
2025.05.20 05:00,0.93822,0.93822,0.93803,0.93808,194.0,0,0.0
2025.05.20 05:05,0.93807,0.93814,0.93801,0.9381,135.0,0,0.0
2025.05.20 05:10,0.93809,0.9382,0.93805,0.93814,147.0,0,0.0
2025.05.20 05:15,0.93813,0.93816,0.93811,0.93813,141.0,0,0.0
2025.05.20 05:20,0.93812,0.93814,0.93799,0.93806,80.0,0,0.0
2025.05.20 05:25,0.93805,0.93808,0.93798,0.93798,155.0,0,0.0
2025.05.20 05:30,0.93799,0.93805,0.93795,0.93796,120.0,0,0.0
2025.05.20 05:35,0.93796,0.93808,0.9379,0.93805,232.0,0,0.0
2025.05.20 05:40,0.93804,0.93812,0.938,0.93802,141.0,0,0.0
2025.05.20 05:45,0.93801,0.93809,0.93799,0.93803,73.0,0,0.0
2025.05.20 05:50,0.93802,0.93804,0.93791,0.93795,144.0,0,0.0
2025.05.20 05:55,0.93796,0.93811,0.93795,0.93804,125.0,0,0.0
2025.05.20 06:00,0.93805,0.93808,0.93795,0.938,151.0,0,0.0
2025.05.20 06:05,0.93799,0.93804,0.93793,0.93796,130.0,0,0.0
2025.05.20 06:10,0.93795,0.93802,0.93795,0.93797,81.0,0,0.0
2025.05.20 06:15,0.93797,0.93808,0.93795,0.93805,140.0,0,0.0
2025.05.20 06:20,0.93805,0.93806,0.93796,0.93803,110.0,0,0.0
2025.05.20 06:25,0.93801,0.93816,0.93799,0.93813,176.0,0,0.0
2025.05.20 06:30,0.93795,0.93821,0.93795,0.93813,220.0,0,0.0
2025.05.20 06:35,0.93812,0.93814,0.93806,0.93809,119.0,0,0.0
2025.05.20 06:40,0.93809,0.9382,0.93806,0.93816,149.0,0,0.0
2025.05.20 06:45,0.93817,0.9382,0.93815,0.93817,130.0,0,0.0
2025.05.20 06:50,0.93816,0.93829,0.93816,0.93819,156.0,0,0.0
2025.05.20 06:55,0.93817,0.93817,0.93801,0.93803,136.0,0,0.0
2025.05.20 07:00,0.93803,0.93804,0.93783,0.93783,214.0,0,0.0
2025.05.20 07:05,0.93783,0.93808,0.93783,0.93803,173.0,0,0.0
2025.05.20 07:10,0.93804,0.93809,0.93796,0.93806,192.0,0,0.0
2025.05.20 07:15,0.93806,0.93819,0.93806,0.93813,209.0,0,0.0
2025.05.20 07:20,0.93811,0.93824,0.9381,0.93824,172.0,0,0.0
2025.05.20 07:25,0.93823,0.93835,0.93818,0.93832,210.0,0,0.0
2025.05.20 07:30,0.93831,0.93836,0.93818,0.93827,139.0,0,0.0
2025.05.20 07:35,0.93827,0.93831,0.93818,0.93822,182.0,0,0.0
2025.05.20 07:40,0.93821,0.93825,0.938,0.93802,161.0,0,0.0
2025.05.20 07:45,0.93801,0.93801,0.93767,0.93769,179.0,0,0.0
2025.05.20 07:50,0.9377,0.93771,0.93737,0.93744,173.0,0,0.0
2025.05.20 07:55,0.93745,0.93753,0.93725,0.93748,215.0,0,0.0
2025.05.20 08:00,0.93746,0.93775,0.93746,0.93771,288.0,0,0.0
2025.05.20 08:05,0.9377,0.93772,0.93753,0.93759,212.0,0,0.0
2025.05.20 08:10,0.93758,0.93765,0.93733,0.93739,255.0,0,0.0
2025.05.20 08:15,0.9374,0.93751,0.93729,0.93747,272.0,0,0.0
2025.05.20 08:20,0.93746,0.93753,0.9373,0.93742,253.0,0,0.0
2025.05.20 08:25,0.93744,0.93767,0.93737,0.93767,256.0,0,0.0
2025.05.20 08:30,0.93765,0.93781,0.93761,0.93778,229.0,0,0.0
2025.05.20 08:35,0.93778,0.93796,0.9377,0.93784,213.0,0,0.0
2025.05.20 08:40,0.93784,0.93814,0.93775,0.93813,215.0,0,0.0
2025.05.20 08:45,0.9381,0.93818,0.93792,0.93802,232.0,0,0.0
2025.05.20 08:50,0.93802,0.93831,0.93802,0.9383,264.0,0,0.0
2025.05.20 08:55,0.93832,0.93846,0.93829,0.93841,253.0,0,0.0
2025.05.20 09:00,0.93839,0.93846,0.93803,0.93816,265.0,0,0.0
2025.05.20 09:05,0.93817,0.93835,0.93811,0.93823,262.0,0,0.0
2025.05.20 09:10,0.93825,0.93843,0.93819,0.93827,281.0,0,0.0
2025.05.20 09:15,0.93827,0.9383,0.93786,0.93798,227.0,0,0.0
2025.05.20 09:20,0.93796,0.93826,0.93796,0.93818,220.0,0,0.0
2025.05.20 09:25,0.93819,0.93839,0.93815,0.93815,249.0,0,0.0
2025.05.20 09:30,0.93816,0.93818,0.93802,0.93805,192.0,0,0.0
2025.05.20 09:35,0.93806,0.93808,0.93747,0.93748,203.0,0,0.0
2025.05.20 09:40,0.93749,0.93749,0.93694,0.937,282.0,0,0.0
2025.05.20 09:45,0.93701,0.93705,0.93689,0.93703,246.0,0,0.0
2025.05.20 09:50,0.93704,0.93731,0.93701,0.93728,245.0,0,0.0
2025.05.20 09:55,0.93726,0.93778,0.93725,0.93764,285.0,0,0.0
2025.05.20 10:00,0.93764,0.93783,0.9375,0.9375,251.0,0,0.0
2025.05.20 10:05,0.93748,0.93779,0.93743,0.93775,264.0,0,0.0
2025.05.20 10:10,0.93774,0.93781,0.93739,0.93739,245.0,0,0.0
2025.05.20 10:15,0.9374,0.9374,0.93711,0.93714,268.0,0,0.0
2025.05.20 10:20,0.9371,0.93712,0.93673,0.93689,254.0,0,0.0
2025.05.20 10:25,0.93688,0.93701,0.93654,0.93672,255.0,0,0.0
2025.05.20 10:30,0.93673,0.93677,0.93667,0.93667,259.0,0,0.0
2025.05.20 10:35,0.93668,0.93678,0.93652,0.93663,205.0,0,0.0
2025.05.20 10:40,0.93663,0.93702,0.93662,0.93688,246.0,0,0.0
2025.05.20 10:45,0.93688,0.93706,0.93669,0.93669,288.0,0,0.0
2025.05.20 10:50,0.93671,0.93677,0.93632,0.93635,259.0,0,0.0
2025.05.20 10:55,0.93636,0.93651,0.93631,0.93647,207.0,0,0.0
2025.05.20 11:00,0.93649,0.93656,0.93623,0.93638,273.0,0,0.0
2025.05.20 11:05,0.93638,0.93658,0.9363,0.93658,239.0,0,0.0
2025.05.20 11:10,0.93658,0.9368,0.93658,0.93679,207.0,0,0.0
2025.05.20 11:15,0.93679,0.93714,0.93679,0.93712,213.0,0,0.0
2025.05.20 11:20,0.93711,0.93715,0.93678,0.93686,208.0,0,0.0
2025.05.20 11:25,0.93685,0.93698,0.93679,0.93689,203.0,0,0.0
2025.05.20 11:30,0.93688,0.93707,0.93686,0.93705,236.0,0,0.0
2025.05.20 11:35,0.93705,0.93719,0.93671,0.9368,254.0,0,0.0
2025.05.20 11:40,0.93681,0.93715,0.93676,0.93703,244.0,0,0.0
2025.05.20 11:45,0.93703,0.93727,0.93696,0.93727,189.0,0,0.0
2025.05.20 11:50,0.93726,0.93742,0.93724,0.93742,260.0,0,0.0
2025.05.20 11:55,0.93741,0.93754,0.93738,0.93752,186.0,0,0.0
2025.05.20 12:00,0.93752,0.93763,0.93742,0.93761,201.0,0,0.0
2025.05.20 12:05,0.9376,0.9378,0.93759,0.93759,254.0,0,0.0
2025.05.20 12:10,0.93758,0.93773,0.93757,0.93768,230.0,0,0.0
2025.05.20 12:15,0.93767,0.93771,0.9375,0.93756,220.0,0,0.0
2025.05.20 12:20,0.93755,0.93757,0.93731,0.93735,199.0,0,0.0
2025.05.20 12:25,0.93735,0.93765,0.93734,0.93757,242.0,0,0.0
2025.05.20 12:30,0.93758,0.9376,0.93748,0.93752,213.0,0,0.0
2025.05.20 12:35,0.93751,0.93751,0.93732,0.93738,196.0,0,0.0
2025.05.20 12:40,0.93738,0.9376,0.93738,0.93742,211.0,0,0.0
2025.05.20 12:45,0.93742,0.93757,0.9374,0.93755,229.0,0,0.0
2025.05.20 12:50,0.93754,0.93759,0.93746,0.93754,189.0,0,0.0
2025.05.20 12:55,0.93753,0.93774,0.93749,0.93763,211.0,0,0.0
2025.05.20 13:00,0.93762,0.93766,0.93747,0.93762,274.0,0,0.0
2025.05.20 13:05,0.93762,0.93769,0.93746,0.93757,246.0,0,0.0
2025.05.20 13:10,0.93755,0.93761,0.93737,0.93739,146.0,0,0.0
2025.05.20 13:15,0.93738,0.93738,0.93724,0.93731,168.0,0,0.0
2025.05.20 13:20,0.93732,0.93741,0.93722,0.93728,222.0,0,0.0
2025.05.20 13:25,0.93727,0.93749,0.93726,0.93741,173.0,0,0.0
2025.05.20 13:30,0.9374,0.93744,0.93712,0.93719,255.0,0,0.0
2025.05.20 13:35,0.9372,0.93722,0.93695,0.93714,224.0,0,0.0
2025.05.20 13:40,0.93715,0.93715,0.93702,0.93704,195.0,0,0.0
2025.05.20 13:45,0.93704,0.93706,0.93658,0.9367,229.0,0,0.0
2025.05.20 13:50,0.93671,0.93701,0.9367,0.93684,297.0,0,0.0
2025.05.20 13:55,0.93683,0.93695,0.93665,0.93668,246.0,0,0.0
2025.05.20 14:00,0.93668,0.93668,0.93642,0.93662,276.0,0,0.0
2025.05.20 14:05,0.93662,0.93682,0.93643,0.93652,241.0,0,0.0
2025.05.20 14:10,0.93653,0.93678,0.9364,0.93675,287.0,0,0.0
2025.05.20 14:15,0.93676,0.93677,0.93636,0.93637,241.0,0,0.0
2025.05.20 14:20,0.93636,0.93638,0.93617,0.93619,229.0,0,0.0
2025.05.20 14:25,0.9362,0.93651,0.93605,0.93605,283.0,0,0.0
2025.05.20 14:30,0.93605,0.93654,0.93605,0.93653,246.0,0,0.0
2025.05.20 14:35,0.93653,0.93677,0.93649,0.9367,186.0,0,0.0
2025.05.20 14:40,0.9367,0.9368,0.93664,0.93673,222.0,0,0.0
2025.05.20 14:45,0.93673,0.93673,0.93655,0.93663,182.0,0,0.0
2025.05.20 14:50,0.93664,0.93686,0.93662,0.93685,231.0,0,0.0
2025.05.20 14:55,0.93687,0.93704,0.93683,0.93692,230.0,0,0.0
2025.05.20 15:00,0.93692,0.93709,0.93685,0.93706,220.0,0,0.0
2025.05.20 15:05,0.93707,0.9371,0.93656,0.93669,271.0,0,0.0
2025.05.20 15:10,0.93668,0.93706,0.93667,0.93698,233.0,0,0.0
2025.05.20 15:15,0.937,0.93706,0.93679,0.93679,199.0,0,0.0
2025.05.20 15:20,0.93678,0.93685,0.93663,0.93673,197.0,0,0.0
2025.05.20 15:25,0.93673,0.93687,0.93665,0.93668,200.0,0,0.0
2025.05.20 15:30,0.93669,0.937,0.93666,0.93697,211.0,0,0.0
2025.05.20 15:35,0.93694,0.93697,0.93677,0.93697,260.0,0,0.0
2025.05.20 15:40,0.93698,0.93724,0.93695,0.93718,239.0,0,0.0
2025.05.20 15:45,0.93717,0.93763,0.93714,0.93763,219.0,0,0.0
2025.05.20 15:50,0.93761,0.93772,0.93743,0.93758,291.0,0,0.0
2025.05.20 15:55,0.93759,0.93768,0.93746,0.93751,252.0,0,0.0
2025.05.20 16:00,0.9375,0.93753,0.93725,0.93737,276.0,0,0.0
2025.05.20 16:05,0.93738,0.93739,0.93656,0.93667,251.0,0,0.0
2025.05.20 16:10,0.93665,0.93668,0.93637,0.93659,280.0,0,0.0
2025.05.20 16:15,0.93661,0.93691,0.93649,0.93681,264.0,0,0.0
2025.05.20 16:20,0.93682,0.93691,0.93661,0.93666,215.0,0,0.0
2025.05.20 16:25,0.93668,0.93673,0.93653,0.93656,222.0,0,0.0
2025.05.20 16:30,0.93655,0.937,0.93654,0.93699,239.0,0,0.0
2025.05.20 16:35,0.93698,0.93713,0.93677,0.93696,249.0,0,0.0
2025.05.20 16:40,0.93695,0.93715,0.93693,0.93695,225.0,0,0.0
2025.05.20 16:45,0.93694,0.93699,0.93675,0.93687,183.0,0,0.0
2025.05.20 16:50,0.93688,0.93691,0.93601,0.93612,286.0,0,0.0
2025.05.20 16:55,0.93609,0.93658,0.93605,0.93652,345.0,0,0.0
2025.05.20 17:00,0.93652,0.93674,0.93651,0.93654,290.0,0,0.0
2025.05.20 17:05,0.93655,0.93662,0.93645,0.93645,192.0,0,0.0
2025.05.20 17:10,0.93649,0.93654,0.93607,0.93614,235.0,0,0.0
2025.05.20 17:15,0.93613,0.93619,0.93605,0.9361,191.0,0,0.0
2025.05.20 17:20,0.93612,0.93617,0.93583,0.93587,176.0,0,0.0
2025.05.20 17:25,0.93586,0.93591,0.93575,0.93584,179.0,0,0.0
2025.05.20 17:30,0.93585,0.93607,0.93585,0.93607,198.0,0,0.0
2025.05.20 17:35,0.93607,0.93625,0.93604,0.93617,188.0,0,0.0
2025.05.20 17:40,0.93616,0.93632,0.93616,0.93624,165.0,0,0.0
2025.05.20 17:45,0.93625,0.93636,0.93614,0.93629,204.0,0,0.0
2025.05.20 17:50,0.93628,0.9364,0.93612,0.93624,213.0,0,0.0
2025.05.20 17:55,0.93624,0.93642,0.93624,0.93634,218.0,0,0.0
2025.05.20 18:00,0.93636,0.93637,0.93613,0.93613,200.0,0,0.0
2025.05.20 18:05,0.93613,0.93614,0.93593,0.93597,167.0,0,0.0
2025.05.20 18:10,0.93597,0.93605,0.93596,0.93603,185.0,0,0.0
2025.05.20 18:15,0.93604,0.93625,0.93603,0.93625,195.0,0,0.0
2025.05.20 18:20,0.93625,0.93637,0.93623,0.93631,172.0,0,0.0
2025.05.20 18:25,0.93631,0.93645,0.93628,0.93641,204.0,0,0.0
2025.05.20 18:30,0.93642,0.93649,0.93639,0.93646,165.0,0,0.0
2025.05.20 18:35,0.93646,0.93668,0.93641,0.93655,201.0,0,0.0
2025.05.20 18:40,0.93656,0.93673,0.93654,0.93666,216.0,0,0.0
2025.05.20 18:45,0.93667,0.93672,0.93659,0.93665,192.0,0,0.0
2025.05.20 18:50,0.93666,0.93672,0.93657,0.93668,215.0,0,0.0
2025.05.20 18:55,0.93664,0.93674,0.93664,0.93668,152.0,0,0.0
2025.05.20 19:00,0.93666,0.93679,0.93665,0.93678,182.0,0,0.0
2025.05.20 19:05,0.93679,0.93686,0.93678,0.9368,132.0,0,0.0
2025.05.20 19:10,0.93679,0.93681,0.93667,0.93668,139.0,0,0.0
2025.05.20 19:15,0.93667,0.93668,0.93653,0.93658,178.0,0,0.0
2025.05.20 19:20,0.93658,0.93665,0.93655,0.93659,156.0,0,0.0
2025.05.20 19:25,0.93659,0.9369,0.93658,0.93685,172.0,0,0.0
2025.05.20 19:30,0.93685,0.93686,0.93663,0.93673,220.0,0,0.0
2025.05.20 19:35,0.93668,0.93674,0.93648,0.93658,177.0,0,0.0
2025.05.20 19:40,0.93659,0.93669,0.93653,0.93664,182.0,0,0.0
2025.05.20 19:45,0.93663,0.93663,0.9364,0.93643,205.0,0,0.0
2025.05.20 19:50,0.93644,0.93653,0.93631,0.93631,218.0,0,0.0
2025.05.20 19:55,0.93628,0.93629,0.93588,0.93601,236.0,0,0.0
2025.05.20 20:00,0.93601,0.93604,0.93587,0.93595,144.0,0,0.0
2025.05.20 20:05,0.93596,0.93606,0.93589,0.93596,123.0,0,0.0
2025.05.20 20:10,0.93597,0.93598,0.93563,0.9357,156.0,0,0.0
2025.05.20 20:15,0.93571,0.93572,0.93555,0.93561,105.0,0,0.0
2025.05.20 20:20,0.9356,0.93567,0.93549,0.93556,135.0,0,0.0
2025.05.20 20:25,0.9355,0.93557,0.93528,0.93548,127.0,0,0.0
2025.05.20 20:30,0.93547,0.93547,0.93521,0.93541,153.0,0,0.0
2025.05.20 20:35,0.93539,0.93542,0.93519,0.93542,138.0,0,0.0
2025.05.20 20:40,0.93541,0.93561,0.93531,0.93557,163.0,0,0.0
2025.05.20 20:45,0.93556,0.93557,0.93534,0.93534,125.0,0,0.0
2025.05.20 20:50,0.93535,0.93554,0.93534,0.93546,147.0,0,0.0
2025.05.20 20:55,0.93547,0.93547,0.93533,0.93537,145.0,0,0.0
2025.05.20 21:00,0.93539,0.93545,0.93532,0.93536,135.0,0,0.0
2025.05.20 21:05,0.93537,0.93554,0.93536,0.93552,134.0,0,0.0
2025.05.20 21:10,0.93553,0.93558,0.93546,0.93555,103.0,0,0.0
2025.05.20 21:15,0.93554,0.93555,0.93545,0.93555,92.0,0,0.0
2025.05.20 21:20,0.93554,0.93554,0.93542,0.9355,78.0,0,0.0
2025.05.20 21:25,0.93549,0.93558,0.93548,0.93557,118.0,0,0.0
2025.05.20 21:30,0.93556,0.9356,0.93554,0.93555,63.0,0,0.0
2025.05.20 21:35,0.93554,0.93557,0.93549,0.93551,73.0,0,0.0
2025.05.20 21:40,0.93552,0.93556,0.93547,0.9355,84.0,0,0.0
2025.05.20 21:45,0.93549,0.93573,0.93549,0.9357,71.0,0,0.0
2025.05.20 21:50,0.93569,0.93588,0.93568,0.93572,103.0,0,0.0
2025.05.20 21:55,0.93571,0.93583,0.93554,0.9358,99.0,0,0.0
2025.05.20 22:00,0.93579,0.9358,0.93553,0.93554,69.0,0,0.0
2025.05.20 22:05,0.93555,0.9356,0.93551,0.93554,76.0,0,0.0
2025.05.20 22:10,0.93555,0.93566,0.93551,0.93559,43.0,0,0.0
2025.05.20 22:15,0.93558,0.9356,0.93543,0.93546,68.0,0,0.0
2025.05.20 22:20,0.93545,0.93555,0.93537,0.93537,56.0,0,0.0
2025.05.20 22:25,0.93536,0.93538,0.93512,0.93516,69.0,0,0.0
2025.05.20 22:30,0.93515,0.93527,0.93515,0.93523,94.0,0,0.0
2025.05.20 22:35,0.93523,0.93539,0.93523,0.93538,54.0,0,0.0
2025.05.20 22:40,0.93537,0.93538,0.93494,0.93497,108.0,0,0.0
2025.05.20 22:45,0.93496,0.9351,0.93493,0.93498,89.0,0,0.0
2025.05.20 22:50,0.93493,0.93498,0.93482,0.93491,89.0,0,0.0
2025.05.20 22:55,0.93489,0.93495,0.93433,0.93433,246.0,0,0.0
2025.05.20 23:00,0.93405,0.93405,0.93381,0.93384,10.0,0,0.0
2025.05.20 23:05,0.93388,0.9345,0.93362,0.93376,41.0,0,0.0
2025.05.20 23:10,0.93376,0.93415,0.9337,0.93414,12.0,0,0.0
2025.05.20 23:15,0.93403,0.9342,0.93393,0.93412,12.0,0,0.0
2025.05.20 23:20,0.9341,0.9341,0.93401,0.93405,7.0,0,0.0
2025.05.20 23:25,0.934,0.934,0.93396,0.93396,4.0,0,0.0
2025.05.20 23:30,0.93393,0.93419,0.93393,0.93419,7.0,0,0.0
2025.05.20 23:35,0.9342,0.9342,0.93392,0.93407,8.0,0,0.0
2025.05.20 23:40,0.93406,0.93408,0.93395,0.93395,4.0,0,0.0
2025.05.20 23:45,0.93396,0.93398,0.93388,0.93388,6.0,0,0.0
2025.05.20 23:50,0.93385,0.9341,0.93384,0.9341,9.0,0,0.0
2025.05.20 23:55,0.93424,0.93426,0.934,0.9341,22.0,0,0.0
2025.05.21 00:00,0.93429,0.93482,0.93426,0.93447,105.0,0,0.0
2025.05.21 00:05,0.93449,0.93453,0.93222,0.93314,139.0,0,0.0
2025.05.21 00:15,0.93221,0.93311,0.93219,0.93303,253.0,0,0.0
2025.05.21 00:20,0.93302,0.93308,0.9328,0.93289,113.0,0,0.0
2025.05.21 00:25,0.93288,0.93295,0.93287,0.9329,52.0,0,0.0
2025.05.21 00:30,0.93291,0.93322,0.93289,0.933,101.0,0,0.0
2025.05.21 00:35,0.93301,0.9332,0.933,0.93319,120.0,0,0.0
2025.05.21 00:40,0.93318,0.9334,0.93318,0.9334,91.0,0,0.0
2025.05.21 00:45,0.93341,0.93389,0.9334,0.9338,98.0,0,0.0
2025.05.21 00:50,0.93379,0.934,0.93368,0.934,83.0,0,0.0
2025.05.21 00:55,0.93399,0.93403,0.93373,0.93389,111.0,0,0.0
2025.05.21 01:00,0.93389,0.93391,0.93381,0.93384,118.0,0,0.0
2025.05.21 01:05,0.93383,0.93383,0.93343,0.93344,141.0,0,0.0
2025.05.21 01:10,0.93344,0.93357,0.93342,0.93349,159.0,0,0.0
2025.05.21 01:15,0.93349,0.93379,0.9334,0.93368,141.0,0,0.0
2025.05.21 01:20,0.93367,0.93369,0.93364,0.93369,47.0,0,0.0
2025.05.21 01:25,0.93369,0.9339,0.93367,0.93384,158.0,0,0.0
2025.05.21 01:30,0.93389,0.93391,0.93369,0.93375,148.0,0,0.0
2025.05.21 01:35,0.93375,0.9338,0.93358,0.93373,133.0,0,0.0
2025.05.21 01:40,0.93372,0.93382,0.93371,0.93372,134.0,0,0.0
2025.05.21 01:45,0.93373,0.93379,0.93339,0.93339,189.0,0,0.0
2025.05.21 01:50,0.93338,0.9335,0.93329,0.93337,227.0,0,0.0
2025.05.21 01:55,0.93336,0.93341,0.93309,0.93318,150.0,0,0.0
2025.05.21 02:00,0.93319,0.93338,0.933,0.9332,220.0,0,0.0
2025.05.21 02:05,0.93324,0.93328,0.93278,0.93287,228.0,0,0.0
2025.05.21 02:10,0.93288,0.93331,0.93287,0.93325,202.0,0,0.0
2025.05.21 02:15,0.93326,0.93334,0.93288,0.93298,165.0,0,0.0
2025.05.21 02:20,0.93298,0.93323,0.93275,0.93323,201.0,0,0.0
2025.05.21 02:25,0.93321,0.93323,0.93281,0.93303,189.0,0,0.0
2025.05.21 02:30,0.93303,0.93329,0.93293,0.933,177.0,0,0.0
2025.05.21 02:35,0.93302,0.93319,0.93283,0.93311,168.0,0,0.0
2025.05.21 02:40,0.9331,0.9333,0.9331,0.9333,138.0,0,0.0
2025.05.21 02:45,0.93329,0.93331,0.93318,0.93329,179.0,0,0.0
2025.05.21 02:50,0.9333,0.93334,0.93303,0.93324,279.0,0,0.0
2025.05.21 02:55,0.93328,0.93331,0.93312,0.93312,200.0,0,0.0
2025.05.21 03:00,0.93313,0.93316,0.93268,0.93281,262.0,0,0.0
2025.05.21 03:05,0.93281,0.93304,0.93278,0.93299,177.0,0,0.0
2025.05.21 03:10,0.93298,0.93303,0.93281,0.93302,168.0,0,0.0
2025.05.21 03:15,0.93303,0.93304,0.93273,0.93281,154.0,0,0.0
2025.05.21 03:20,0.9328,0.93284,0.93252,0.9327,137.0,0,0.0
2025.05.21 03:25,0.93271,0.93287,0.93271,0.93274,113.0,0,0.0
2025.05.21 03:30,0.93275,0.93282,0.93255,0.93282,143.0,0,0.0
2025.05.21 03:35,0.93283,0.93296,0.9328,0.93291,158.0,0,0.0
2025.05.21 03:40,0.9329,0.9331,0.93289,0.93308,146.0,0,0.0
2025.05.21 03:45,0.9331,0.93316,0.93299,0.93308,170.0,0,0.0
2025.05.21 03:50,0.93309,0.93327,0.93308,0.93323,101.0,0,0.0
2025.05.21 03:55,0.93322,0.93332,0.93284,0.93288,184.0,0,0.0
2025.05.21 09:05,0.93212,0.93274,0.93199,0.93274,313.0,0,0.0
2025.05.21 09:15,0.93265,0.93344,0.9325,0.93318,313.0,0,0.0
2025.05.21 09:20,0.93317,0.93333,0.93284,0.93291,247.0,0,0.0
2025.05.21 09:25,0.93292,0.93297,0.93275,0.9329,205.0,0,0.0
2025.05.21 09:30,0.93289,0.93292,0.9326,0.93268,270.0,0,0.0
2025.05.21 09:35,0.93269,0.93319,0.93261,0.93319,236.0,0,0.0
2025.05.21 09:40,0.9332,0.93354,0.93319,0.93332,242.0,0,0.0
2025.05.21 09:45,0.93333,0.93364,0.93314,0.93363,280.0,0,0.0
2025.05.21 09:50,0.93363,0.93388,0.93352,0.9336,254.0,0,0.0
2025.05.21 09:55,0.93361,0.93381,0.93321,0.93321,268.0,0,0.0
2025.05.21 10:00,0.93319,0.93363,0.93315,0.93361,276.0,0,0.0
2025.05.21 10:05,0.93362,0.93392,0.93361,0.93371,264.0,0,0.0
2025.05.21 10:10,0.93371,0.93387,0.93349,0.93387,252.0,0,0.0
2025.05.21 10:15,0.93388,0.93421,0.93385,0.93409,283.0,0,0.0
2025.05.21 10:20,0.9341,0.93427,0.934,0.93421,213.0,0,0.0
2025.05.21 10:25,0.93421,0.93483,0.93412,0.93452,256.0,0,0.0
2025.05.21 10:30,0.93452,0.9346,0.9344,0.9346,235.0,0,0.0
2025.05.21 10:35,0.93459,0.93489,0.93447,0.93448,202.0,0,0.0
2025.05.21 10:40,0.93449,0.93449,0.93418,0.93443,231.0,0,0.0
2025.05.21 10:45,0.93444,0.93486,0.93439,0.93469,234.0,0,0.0
2025.05.21 10:50,0.9347,0.93494,0.93452,0.9346,257.0,0,0.0
2025.05.21 10:55,0.93461,0.93466,0.93445,0.93459,217.0,0,0.0
2025.05.21 11:00,0.93459,0.93464,0.93445,0.93464,198.0,0,0.0
2025.05.21 11:05,0.93464,0.93505,0.93455,0.93504,207.0,0,0.0
2025.05.21 11:10,0.93504,0.93508,0.93487,0.93492,195.0,0,0.0
2025.05.21 11:15,0.93492,0.93503,0.9348,0.935,207.0,0,0.0
2025.05.21 11:20,0.93499,0.93517,0.93471,0.93471,201.0,0,0.0
2025.05.21 11:25,0.93472,0.93478,0.9344,0.93468,199.0,0,0.0
2025.05.21 11:30,0.93467,0.93471,0.93439,0.93462,213.0,0,0.0
2025.05.21 11:35,0.93463,0.93493,0.93448,0.93486,207.0,0,0.0
2025.05.21 11:40,0.93486,0.93509,0.93469,0.9348,262.0,0,0.0
2025.05.21 11:45,0.93479,0.93479,0.93425,0.93433,222.0,0,0.0
2025.05.21 11:50,0.93427,0.93455,0.93422,0.9345,259.0,0,0.0
2025.05.21 11:55,0.9345,0.9346,0.93436,0.93446,227.0,0,0.0
2025.05.21 12:00,0.93444,0.93446,0.93391,0.93407,243.0,0,0.0
2025.05.21 12:05,0.93408,0.93408,0.93378,0.934,220.0,0,0.0
2025.05.21 12:10,0.93401,0.93467,0.934,0.93466,249.0,0,0.0
2025.05.21 12:15,0.93465,0.93479,0.93452,0.93453,265.0,0,0.0
2025.05.21 12:20,0.93455,0.9348,0.93435,0.93477,261.0,0,0.0
2025.05.21 12:25,0.93478,0.93484,0.93454,0.93466,276.0,0,0.0
2025.05.21 12:30,0.93465,0.93477,0.93447,0.93449,274.0,0,0.0
2025.05.21 12:35,0.93447,0.9349,0.93443,0.93451,244.0,0,0.0
2025.05.21 12:40,0.9345,0.93464,0.93439,0.93455,253.0,0,0.0
2025.05.21 12:45,0.93456,0.93464,0.93409,0.93446,266.0,0,0.0
2025.05.21 12:50,0.93448,0.93462,0.93443,0.93448,254.0,0,0.0
2025.05.21 12:55,0.93447,0.93454,0.93411,0.93429,265.0,0,0.0
2025.05.21 13:00,0.93427,0.93459,0.93419,0.93436,285.0,0,0.0
2025.05.21 13:05,0.93436,0.9347,0.93433,0.93457,224.0,0,0.0
2025.05.21 13:10,0.93458,0.93471,0.93432,0.93432,208.0,0,0.0
2025.05.21 13:15,0.93433,0.93438,0.93417,0.93437,223.0,0,0.0
2025.05.21 13:20,0.93438,0.93456,0.93434,0.9345,223.0,0,0.0
2025.05.21 13:25,0.9345,0.93463,0.9342,0.93431,229.0,0,0.0
2025.05.21 13:30,0.9343,0.93468,0.93423,0.93448,246.0,0,0.0
2025.05.21 13:35,0.9345,0.93457,0.93438,0.9344,230.0,0,0.0
2025.05.21 13:40,0.93439,0.93465,0.93435,0.93459,217.0,0,0.0
2025.05.21 13:45,0.93458,0.93471,0.93449,0.93469,208.0,0,0.0
2025.05.21 13:50,0.93467,0.93478,0.93455,0.93466,224.0,0,0.0
2025.05.21 13:55,0.93465,0.93479,0.93451,0.93479,302.0,0,0.0
2025.05.21 14:00,0.93483,0.93517,0.93471,0.93504,340.0,0,0.0
2025.05.21 14:05,0.93503,0.93552,0.93503,0.93514,274.0,0,0.0
2025.05.21 14:10,0.93513,0.93526,0.93501,0.93507,265.0,0,0.0
2025.05.21 14:15,0.93507,0.93523,0.93484,0.93503,262.0,0,0.0
2025.05.21 14:20,0.93503,0.93505,0.93486,0.93492,270.0,0,0.0
2025.05.21 14:25,0.93492,0.93493,0.93439,0.93451,280.0,0,0.0
2025.05.21 14:30,0.93449,0.9345,0.93414,0.93419,242.0,0,0.0
2025.05.21 14:35,0.93418,0.9346,0.93417,0.93432,267.0,0,0.0
2025.05.21 14:40,0.93432,0.93449,0.93428,0.93437,242.0,0,0.0
2025.05.21 14:45,0.93435,0.93453,0.93415,0.93415,235.0,0,0.0
2025.05.21 14:50,0.93416,0.93431,0.93407,0.93428,257.0,0,0.0
2025.05.21 14:55,0.93427,0.93473,0.93424,0.93459,257.0,0,0.0
2025.05.21 15:00,0.93461,0.93467,0.93429,0.93444,277.0,0,0.0
2025.05.21 15:05,0.93441,0.93457,0.93434,0.93439,227.0,0,0.0
2025.05.21 15:10,0.93439,0.93459,0.93424,0.93455,182.0,0,0.0
2025.05.21 15:15,0.93453,0.93453,0.93418,0.93422,158.0,0,0.0
2025.05.21 15:20,0.93421,0.93456,0.93417,0.93453,223.0,0,0.0
2025.05.21 15:25,0.93453,0.93494,0.93453,0.93493,188.0,0,0.0
2025.05.21 15:30,0.93494,0.93519,0.93482,0.93492,272.0,0,0.0
2025.05.21 15:35,0.93491,0.93515,0.93477,0.93486,261.0,0,0.0
2025.05.21 15:40,0.93487,0.93513,0.93482,0.93511,229.0,0,0.0
2025.05.21 15:45,0.93511,0.93517,0.93499,0.93509,265.0,0,0.0
2025.05.21 15:50,0.93505,0.93505,0.93452,0.93461,240.0,0,0.0
2025.05.21 15:55,0.93461,0.93539,0.93458,0.93538,274.0,0,0.0
2025.05.21 16:00,0.93537,0.93614,0.93536,0.93542,380.0,0,0.0
2025.05.21 16:05,0.93544,0.93561,0.93484,0.93553,339.0,0,0.0
2025.05.21 16:10,0.93554,0.93556,0.93525,0.93528,292.0,0,0.0
2025.05.21 16:15,0.93531,0.93533,0.93495,0.93518,292.0,0,0.0
2025.05.21 16:20,0.93519,0.93555,0.93514,0.93521,278.0,0,0.0
2025.05.21 16:25,0.93521,0.93542,0.93519,0.93532,238.0,0,0.0
2025.05.21 16:30,0.93532,0.93556,0.93527,0.93552,271.0,0,0.0
2025.05.21 16:35,0.93552,0.93571,0.93535,0.93555,224.0,0,0.0
2025.05.21 16:40,0.93553,0.93559,0.93528,0.93531,241.0,0,0.0
2025.05.21 16:45,0.93531,0.93531,0.93497,0.93511,260.0,0,0.0
2025.05.21 16:50,0.93507,0.93541,0.93494,0.93497,246.0,0,0.0
2025.05.21 16:55,0.93497,0.93499,0.93458,0.93489,302.0,0,0.0
2025.05.21 17:00,0.9349,0.93543,0.93483,0.9354,295.0,0,0.0
2025.05.21 17:05,0.93542,0.9355,0.93527,0.93537,252.0,0,0.0
2025.05.21 17:10,0.93538,0.93559,0.93521,0.93553,224.0,0,0.0
2025.05.21 17:15,0.93552,0.93589,0.93552,0.9358,251.0,0,0.0
2025.05.21 17:20,0.9358,0.9359,0.93564,0.93571,198.0,0,0.0
2025.05.21 17:25,0.93571,0.9358,0.93562,0.93578,197.0,0,0.0
2025.05.21 17:30,0.93582,0.93582,0.93543,0.9356,226.0,0,0.0
2025.05.21 17:35,0.9356,0.93576,0.93559,0.93566,204.0,0,0.0
2025.05.21 17:40,0.93565,0.93572,0.93547,0.93547,171.0,0,0.0
2025.05.21 17:45,0.93547,0.93553,0.93531,0.93541,187.0,0,0.0
2025.05.21 17:50,0.93542,0.93568,0.93539,0.93567,187.0,0,0.0
2025.05.21 17:55,0.93568,0.93585,0.93568,0.93581,161.0,0,0.0
2025.05.21 18:00,0.9358,0.93585,0.93568,0.93577,149.0,0,0.0
2025.05.21 18:05,0.93574,0.93595,0.93571,0.93594,204.0,0,0.0
2025.05.21 18:10,0.93595,0.9361,0.93588,0.93588,175.0,0,0.0
2025.05.21 18:15,0.93587,0.93602,0.93584,0.93598,146.0,0,0.0
2025.05.21 18:20,0.93593,0.93598,0.93578,0.93591,152.0,0,0.0
2025.05.21 18:25,0.9359,0.93616,0.93589,0.93606,148.0,0,0.0
2025.05.21 18:30,0.93607,0.93622,0.93607,0.93613,147.0,0,0.0
2025.05.21 18:35,0.93613,0.93615,0.93601,0.93602,136.0,0,0.0
2025.05.21 18:40,0.93601,0.93618,0.93595,0.93612,137.0,0,0.0
2025.05.21 18:45,0.93618,0.93627,0.93614,0.93625,136.0,0,0.0
2025.05.21 18:50,0.93625,0.93626,0.9362,0.93625,115.0,0,0.0
2025.05.21 18:55,0.93625,0.93628,0.93572,0.93574,178.0,0,0.0
2025.05.21 19:00,0.93573,0.93593,0.93568,0.93593,239.0,0,0.0
2025.05.21 19:05,0.93597,0.93611,0.93588,0.93591,188.0,0,0.0
2025.05.21 19:10,0.93591,0.93592,0.93548,0.9355,214.0,0,0.0
2025.05.21 19:15,0.93551,0.93552,0.93447,0.93472,284.0,0,0.0
2025.05.21 19:20,0.93471,0.93509,0.93463,0.93497,341.0,0,0.0
2025.05.21 19:25,0.93496,0.935,0.93451,0.93457,325.0,0,0.0
2025.05.21 19:30,0.93454,0.93466,0.93437,0.93442,331.0,0,0.0
2025.05.21 19:35,0.93441,0.93489,0.9344,0.93483,278.0,0,0.0
2025.05.21 19:40,0.93484,0.93487,0.93471,0.93482,251.0,0,0.0
2025.05.21 19:45,0.93482,0.93491,0.93473,0.93483,234.0,0,0.0
2025.05.21 19:50,0.93484,0.9349,0.93455,0.93461,222.0,0,0.0
2025.05.21 19:55,0.93461,0.93493,0.93457,0.93493,261.0,0,0.0
2025.05.21 20:00,0.93492,0.93496,0.93465,0.93467,178.0,0,0.0
2025.05.21 20:05,0.9347,0.93497,0.93468,0.93484,159.0,0,0.0
2025.05.21 20:10,0.93483,0.93484,0.93466,0.93474,148.0,0,0.0
2025.05.21 20:15,0.93473,0.93473,0.93449,0.93465,148.0,0,0.0
2025.05.21 20:20,0.93464,0.9347,0.93448,0.93464,156.0,0,0.0
2025.05.21 20:25,0.93463,0.93475,0.93461,0.93465,151.0,0,0.0
2025.05.21 20:30,0.93466,0.9349,0.93464,0.93487,155.0,0,0.0
2025.05.21 20:35,0.93488,0.93493,0.93473,0.93493,146.0,0,0.0
2025.05.21 20:40,0.93492,0.93495,0.93483,0.93491,122.0,0,0.0
2025.05.21 20:45,0.93492,0.93499,0.93486,0.93493,128.0,0,0.0
2025.05.21 20:50,0.93492,0.93499,0.93485,0.9349,129.0,0,0.0
2025.05.21 20:55,0.93489,0.93509,0.93484,0.93506,168.0,0,0.0
2025.05.21 21:00,0.93505,0.93514,0.93498,0.93506,129.0,0,0.0
2025.05.21 21:05,0.93507,0.93507,0.93486,0.93488,101.0,0,0.0
2025.05.21 21:10,0.93486,0.93497,0.93484,0.93492,135.0,0,0.0
2025.05.21 21:15,0.93494,0.93496,0.93463,0.93468,133.0,0,0.0
2025.05.21 21:20,0.93469,0.93478,0.93464,0.9347,130.0,0,0.0
2025.05.21 21:25,0.93469,0.93471,0.93456,0.93463,134.0,0,0.0
2025.05.21 21:30,0.93465,0.93489,0.93464,0.93488,145.0,0,0.0
2025.05.21 21:35,0.93489,0.93515,0.93483,0.93515,145.0,0,0.0
2025.05.21 21:40,0.93514,0.93521,0.93502,0.93513,136.0,0,0.0
2025.05.21 21:45,0.93514,0.93524,0.93508,0.93512,155.0,0,0.0
2025.05.21 21:50,0.93515,0.93516,0.93474,0.93476,162.0,0,0.0
2025.05.21 21:55,0.93477,0.9348,0.93466,0.93471,179.0,0,0.0
2025.05.21 22:00,0.9347,0.93518,0.9346,0.93487,177.0,0,0.0
2025.05.21 22:05,0.93488,0.93488,0.93464,0.93467,74.0,0,0.0
2025.05.21 22:10,0.93465,0.93467,0.93452,0.93453,62.0,0,0.0
2025.05.21 22:15,0.9345,0.93457,0.93446,0.93452,74.0,0,0.0
2025.05.21 22:20,0.93451,0.93463,0.93449,0.93462,49.0,0,0.0
2025.05.21 22:25,0.93461,0.93469,0.93461,0.93469,61.0,0,0.0
2025.05.21 22:30,0.93471,0.93471,0.93451,0.93453,109.0,0,0.0
2025.05.21 22:35,0.93453,0.93456,0.93448,0.93454,108.0,0,0.0
2025.05.21 22:40,0.93455,0.93466,0.93454,0.93466,108.0,0,0.0
2025.05.21 22:45,0.93466,0.93478,0.93466,0.9347,68.0,0,0.0
2025.05.21 22:50,0.93469,0.93487,0.93455,0.9347,97.0,0,0.0
2025.05.21 22:55,0.9347,0.93495,0.9347,0.93476,187.0,0,0.0
2025.05.21 23:00,0.9346,0.93461,0.9346,0.9346,3.0,0,0.0
2025.05.21 23:05,0.93424,0.93447,0.93414,0.93441,16.0,0,0.0
2025.05.21 23:10,0.93455,0.93473,0.93411,0.93446,25.0,0,0.0
2025.05.21 23:15,0.93448,0.93474,0.93448,0.93474,11.0,0,0.0
2025.05.21 23:20,0.9347,0.9347,0.93411,0.93411,20.0,0,0.0
2025.05.21 23:25,0.93411,0.93411,0.93411,0.93411,6.0,0,0.0
2025.05.21 23:30,0.93411,0.93445,0.93411,0.93445,28.0,0,0.0
2025.05.21 23:35,0.93445,0.9345,0.93426,0.93426,6.0,0,0.0
2025.05.21 23:40,0.93433,0.93433,0.93411,0.93411,12.0,0,0.0
2025.05.21 23:45,0.93411,0.93411,0.93411,0.93411,2.0,0,0.0
2025.05.21 23:50,0.93411,0.93437,0.93411,0.93433,11.0,0,0.0
2025.05.21 23:55,0.93442,0.93444,0.93411,0.93411,16.0,0,0.0
2025.05.22 00:00,0.93443,0.93487,0.93443,0.93479,155.0,0,0.0
2025.05.22 00:05,0.93486,0.9351,0.93468,0.93479,140.0,0,0.0
2025.05.22 00:10,0.93479,0.93489,0.93469,0.9348,98.0,0,0.0
2025.05.22 00:15,0.93484,0.9352,0.93479,0.93506,238.0,0,0.0
2025.05.22 00:20,0.93506,0.93506,0.93487,0.93504,175.0,0,0.0
2025.05.22 00:25,0.93504,0.93526,0.93497,0.93521,207.0,0,0.0
2025.05.22 00:30,0.9352,0.93526,0.93512,0.9352,152.0,0,0.0
2025.05.22 00:35,0.9352,0.9353,0.935,0.935,150.0,0,0.0
2025.05.22 00:40,0.93502,0.93522,0.93502,0.93513,144.0,0,0.0
2025.05.22 00:45,0.93514,0.93522,0.93507,0.93521,125.0,0,0.0
2025.05.22 00:50,0.9352,0.93521,0.93498,0.93501,198.0,0,0.0
2025.05.22 00:55,0.935,0.93507,0.93492,0.93503,149.0,0,0.0
2025.05.22 01:00,0.93501,0.93506,0.93471,0.9348,172.0,0,0.0
2025.05.22 01:05,0.93481,0.93484,0.93472,0.93475,75.0,0,0.0
2025.05.22 01:10,0.93476,0.93484,0.93469,0.93483,136.0,0,0.0
2025.05.22 01:15,0.93482,0.93486,0.93478,0.93484,84.0,0,0.0
2025.05.22 01:20,0.93485,0.93492,0.93483,0.9349,109.0,0,0.0
2025.05.22 01:25,0.93489,0.93497,0.93485,0.93492,111.0,0,0.0
2025.05.22 01:30,0.93491,0.93492,0.93487,0.93489,55.0,0,0.0
2025.05.22 01:35,0.93488,0.93492,0.93484,0.9349,108.0,0,0.0
2025.05.22 01:40,0.93491,0.93493,0.93487,0.9349,74.0,0,0.0
2025.05.22 01:45,0.93487,0.93498,0.93483,0.93493,128.0,0,0.0
2025.05.22 01:50,0.93492,0.935,0.93483,0.93494,226.0,0,0.0
2025.05.22 01:55,0.93493,0.93495,0.9347,0.93473,175.0,0,0.0
2025.05.22 02:00,0.93472,0.93492,0.93461,0.93483,201.0,0,0.0
2025.05.22 02:05,0.93484,0.9349,0.9348,0.93483,157.0,0,0.0
2025.05.22 02:10,0.93482,0.93493,0.9345,0.93462,232.0,0,0.0
2025.05.22 02:15,0.93465,0.93473,0.93452,0.93462,236.0,0,0.0
2025.05.22 02:20,0.93461,0.93461,0.93444,0.93451,217.0,0,0.0
2025.05.22 02:25,0.9345,0.93456,0.93442,0.93443,195.0,0,0.0
2025.05.22 02:30,0.93444,0.9346,0.9344,0.93443,200.0,0,0.0
2025.05.22 02:35,0.93442,0.93451,0.93433,0.93433,194.0,0,0.0
2025.05.22 02:40,0.93432,0.93436,0.93425,0.93432,152.0,0,0.0
2025.05.22 02:45,0.93433,0.9344,0.93431,0.93436,159.0,0,0.0
2025.05.22 02:50,0.93437,0.93441,0.93423,0.93426,210.0,0,0.0
2025.05.22 02:55,0.93436,0.93438,0.93428,0.93436,196.0,0,0.0
2025.05.22 03:00,0.93437,0.93451,0.93429,0.93439,222.0,0,0.0
2025.05.22 03:05,0.93439,0.93441,0.93431,0.93436,159.0,0,0.0
2025.05.22 03:10,0.93437,0.9345,0.93434,0.93447,140.0,0,0.0
2025.05.22 03:15,0.93446,0.93448,0.93431,0.93435,164.0,0,0.0
2025.05.22 03:20,0.93435,0.93441,0.93426,0.93431,194.0,0,0.0
2025.05.22 03:25,0.93431,0.93431,0.93414,0.93424,183.0,0,0.0
2025.05.22 03:30,0.93424,0.9346,0.93424,0.93442,176.0,0,0.0
2025.05.22 03:35,0.93443,0.9345,0.93429,0.93432,173.0,0,0.0
2025.05.22 03:40,0.93432,0.93436,0.93421,0.93422,136.0,0,0.0
2025.05.22 03:45,0.93423,0.93435,0.93421,0.93432,186.0,0,0.0
2025.05.22 03:50,0.93432,0.93443,0.93432,0.9344,114.0,0,0.0
2025.05.22 03:55,0.93439,0.9346,0.93438,0.93454,219.0,0,0.0
2025.05.22 04:00,0.93453,0.93454,0.93435,0.93436,194.0,0,0.0
2025.05.22 04:05,0.93437,0.93445,0.93435,0.93445,174.0,0,0.0
2025.05.22 04:10,0.93443,0.93461,0.93436,0.93452,159.0,0,0.0
2025.05.22 04:15,0.93452,0.93462,0.93447,0.93457,155.0,0,0.0
2025.05.22 04:20,0.93458,0.93465,0.93454,0.93459,129.0,0,0.0
2025.05.22 04:25,0.9346,0.93474,0.93459,0.93464,154.0,0,0.0
2025.05.22 04:30,0.93464,0.93465,0.93454,0.93455,123.0,0,0.0
2025.05.22 04:35,0.93454,0.93459,0.9343,0.93431,163.0,0,0.0
2025.05.22 04:40,0.93432,0.93451,0.93424,0.93424,192.0,0,0.0
2025.05.22 04:45,0.93426,0.93426,0.93399,0.934,172.0,0,0.0
2025.05.22 04:50,0.93401,0.93413,0.93399,0.93402,254.0,0,0.0
2025.05.22 04:55,0.93402,0.93411,0.93399,0.9341,252.0,0,0.0
2025.05.22 05:00,0.93411,0.93435,0.93404,0.93431,177.0,0,0.0
2025.05.22 05:05,0.9343,0.93432,0.9342,0.9343,200.0,0,0.0
2025.05.22 05:10,0.93431,0.93457,0.9343,0.93456,166.0,0,0.0
2025.05.22 05:15,0.93455,0.93461,0.93448,0.9345,119.0,0,0.0
2025.05.22 05:20,0.93451,0.93455,0.93444,0.93451,143.0,0,0.0
2025.05.22 05:25,0.9345,0.93452,0.9344,0.93443,115.0,0,0.0
2025.05.22 05:30,0.93441,0.9345,0.93437,0.93442,124.0,0,0.0
2025.05.22 05:35,0.9344,0.93441,0.93429,0.93431,116.0,0,0.0
2025.05.22 05:40,0.9343,0.93435,0.93428,0.93431,85.0,0,0.0
2025.05.22 05:45,0.9343,0.93436,0.93429,0.93433,123.0,0,0.0
2025.05.22 05:50,0.93432,0.93439,0.93429,0.93433,141.0,0,0.0
2025.05.22 05:55,0.93431,0.93448,0.93431,0.93443,125.0,0,0.0
2025.05.22 06:00,0.93442,0.93445,0.93435,0.93435,121.0,0,0.0
2025.05.22 06:05,0.93434,0.9344,0.93432,0.9344,104.0,0,0.0
2025.05.22 06:10,0.9344,0.93448,0.93439,0.9344,131.0,0,0.0
2025.05.22 06:15,0.93439,0.93441,0.93429,0.93431,100.0,0,0.0
2025.05.22 06:20,0.93432,0.93433,0.93425,0.93429,51.0,0,0.0
2025.05.22 06:25,0.93428,0.9343,0.93425,0.93426,96.0,0,0.0
2025.05.22 06:30,0.93427,0.93432,0.93425,0.9343,132.0,0,0.0
2025.05.22 06:35,0.9343,0.93437,0.93428,0.93431,83.0,0,0.0
2025.05.22 06:40,0.93432,0.93441,0.93426,0.9344,84.0,0,0.0
2025.05.22 06:45,0.93441,0.93444,0.93437,0.9344,123.0,0,0.0
2025.05.22 06:50,0.9344,0.93448,0.93437,0.93446,113.0,0,0.0
2025.05.22 06:55,0.93448,0.93452,0.9344,0.93449,120.0,0,0.0
2025.05.22 07:00,0.9345,0.9345,0.93439,0.93439,75.0,0,0.0
2025.05.22 07:05,0.9344,0.93448,0.93438,0.93444,106.0,0,0.0
2025.05.22 07:10,0.93439,0.93441,0.93431,0.93431,144.0,0,0.0
2025.05.22 07:15,0.93432,0.93432,0.93417,0.93418,109.0,0,0.0
2025.05.22 07:20,0.93417,0.9343,0.93407,0.93425,121.0,0,0.0
2025.05.22 07:25,0.93426,0.93442,0.93425,0.93439,81.0,0,0.0
2025.05.22 07:30,0.93435,0.93452,0.93433,0.93451,133.0,0,0.0
2025.05.22 07:35,0.9345,0.93461,0.93446,0.93456,122.0,0,0.0
2025.05.22 07:40,0.93459,0.93466,0.93455,0.93466,157.0,0,0.0
2025.05.22 07:45,0.93465,0.93471,0.93455,0.93461,207.0,0,0.0
2025.05.22 07:50,0.93459,0.93495,0.93459,0.93487,182.0,0,0.0
2025.05.22 07:55,0.93486,0.93491,0.9348,0.93482,161.0,0,0.0
2025.05.22 08:00,0.93481,0.93487,0.93473,0.93484,281.0,0,0.0
2025.05.22 08:05,0.93483,0.93505,0.93475,0.93504,243.0,0,0.0
2025.05.22 08:10,0.93502,0.93506,0.93484,0.93494,226.0,0,0.0
2025.05.22 08:15,0.93495,0.93503,0.93485,0.93496,176.0,0,0.0
2025.05.22 08:20,0.93495,0.93505,0.93482,0.93483,219.0,0,0.0
2025.05.22 08:25,0.93482,0.93485,0.93452,0.93472,217.0,0,0.0
2025.05.22 08:30,0.93473,0.93473,0.93434,0.9345,238.0,0,0.0
2025.05.22 08:35,0.93453,0.93453,0.93434,0.93437,215.0,0,0.0
2025.05.22 08:40,0.93438,0.93445,0.93435,0.93435,237.0,0,0.0
2025.05.22 08:45,0.93437,0.93437,0.93417,0.9342,222.0,0,0.0
2025.05.22 08:50,0.9342,0.93464,0.93419,0.93457,264.0,0,0.0
2025.05.22 08:55,0.93458,0.93465,0.9344,0.93456,304.0,0,0.0
2025.05.22 09:00,0.93455,0.93481,0.93418,0.93429,270.0,0,0.0
2025.05.22 09:05,0.93427,0.93427,0.93386,0.93387,218.0,0,0.0
2025.05.22 09:10,0.93386,0.93407,0.93349,0.93349,262.0,0,0.0
2025.05.22 09:15,0.93387,0.93455,0.9336,0.93453,236.0,0,0.0
2025.05.22 09:20,0.93449,0.93457,0.9342,0.93425,147.0,0,0.0
2025.05.22 09:25,0.93424,0.9343,0.93378,0.93407,280.0,0,0.0
2025.05.22 09:30,0.93349,0.93377,0.93295,0.93346,373.0,0,0.0
2025.05.22 09:35,0.93346,0.93374,0.93338,0.93363,261.0,0,0.0
2025.05.22 09:40,0.93362,0.93365,0.9335,0.9335,273.0,0,0.0
2025.05.22 09:45,0.93352,0.93372,0.93345,0.93355,222.0,0,0.0
2025.05.22 09:50,0.93354,0.93357,0.93342,0.93357,207.0,0,0.0
2025.05.22 09:55,0.93357,0.93362,0.93338,0.93338,223.0,0,0.0
2025.05.22 10:00,0.93338,0.93379,0.93338,0.93379,262.0,0,0.0
2025.05.22 10:05,0.93377,0.93406,0.93377,0.93403,180.0,0,0.0
2025.05.22 10:10,0.93401,0.93425,0.93395,0.934,264.0,0,0.0
2025.05.22 10:15,0.93399,0.93411,0.93383,0.93411,239.0,0,0.0
2025.05.22 10:20,0.93411,0.93426,0.93407,0.93417,193.0,0,0.0
2025.05.22 10:25,0.93416,0.9342,0.93404,0.93404,179.0,0,0.0
2025.05.22 10:30,0.93405,0.93414,0.93364,0.93364,250.0,0,0.0
2025.05.22 10:35,0.93364,0.93398,0.93358,0.93384,249.0,0,0.0
2025.05.22 10:40,0.93385,0.93414,0.93381,0.93413,244.0,0,0.0
2025.05.22 10:45,0.93413,0.93431,0.93409,0.93417,232.0,0,0.0
2025.05.22 10:50,0.93416,0.9343,0.93392,0.93393,245.0,0,0.0
2025.05.22 10:55,0.93392,0.93397,0.93373,0.93375,237.0,0,0.0
2025.05.22 11:00,0.93376,0.93379,0.93329,0.93335,271.0,0,0.0
2025.05.22 11:05,0.93334,0.9334,0.933,0.93305,223.0,0,0.0
2025.05.22 11:10,0.93305,0.93339,0.933,0.93321,256.0,0,0.0
2025.05.22 11:15,0.9332,0.93357,0.93319,0.93356,228.0,0,0.0
2025.05.22 11:20,0.93354,0.93355,0.93311,0.93316,219.0,0,0.0
2025.05.22 11:25,0.93316,0.93343,0.93314,0.93343,182.0,0,0.0
2025.05.22 11:30,0.93342,0.93355,0.93322,0.93323,189.0,0,0.0
2025.05.22 11:35,0.93327,0.93341,0.9332,0.93326,127.0,0,0.0
2025.05.22 11:40,0.93327,0.93334,0.93313,0.93313,177.0,0,0.0
2025.05.22 11:45,0.93313,0.93359,0.93313,0.93351,175.0,0,0.0
2025.05.22 11:50,0.93355,0.93356,0.93345,0.93348,174.0,0,0.0
2025.05.22 11:55,0.93349,0.93362,0.93348,0.93349,220.0,0,0.0
2025.05.22 12:00,0.93347,0.93355,0.93331,0.93349,216.0,0,0.0
2025.05.22 12:05,0.9335,0.93359,0.93348,0.93351,152.0,0,0.0
2025.05.22 12:10,0.93351,0.93371,0.93351,0.9337,180.0,0,0.0
2025.05.22 12:15,0.93371,0.93371,0.93362,0.93365,150.0,0,0.0
2025.05.22 12:20,0.93365,0.93365,0.93342,0.93355,143.0,0,0.0
2025.05.22 12:25,0.93356,0.93358,0.93351,0.93355,122.0,0,0.0
2025.05.22 12:30,0.93358,0.93392,0.93358,0.93392,202.0,0,0.0
2025.05.22 12:35,0.93391,0.93406,0.9338,0.93389,171.0,0,0.0
2025.05.22 12:40,0.93388,0.93388,0.9337,0.93373,167.0,0,0.0
2025.05.22 12:45,0.93374,0.93382,0.93368,0.93376,176.0,0,0.0
2025.05.22 12:50,0.93375,0.93388,0.93374,0.9338,124.0,0,0.0
2025.05.22 12:55,0.9338,0.93387,0.93369,0.93378,200.0,0,0.0
2025.05.22 13:00,0.93378,0.93413,0.93376,0.93408,245.0,0,0.0
2025.05.22 13:05,0.93407,0.93417,0.93387,0.93394,224.0,0,0.0
2025.05.22 13:10,0.93394,0.93405,0.9338,0.93394,215.0,0,0.0
2025.05.22 13:15,0.93393,0.93439,0.93393,0.93431,193.0,0,0.0
2025.05.22 13:20,0.93432,0.93445,0.93429,0.93432,179.0,0,0.0
2025.05.22 13:25,0.93431,0.93441,0.93429,0.9344,155.0,0,0.0
2025.05.22 13:30,0.93438,0.9347,0.93432,0.9345,232.0,0,0.0
2025.05.22 13:35,0.9345,0.93454,0.93419,0.9342,199.0,0,0.0
2025.05.22 13:40,0.93421,0.93442,0.93416,0.9342,200.0,0,0.0
2025.05.22 13:45,0.93421,0.93428,0.93417,0.93424,177.0,0,0.0
2025.05.22 13:50,0.93423,0.93428,0.93408,0.9342,248.0,0,0.0
2025.05.22 13:55,0.9342,0.9342,0.93383,0.93398,304.0,0,0.0
2025.05.22 14:00,0.93397,0.93419,0.93394,0.93412,234.0,0,0.0
2025.05.22 14:05,0.93413,0.93451,0.9341,0.93422,276.0,0,0.0
2025.05.22 14:10,0.93421,0.93422,0.93374,0.93384,247.0,0,0.0
2025.05.22 14:15,0.93387,0.93388,0.93373,0.93388,229.0,0,0.0
2025.05.22 14:20,0.93387,0.93389,0.93365,0.93375,204.0,0,0.0
2025.05.22 14:25,0.93374,0.93382,0.93299,0.9332,184.0,0,0.0
2025.05.22 14:30,0.93325,0.93393,0.93325,0.93375,227.0,0,0.0
2025.05.22 14:35,0.93378,0.93434,0.93366,0.93432,307.0,0,0.0
2025.05.22 14:40,0.93431,0.93453,0.93417,0.93418,288.0,0,0.0
2025.05.22 14:45,0.93418,0.93429,0.93402,0.93423,242.0,0,0.0
2025.05.22 14:50,0.93424,0.9346,0.93414,0.93433,274.0,0,0.0
2025.05.22 14:55,0.93434,0.93442,0.93416,0.93437,267.0,0,0.0
2025.05.22 15:00,0.93442,0.93452,0.93426,0.93436,275.0,0,0.0
2025.05.22 15:05,0.93435,0.9345,0.93428,0.93445,248.0,0,0.0
2025.05.22 15:10,0.93445,0.93481,0.93445,0.93463,240.0,0,0.0
2025.05.22 15:15,0.93463,0.93465,0.93423,0.93426,231.0,0,0.0
2025.05.22 15:20,0.93425,0.93454,0.93419,0.93444,230.0,0,0.0
2025.05.22 15:25,0.93448,0.93456,0.93437,0.93441,210.0,0,0.0
2025.05.22 15:30,0.93439,0.93466,0.93433,0.93437,277.0,0,0.0
2025.05.22 15:35,0.93438,0.93458,0.93431,0.93455,287.0,0,0.0
2025.05.22 15:40,0.93455,0.93478,0.93387,0.93415,228.0,0,0.0
2025.05.22 15:45,0.9344,0.93488,0.93395,0.93483,379.0,0,0.0
2025.05.22 15:50,0.93483,0.93505,0.93482,0.93494,337.0,0,0.0
2025.05.22 15:55,0.93492,0.93496,0.93452,0.93462,310.0,0,0.0
2025.05.22 16:00,0.93461,0.93471,0.93426,0.93468,316.0,0,0.0
2025.05.22 16:05,0.93469,0.93491,0.93462,0.93491,303.0,0,0.0
2025.05.22 16:10,0.93493,0.935,0.93477,0.93478,273.0,0,0.0
2025.05.22 16:15,0.93477,0.93486,0.93468,0.93468,238.0,0,0.0
2025.05.22 16:20,0.93469,0.93498,0.93467,0.93491,279.0,0,0.0
2025.05.22 16:25,0.93492,0.93496,0.93476,0.93479,259.0,0,0.0
2025.05.22 16:30,0.93478,0.93483,0.93458,0.93461,295.0,0,0.0
2025.05.22 16:35,0.9346,0.93494,0.93455,0.93487,260.0,0,0.0
2025.05.22 16:40,0.93487,0.93523,0.93476,0.93511,287.0,0,0.0
2025.05.22 16:45,0.9351,0.93525,0.93447,0.93448,268.0,0,0.0
2025.05.22 16:50,0.93451,0.93456,0.93418,0.93453,300.0,0,0.0
2025.05.22 16:55,0.93453,0.93479,0.93447,0.93464,366.0,0,0.0
2025.05.22 17:00,0.93464,0.93517,0.93463,0.93509,292.0,0,0.0
2025.05.22 17:05,0.93506,0.93524,0.93495,0.93503,329.0,0,0.0
2025.05.22 17:10,0.93502,0.93521,0.93495,0.93502,270.0,0,0.0
2025.05.22 17:15,0.93501,0.93527,0.93495,0.93524,255.0,0,0.0
2025.05.22 17:20,0.93527,0.93538,0.93511,0.93513,214.0,0,0.0
2025.05.22 17:25,0.93515,0.93526,0.93495,0.93498,186.0,0,0.0
2025.05.22 17:30,0.93508,0.93517,0.93495,0.935,225.0,0,0.0
2025.05.22 17:35,0.93501,0.93505,0.93461,0.93465,231.0,0,0.0
2025.05.22 17:40,0.93463,0.93489,0.9345,0.93474,253.0,0,0.0
2025.05.22 17:45,0.93476,0.93532,0.93474,0.93521,233.0,0,0.0
2025.05.22 17:50,0.93522,0.93534,0.93503,0.93511,205.0,0,0.0
2025.05.22 17:55,0.9351,0.93532,0.93503,0.93531,245.0,0,0.0
2025.05.22 18:00,0.93531,0.93546,0.93523,0.93536,228.0,0,0.0
2025.05.22 18:05,0.93535,0.93535,0.93519,0.93528,169.0,0,0.0
2025.05.22 18:10,0.93529,0.93533,0.93514,0.93528,156.0,0,0.0
2025.05.22 18:15,0.93526,0.93536,0.93522,0.93531,217.0,0,0.0
2025.05.22 18:20,0.93529,0.9353,0.93506,0.93514,205.0,0,0.0
2025.05.22 18:25,0.93514,0.93519,0.93493,0.93495,183.0,0,0.0
2025.05.22 18:30,0.93495,0.93501,0.93476,0.93501,177.0,0,0.0
2025.05.22 18:35,0.93502,0.93513,0.9349,0.93502,217.0,0,0.0
2025.05.22 18:40,0.93499,0.93514,0.93496,0.93506,174.0,0,0.0
2025.05.22 18:45,0.93506,0.9351,0.93469,0.93469,222.0,0,0.0
2025.05.22 18:50,0.93468,0.9347,0.93455,0.93466,192.0,0,0.0
2025.05.22 18:55,0.93466,0.93467,0.93443,0.93444,259.0,0,0.0
2025.05.22 19:00,0.9344,0.93464,0.93436,0.93457,203.0,0,0.0
2025.05.22 19:05,0.93456,0.93459,0.93445,0.93453,140.0,0,0.0
2025.05.22 19:10,0.93452,0.93465,0.93447,0.93464,197.0,0,0.0
2025.05.22 19:15,0.93463,0.93469,0.93448,0.93451,214.0,0,0.0
2025.05.22 19:20,0.9345,0.93478,0.93437,0.93465,214.0,0,0.0
2025.05.22 19:25,0.93464,0.9351,0.93462,0.93479,221.0,0,0.0
2025.05.22 19:30,0.9348,0.93485,0.93463,0.93484,193.0,0,0.0
2025.05.22 19:35,0.93485,0.93495,0.93478,0.93494,204.0,0,0.0
2025.05.22 19:40,0.93494,0.93495,0.9347,0.93474,137.0,0,0.0
2025.05.22 19:45,0.93477,0.93496,0.93474,0.93493,204.0,0,0.0
2025.05.22 19:50,0.93493,0.93506,0.93493,0.93498,195.0,0,0.0
2025.05.22 19:55,0.93498,0.93502,0.93493,0.935,189.0,0,0.0
2025.05.22 20:00,0.93499,0.93509,0.93495,0.93503,98.0,0,0.0
2025.05.22 20:05,0.93502,0.93504,0.93484,0.93495,121.0,0,0.0
2025.05.22 20:10,0.93494,0.93499,0.93488,0.93496,117.0,0,0.0
2025.05.22 20:15,0.93495,0.93499,0.93489,0.93493,95.0,0,0.0
2025.05.22 20:20,0.93491,0.93503,0.9349,0.93501,83.0,0,0.0
2025.05.22 20:25,0.935,0.93503,0.93496,0.93497,34.0,0,0.0
2025.05.22 20:30,0.93496,0.93504,0.93491,0.93504,76.0,0,0.0
2025.05.22 20:35,0.93503,0.93507,0.93489,0.93492,94.0,0,0.0
2025.05.22 20:40,0.93491,0.93502,0.93485,0.93499,103.0,0,0.0
2025.05.22 20:45,0.93498,0.93501,0.93494,0.93497,89.0,0,0.0
2025.05.22 20:50,0.93498,0.93513,0.93497,0.93505,73.0,0,0.0
2025.05.22 20:55,0.93506,0.93525,0.93505,0.93509,105.0,0,0.0
2025.05.22 21:00,0.9351,0.93529,0.9351,0.93529,103.0,0,0.0
2025.05.22 21:05,0.9353,0.93531,0.93522,0.93524,66.0,0,0.0
2025.05.22 21:10,0.93525,0.93528,0.93519,0.93523,65.0,0,0.0
2025.05.22 21:15,0.93524,0.9353,0.93514,0.93518,94.0,0,0.0
2025.05.22 21:20,0.93517,0.93521,0.93509,0.9351,84.0,0,0.0
2025.05.22 21:25,0.93509,0.93518,0.93509,0.93516,77.0,0,0.0
2025.05.22 21:30,0.93515,0.93516,0.93502,0.93507,85.0,0,0.0
2025.05.22 21:35,0.93508,0.93508,0.93495,0.93495,60.0,0,0.0
2025.05.22 21:40,0.93494,0.93495,0.93487,0.93494,80.0,0,0.0
2025.05.22 21:45,0.93493,0.93493,0.93473,0.93474,99.0,0,0.0
2025.05.22 21:50,0.93475,0.93477,0.93465,0.93467,117.0,0,0.0
2025.05.22 21:55,0.93465,0.93465,0.93447,0.93459,128.0,0,0.0
2025.05.22 22:00,0.9346,0.93473,0.93458,0.93461,91.0,0,0.0
2025.05.22 22:05,0.9346,0.93461,0.93441,0.93451,52.0,0,0.0
2025.05.22 22:10,0.93454,0.9346,0.93454,0.93458,40.0,0,0.0
2025.05.22 22:15,0.93459,0.93459,0.93455,0.93456,59.0,0,0.0
2025.05.22 22:20,0.93457,0.93461,0.93456,0.9346,43.0,0,0.0
2025.05.22 22:25,0.93459,0.9346,0.93451,0.93455,50.0,0,0.0
2025.05.22 22:30,0.93454,0.93454,0.9344,0.93441,53.0,0,0.0
2025.05.22 22:35,0.93443,0.93452,0.9344,0.93452,39.0,0,0.0
2025.05.22 22:40,0.93453,0.93499,0.93453,0.93499,134.0,0,0.0
2025.05.22 22:45,0.93499,0.935,0.93488,0.93498,75.0,0,0.0
2025.05.22 22:50,0.93497,0.93497,0.93451,0.9347,56.0,0,0.0
2025.05.22 22:55,0.9347,0.93493,0.93464,0.93468,212.0,0,0.0
2025.05.22 23:05,0.93444,0.9345,0.93437,0.93441,16.0,0,0.0
2025.05.22 23:10,0.9344,0.93466,0.93409,0.93409,22.0,0,0.0
2025.05.22 23:15,0.93409,0.93415,0.93397,0.93397,10.0,0,0.0
2025.05.22 23:20,0.93401,0.9341,0.93401,0.93407,8.0,0,0.0
2025.05.22 23:25,0.93407,0.93408,0.93399,0.93403,9.0,0,0.0
2025.05.22 23:30,0.93403,0.93409,0.93389,0.93409,20.0,0,0.0
2025.05.22 23:35,0.93416,0.93467,0.93416,0.93458,19.0,0,0.0
2025.05.22 23:40,0.93443,0.93454,0.93418,0.93441,12.0,0,0.0
2025.05.22 23:45,0.9344,0.9344,0.93406,0.93409,8.0,0,0.0
2025.05.22 23:50,0.93411,0.93422,0.93411,0.93412,7.0,0,0.0
2025.05.22 23:55,0.93409,0.93424,0.93409,0.93416,8.0,0,0.0
2025.05.23 00:00,0.93417,0.93492,0.93417,0.93481,89.0,0,0.0
2025.05.23 00:05,0.93485,0.93494,0.93479,0.9348,38.0,0,0.0
2025.05.23 00:10,0.93483,0.93496,0.93481,0.93491,56.0,0,0.0
2025.05.23 00:15,0.93491,0.93506,0.93481,0.93489,163.0,0,0.0
2025.05.23 00:20,0.93489,0.93491,0.93481,0.93482,94.0,0,0.0
2025.05.23 00:25,0.93481,0.93486,0.93471,0.93478,96.0,0,0.0
2025.05.23 00:30,0.93479,0.93488,0.93478,0.93487,58.0,0,0.0
2025.05.23 00:35,0.93485,0.9349,0.93474,0.9348,121.0,0,0.0
2025.05.23 00:40,0.93479,0.93487,0.93471,0.93472,129.0,0,0.0
2025.05.23 00:45,0.93472,0.93479,0.93467,0.93471,78.0,0,0.0
2025.05.23 00:50,0.93469,0.93475,0.93464,0.93468,71.0,0,0.0
2025.05.23 00:55,0.93468,0.93474,0.93455,0.93458,49.0,0,0.0
2025.05.23 01:00,0.93458,0.93464,0.93458,0.93459,96.0,0,0.0
2025.05.23 01:05,0.93459,0.93467,0.93459,0.93459,125.0,0,0.0
2025.05.23 01:10,0.93459,0.9347,0.93452,0.9347,107.0,0,0.0
2025.05.23 01:15,0.93469,0.93471,0.9346,0.9347,73.0,0,0.0
2025.05.23 01:20,0.93469,0.93469,0.93457,0.9346,47.0,0,0.0
2025.05.23 01:25,0.9346,0.93468,0.93458,0.9346,108.0,0,0.0
2025.05.23 01:30,0.9346,0.9346,0.93448,0.93448,73.0,0,0.0
2025.05.23 01:35,0.93448,0.93459,0.93441,0.93458,91.0,0,0.0
2025.05.23 01:40,0.93459,0.93462,0.93459,0.93461,54.0,0,0.0
2025.05.23 01:45,0.93461,0.93461,0.93447,0.93448,115.0,0,0.0
2025.05.23 01:50,0.93449,0.93453,0.93443,0.93453,132.0,0,0.0
2025.05.23 01:55,0.93449,0.93457,0.93441,0.93455,104.0,0,0.0
2025.05.23 02:00,0.93456,0.93485,0.93452,0.93479,198.0,0,0.0
2025.05.23 02:05,0.93481,0.93487,0.93473,0.93476,193.0,0,0.0
2025.05.23 02:10,0.93478,0.93485,0.93469,0.93472,173.0,0,0.0
2025.05.23 02:15,0.93473,0.93489,0.93469,0.93483,195.0,0,0.0
2025.05.23 02:20,0.93483,0.93483,0.93475,0.93478,146.0,0,0.0
2025.05.23 02:25,0.93478,0.93492,0.93477,0.93491,176.0,0,0.0
2025.05.23 02:30,0.93492,0.93492,0.93479,0.93486,190.0,0,0.0
2025.05.23 02:35,0.93485,0.93502,0.9348,0.93499,228.0,0,0.0
2025.05.23 02:40,0.93498,0.93501,0.93491,0.93496,163.0,0,0.0
2025.05.23 02:45,0.93497,0.93511,0.93489,0.93503,218.0,0,0.0
2025.05.23 02:50,0.93505,0.93511,0.93491,0.93492,256.0,0,0.0
2025.05.23 02:55,0.93501,0.93527,0.935,0.93526,247.0,0,0.0
2025.05.23 03:00,0.93526,0.93538,0.9352,0.9353,226.0,0,0.0
2025.05.23 03:05,0.93529,0.93529,0.93512,0.93513,253.0,0,0.0
2025.05.23 03:10,0.93514,0.93533,0.93514,0.93532,230.0,0,0.0
2025.05.23 03:15,0.93532,0.93537,0.93523,0.9353,143.0,0,0.0
2025.05.23 03:20,0.93529,0.93531,0.93519,0.93521,144.0,0,0.0
2025.05.23 03:25,0.93522,0.9353,0.93518,0.93529,173.0,0,0.0
2025.05.23 03:30,0.93533,0.93538,0.93528,0.93534,171.0,0,0.0
2025.05.23 03:35,0.93533,0.93553,0.9353,0.93552,199.0,0,0.0
2025.05.23 03:40,0.93553,0.93557,0.93541,0.93551,183.0,0,0.0
2025.05.23 03:45,0.93551,0.93557,0.93544,0.93553,183.0,0,0.0
2025.05.23 03:50,0.93554,0.9356,0.93536,0.93537,195.0,0,0.0
2025.05.23 03:55,0.93541,0.93554,0.93527,0.93533,253.0,0,0.0
2025.05.23 04:00,0.93533,0.93533,0.93506,0.93512,175.0,0,0.0
2025.05.23 04:05,0.93513,0.93519,0.93508,0.93516,132.0,0,0.0
2025.05.23 04:10,0.93514,0.93529,0.93514,0.93529,169.0,0,0.0
2025.05.23 04:15,0.93526,0.93527,0.93507,0.93508,150.0,0,0.0
2025.05.23 04:20,0.93508,0.93512,0.93504,0.93509,146.0,0,0.0
2025.05.23 04:25,0.93509,0.9352,0.93507,0.93519,183.0,0,0.0
2025.05.23 04:30,0.93519,0.9352,0.93506,0.93512,148.0,0,0.0
2025.05.23 04:35,0.93513,0.93533,0.93513,0.9353,124.0,0,0.0
2025.05.23 04:40,0.93531,0.93534,0.93519,0.93527,158.0,0,0.0
2025.05.23 04:45,0.93526,0.93527,0.93514,0.93514,160.0,0,0.0
2025.05.23 04:50,0.93513,0.93519,0.93509,0.93511,159.0,0,0.0
2025.05.23 04:55,0.93511,0.9352,0.93506,0.93508,144.0,0,0.0
2025.05.23 05:00,0.93506,0.93509,0.93501,0.93508,112.0,0,0.0
2025.05.23 05:05,0.93507,0.93519,0.93502,0.93517,152.0,0,0.0
2025.05.23 05:10,0.93516,0.93526,0.93516,0.93519,144.0,0,0.0
2025.05.23 05:15,0.93525,0.93534,0.93524,0.93531,102.0,0,0.0
2025.05.23 05:20,0.93532,0.93536,0.93529,0.93531,157.0,0,0.0
2025.05.23 05:25,0.93531,0.93538,0.93525,0.93529,133.0,0,0.0
2025.05.23 05:30,0.9353,0.93534,0.93509,0.93512,118.0,0,0.0
2025.05.23 05:35,0.93511,0.93514,0.93505,0.93507,158.0,0,0.0
2025.05.23 05:40,0.93507,0.93508,0.93493,0.93494,104.0,0,0.0
2025.05.23 05:45,0.93493,0.93498,0.93491,0.93497,108.0,0,0.0
2025.05.23 05:50,0.93496,0.935,0.93492,0.93496,90.0,0,0.0
2025.05.23 05:55,0.93495,0.93498,0.93486,0.93498,126.0,0,0.0
2025.05.23 06:00,0.93497,0.93505,0.93489,0.93493,141.0,0,0.0
2025.05.23 06:05,0.93493,0.93499,0.93485,0.93491,132.0,0,0.0
2025.05.23 06:10,0.93494,0.93503,0.93489,0.93499,116.0,0,0.0
2025.05.23 06:15,0.93499,0.93523,0.93495,0.9352,130.0,0,0.0
2025.05.23 06:20,0.93519,0.93523,0.93502,0.93508,95.0,0,0.0
2025.05.23 06:25,0.93509,0.93516,0.93501,0.93509,100.0,0,0.0
2025.05.23 06:30,0.9351,0.93522,0.93508,0.93521,140.0,0,0.0
2025.05.23 06:35,0.93522,0.93534,0.93521,0.93533,158.0,0,0.0
2025.05.23 06:40,0.93535,0.93537,0.93518,0.93518,106.0,0,0.0
2025.05.23 06:45,0.93519,0.93519,0.9351,0.93517,133.0,0,0.0
2025.05.23 06:50,0.93517,0.9352,0.93507,0.93518,139.0,0,0.0
2025.05.23 06:55,0.93517,0.93534,0.93517,0.93526,165.0,0,0.0
2025.05.23 07:00,0.93525,0.93541,0.93524,0.93536,203.0,0,0.0
2025.05.23 07:05,0.93536,0.93547,0.93534,0.9354,155.0,0,0.0
2025.05.23 07:10,0.93539,0.93543,0.93533,0.93538,138.0,0,0.0
2025.05.23 07:15,0.93538,0.9354,0.93534,0.93536,124.0,0,0.0
2025.05.23 07:20,0.93537,0.93539,0.93532,0.93537,100.0,0,0.0
2025.05.23 07:25,0.93537,0.93537,0.9353,0.93534,97.0,0,0.0
2025.05.23 07:30,0.93535,0.93535,0.93523,0.93524,181.0,0,0.0
2025.05.23 07:35,0.93525,0.93525,0.93499,0.93507,164.0,0,0.0
2025.05.23 07:40,0.93506,0.9352,0.93506,0.9351,127.0,0,0.0
2025.05.23 07:45,0.93511,0.93534,0.9351,0.9353,112.0,0,0.0
2025.05.23 07:50,0.93531,0.93544,0.93529,0.93535,190.0,0,0.0
2025.05.23 07:55,0.93534,0.93552,0.93525,0.93528,237.0,0,0.0
2025.05.23 08:00,0.93516,0.93551,0.93516,0.93539,275.0,0,0.0
2025.05.23 08:05,0.93538,0.93557,0.93536,0.93544,216.0,0,0.0
2025.05.23 08:10,0.93543,0.93565,0.93543,0.93563,196.0,0,0.0
2025.05.23 08:15,0.93562,0.93575,0.93557,0.93562,196.0,0,0.0
2025.05.23 08:20,0.93563,0.93571,0.9354,0.93552,215.0,0,0.0
2025.05.23 08:25,0.93551,0.93551,0.93516,0.93527,234.0,0,0.0
2025.05.23 08:30,0.93526,0.93545,0.9351,0.93538,250.0,0,0.0
2025.05.23 08:35,0.93538,0.9356,0.93538,0.93558,243.0,0,0.0
2025.05.23 08:40,0.93562,0.93562,0.93536,0.93548,215.0,0,0.0
2025.05.23 08:45,0.93548,0.93549,0.93536,0.9354,179.0,0,0.0
2025.05.23 08:50,0.93541,0.93554,0.93531,0.93535,178.0,0,0.0
2025.05.23 08:55,0.93534,0.93539,0.9351,0.93512,242.0,0,0.0
2025.05.23 09:00,0.9351,0.93544,0.93502,0.93538,233.0,0,0.0
2025.05.23 09:05,0.93539,0.93564,0.93538,0.93557,189.0,0,0.0
2025.05.23 09:10,0.93556,0.93567,0.93552,0.93559,237.0,0,0.0
2025.05.23 09:15,0.93558,0.93561,0.93544,0.93556,192.0,0,0.0
2025.05.23 09:20,0.93558,0.93591,0.93554,0.93587,238.0,0,0.0
2025.05.23 09:25,0.93586,0.93597,0.93569,0.93595,208.0,0,0.0
2025.05.23 09:30,0.93596,0.93606,0.93583,0.93602,226.0,0,0.0
2025.05.23 09:35,0.93603,0.93642,0.93603,0.93641,198.0,0,0.0
2025.05.23 09:40,0.93641,0.93648,0.93621,0.93644,207.0,0,0.0
2025.05.23 09:45,0.93645,0.93645,0.93624,0.93628,198.0,0,0.0
2025.05.23 09:50,0.93627,0.93631,0.93615,0.93631,196.0,0,0.0
2025.05.23 09:55,0.93631,0.93644,0.9362,0.93638,214.0,0,0.0
2025.05.23 10:00,0.93638,0.93693,0.93628,0.93693,180.0,0,0.0
2025.05.23 10:05,0.93689,0.93695,0.93676,0.93692,137.0,0,0.0
2025.05.23 10:10,0.93692,0.93702,0.93689,0.93702,158.0,0,0.0
2025.05.23 10:15,0.93701,0.93712,0.93699,0.93711,135.0,0,0.0
2025.05.23 10:20,0.93712,0.93727,0.93707,0.93727,141.0,0,0.0
2025.05.23 10:25,0.93727,0.93731,0.93706,0.9372,124.0,0,0.0
2025.05.23 10:30,0.93719,0.93726,0.93695,0.93701,161.0,0,0.0
2025.05.23 10:35,0.93701,0.93705,0.93692,0.937,122.0,0,0.0
2025.05.23 10:40,0.937,0.937,0.93678,0.93697,161.0,0,0.0
2025.05.23 10:45,0.93697,0.9371,0.93688,0.9371,209.0,0,0.0
2025.05.23 10:50,0.93709,0.93726,0.93707,0.93724,186.0,0,0.0
2025.05.23 10:55,0.93726,0.93732,0.93707,0.93707,165.0,0,0.0
2025.05.23 11:00,0.93707,0.93727,0.93698,0.93725,187.0,0,0.0
2025.05.23 11:05,0.93726,0.93726,0.93714,0.93721,158.0,0,0.0
2025.05.23 11:10,0.93721,0.93733,0.93714,0.93728,198.0,0,0.0
2025.05.23 11:15,0.93726,0.93735,0.93726,0.93733,153.0,0,0.0
2025.05.23 11:20,0.93732,0.93737,0.93721,0.93723,135.0,0,0.0
2025.05.23 11:25,0.93721,0.93721,0.93679,0.93681,187.0,0,0.0
2025.05.23 11:30,0.9368,0.93716,0.93669,0.93712,183.0,0,0.0
2025.05.23 11:35,0.93712,0.9373,0.937,0.9373,166.0,0,0.0
2025.05.23 11:40,0.93729,0.93735,0.93707,0.93718,172.0,0,0.0
2025.05.23 11:45,0.93719,0.93739,0.93719,0.93732,178.0,0,0.0
2025.05.23 11:50,0.93731,0.93752,0.93726,0.9375,201.0,0,0.0
2025.05.23 11:55,0.9375,0.9378,0.93743,0.93765,238.0,0,0.0
2025.05.23 12:00,0.93765,0.93779,0.93734,0.93777,207.0,0,0.0
2025.05.23 12:05,0.93778,0.93779,0.93748,0.93756,146.0,0,0.0
2025.05.23 12:10,0.93757,0.93778,0.93744,0.93744,183.0,0,0.0
2025.05.23 12:15,0.93744,0.93758,0.93743,0.93758,182.0,0,0.0
2025.05.23 12:20,0.93759,0.93766,0.93748,0.9375,205.0,0,0.0
2025.05.23 12:25,0.93749,0.93767,0.93749,0.93758,139.0,0,0.0
2025.05.23 12:30,0.93758,0.9376,0.93742,0.93743,143.0,0,0.0
2025.05.23 12:35,0.93742,0.93747,0.93738,0.93742,157.0,0,0.0
2025.05.23 12:40,0.93741,0.93749,0.93738,0.93746,129.0,0,0.0
2025.05.23 12:45,0.93747,0.93749,0.93729,0.93749,160.0,0,0.0
2025.05.23 12:50,0.9375,0.93774,0.9375,0.93769,173.0,0,0.0
2025.05.23 12:55,0.93768,0.93788,0.93755,0.93783,233.0,0,0.0
2025.05.23 13:00,0.93783,0.93796,0.93782,0.93782,190.0,0,0.0
2025.05.23 13:05,0.9378,0.93784,0.93762,0.93767,184.0,0,0.0
2025.05.23 13:10,0.93768,0.93772,0.93755,0.9377,163.0,0,0.0
2025.05.23 13:15,0.93769,0.93771,0.9374,0.93746,173.0,0,0.0
2025.05.23 13:20,0.93749,0.93752,0.93671,0.93682,411.0,0,0.0
2025.05.23 13:25,0.93685,0.93713,0.93675,0.9371,320.0,0,0.0
2025.05.23 13:30,0.93712,0.93736,0.937,0.93712,298.0,0,0.0
2025.05.23 13:35,0.93711,0.93715,0.9368,0.93692,266.0,0,0.0
2025.05.23 13:40,0.93691,0.93697,0.93364,0.93373,391.0,0,0.0
2025.05.23 14:30,0.93265,0.93327,0.93265,0.93285,374.0,0,0.0
2025.05.23 14:35,0.93285,0.93308,0.93269,0.93288,310.0,0,0.0
2025.05.23 14:40,0.93287,0.93371,0.93262,0.93364,386.0,0,0.0
2025.05.23 14:45,0.93365,0.93366,0.93297,0.93308,369.0,0,0.0
2025.05.23 14:50,0.93307,0.9334,0.93306,0.93306,346.0,0,0.0
2025.05.23 14:55,0.93305,0.93313,0.93279,0.93299,320.0,0,0.0
2025.05.23 15:05,0.93261,0.93291,0.93237,0.93278,278.0,0,0.0
2025.05.23 15:15,0.93248,0.9328,0.93245,0.9328,213.0,0,0.0
2025.05.23 15:20,0.93276,0.93297,0.93265,0.93291,312.0,0,0.0
2025.05.23 15:35,0.93257,0.93312,0.93256,0.93292,319.0,0,0.0
2025.05.23 15:40,0.93291,0.93304,0.93269,0.93275,313.0,0,0.0
2025.05.23 16:10,0.93248,0.93288,0.93238,0.93276,312.0,0,0.0
2025.05.23 17:40,0.93232,0.93278,0.93225,0.93276,228.0,0,0.0
2025.05.23 17:45,0.93277,0.93281,0.9325,0.9328,168.0,0,0.0
2025.05.23 18:10,0.93261,0.9327,0.93251,0.93267,197.0,0,0.0
2025.05.23 19:45,0.93261,0.93268,0.9326,0.93266,129.0,0,0.0
2025.05.23 19:50,0.93266,0.93287,0.93266,0.93286,156.0,0,0.0
2025.05.23 19:55,0.93287,0.9329,0.93275,0.93275,170.0,0,0.0
2025.05.23 20:00,0.93274,0.93298,0.93272,0.93292,133.0,0,0.0
2025.05.23 20:05,0.93291,0.93297,0.93289,0.93296,86.0,0,0.0
2025.05.23 20:10,0.93295,0.93303,0.93286,0.93293,109.0,0,0.0
2025.05.23 20:15,0.93294,0.93302,0.93287,0.93288,93.0,0,0.0
2025.05.23 20:20,0.93287,0.93292,0.93263,0.9327,190.0,0,0.0
2025.05.23 20:25,0.93271,0.9328,0.93266,0.9327,145.0,0,0.0
2025.05.23 20:30,0.93269,0.93273,0.9326,0.93269,138.0,0,0.0
2025.05.23 20:50,0.93263,0.93267,0.93259,0.93267,71.0,0,0.0
2025.05.23 21:30,0.93255,0.93276,0.93254,0.93275,81.0,0,0.0
2025.05.23 21:55,0.93259,0.9328,0.93251,0.9327,125.0,0,0.0
2025.05.25 23:00,0.93156,0.93267,0.93156,0.93267,27.0,0,0.0
2025.05.26 00:00,0.93202,0.93285,0.93167,0.93279,116.0,0,0.0
2025.05.26 00:05,0.93283,0.93429,0.93273,0.93385,147.0,0,0.0
2025.05.26 00:10,0.93402,0.9346,0.93376,0.93453,198.0,0,0.0
2025.05.26 00:15,0.93449,0.9348,0.93432,0.93435,129.0,0,0.0
2025.05.26 00:20,0.93437,0.93496,0.93392,0.93491,188.0,0,0.0
2025.05.26 00:25,0.93492,0.93512,0.93476,0.93509,154.0,0,0.0
2025.05.26 00:30,0.93509,0.9351,0.93453,0.93465,121.0,0,0.0
2025.05.26 00:35,0.93465,0.9347,0.93449,0.93455,172.0,0,0.0
2025.05.26 00:40,0.93453,0.93473,0.93431,0.93472,198.0,0,0.0
2025.05.26 00:45,0.93471,0.93475,0.93453,0.93466,129.0,0,0.0
2025.05.26 00:50,0.93466,0.93476,0.93461,0.93471,141.0,0,0.0
2025.05.26 00:55,0.93471,0.93475,0.93458,0.93461,93.0,0,0.0
2025.05.26 01:00,0.93461,0.93477,0.93458,0.93471,185.0,0,0.0
2025.05.26 01:05,0.93471,0.93474,0.93465,0.93471,137.0,0,0.0
2025.05.26 01:10,0.93469,0.93482,0.93464,0.93474,95.0,0,0.0
2025.05.26 01:15,0.93473,0.93498,0.93461,0.93496,184.0,0,0.0
2025.05.26 01:20,0.93496,0.93517,0.93496,0.93514,165.0,0,0.0
2025.05.26 01:25,0.93514,0.93525,0.93512,0.93516,195.0,0,0.0
2025.05.26 01:30,0.93517,0.93534,0.93515,0.93532,144.0,0,0.0
2025.05.26 01:35,0.93531,0.93534,0.93526,0.93534,93.0,0,0.0
2025.05.26 01:40,0.93532,0.93536,0.93529,0.93532,86.0,0,0.0
2025.05.26 01:45,0.93533,0.93535,0.93522,0.93526,147.0,0,0.0
2025.05.26 01:50,0.93526,0.9353,0.93523,0.93527,156.0,0,0.0
2025.05.26 01:55,0.93526,0.93536,0.93523,0.93534,102.0,0,0.0
2025.05.26 02:00,0.93533,0.93568,0.93526,0.93564,238.0,0,0.0
2025.05.26 02:05,0.93564,0.93582,0.93564,0.93578,193.0,0,0.0
2025.05.26 02:10,0.93576,0.93578,0.93562,0.93567,185.0,0,0.0
2025.05.26 02:15,0.93568,0.93616,0.93568,0.93593,253.0,0,0.0
2025.05.26 02:20,0.93592,0.93616,0.93587,0.93607,190.0,0,0.0
2025.05.26 02:25,0.93609,0.93638,0.93608,0.93635,195.0,0,0.0
2025.05.26 02:30,0.93636,0.93648,0.93634,0.93642,144.0,0,0.0
2025.05.26 02:35,0.93641,0.93653,0.9364,0.93648,197.0,0,0.0
2025.05.26 02:40,0.93647,0.93655,0.93645,0.93647,234.0,0,0.0
2025.05.26 02:45,0.93646,0.93666,0.93646,0.93665,155.0,0,0.0
2025.05.26 02:50,0.93665,0.93667,0.93644,0.93667,224.0,0,0.0
2025.05.26 02:55,0.93666,0.93667,0.9364,0.93645,261.0,0,0.0
2025.05.26 03:00,0.93641,0.93644,0.93609,0.93609,196.0,0,0.0
2025.05.26 03:05,0.93608,0.93609,0.93584,0.93587,198.0,0,0.0
2025.05.26 03:10,0.93587,0.93597,0.93583,0.93585,181.0,0,0.0
2025.05.26 03:15,0.93586,0.93594,0.93581,0.93593,196.0,0,0.0
2025.05.26 03:20,0.93593,0.93601,0.93588,0.93599,110.0,0,0.0
2025.05.26 03:25,0.93601,0.93601,0.93584,0.93586,122.0,0,0.0
2025.05.26 03:30,0.93585,0.93587,0.93546,0.93554,196.0,0,0.0
2025.05.26 03:35,0.93555,0.93574,0.93554,0.93572,125.0,0,0.0
2025.05.26 03:40,0.9357,0.93574,0.9356,0.93566,166.0,0,0.0
2025.05.26 03:45,0.93566,0.93577,0.93562,0.93567,140.0,0,0.0
2025.05.26 03:50,0.93569,0.93596,0.93561,0.93589,215.0,0,0.0
2025.05.26 03:55,0.9359,0.93599,0.93579,0.93593,232.0,0,0.0
2025.05.26 04:00,0.93588,0.93589,0.93569,0.93582,190.0,0,0.0
2025.05.26 04:05,0.93579,0.93582,0.93547,0.93557,183.0,0,0.0
2025.05.26 04:10,0.93557,0.93561,0.93525,0.93525,142.0,0,0.0
2025.05.26 04:15,0.93525,0.9354,0.93525,0.93525,161.0,0,0.0
2025.05.26 04:20,0.93526,0.9355,0.93525,0.93549,184.0,0,0.0
2025.05.26 04:25,0.93549,0.93563,0.93546,0.93554,171.0,0,0.0
2025.05.26 04:30,0.93555,0.93562,0.93553,0.93556,157.0,0,0.0
2025.05.26 04:35,0.93555,0.9357,0.9355,0.93554,148.0,0,0.0
2025.05.26 04:40,0.93553,0.93558,0.93546,0.93556,115.0,0,0.0
2025.05.26 04:45,0.93556,0.93559,0.93547,0.93554,141.0,0,0.0
2025.05.26 04:50,0.93554,0.93558,0.93551,0.93555,98.0,0,0.0
2025.05.26 04:55,0.93555,0.93559,0.93547,0.93548,124.0,0,0.0
2025.05.26 05:00,0.93552,0.93555,0.93543,0.93552,94.0,0,0.0
2025.05.26 05:05,0.93553,0.93566,0.93551,0.93565,160.0,0,0.0
2025.05.26 05:10,0.93566,0.93576,0.93564,0.93576,100.0,0,0.0
2025.05.26 05:15,0.93575,0.93588,0.93575,0.93587,98.0,0,0.0
2025.05.26 05:20,0.93585,0.93592,0.93575,0.93591,111.0,0,0.0
2025.05.26 05:25,0.9359,0.93594,0.93586,0.93586,92.0,0,0.0
2025.05.26 05:30,0.93586,0.93594,0.93582,0.93593,97.0,0,0.0
2025.05.26 05:35,0.93592,0.93594,0.93588,0.93591,45.0,0,0.0
2025.05.26 05:40,0.9359,0.93591,0.93584,0.93588,104.0,0,0.0
2025.05.26 05:45,0.93589,0.93596,0.93585,0.93587,68.0,0,0.0
2025.05.26 05:50,0.93586,0.93592,0.93581,0.9359,50.0,0,0.0
2025.05.26 05:55,0.93591,0.93597,0.9359,0.93595,78.0,0,0.0
2025.05.26 06:00,0.93594,0.93595,0.93589,0.93589,50.0,0,0.0
2025.05.26 06:05,0.9359,0.9359,0.93581,0.93584,68.0,0,0.0
2025.05.26 06:10,0.93583,0.93584,0.9356,0.93569,116.0,0,0.0
2025.05.26 06:15,0.93567,0.93576,0.93561,0.93575,56.0,0,0.0
2025.05.26 06:20,0.93576,0.93586,0.9357,0.93571,95.0,0,0.0
2025.05.26 06:25,0.93572,0.9358,0.93569,0.93577,127.0,0,0.0
2025.05.26 06:30,0.93579,0.93581,0.93569,0.93576,119.0,0,0.0
2025.05.26 06:35,0.93575,0.93585,0.93575,0.93581,100.0,0,0.0
2025.05.26 06:40,0.93582,0.93586,0.93578,0.9358,58.0,0,0.0
2025.05.26 06:45,0.93583,0.93585,0.93575,0.93584,39.0,0,0.0
2025.05.26 06:50,0.93583,0.9359,0.93578,0.93585,93.0,0,0.0
2025.05.26 06:55,0.93589,0.93596,0.93587,0.93592,81.0,0,0.0
2025.05.26 07:00,0.93591,0.93604,0.9359,0.93599,168.0,0,0.0
2025.05.26 07:05,0.93598,0.93603,0.93593,0.93597,129.0,0,0.0
2025.05.26 07:10,0.93597,0.93621,0.93593,0.93615,128.0,0,0.0
2025.05.26 07:15,0.93615,0.93616,0.93609,0.93612,61.0,0,0.0
2025.05.26 07:20,0.93611,0.93621,0.93602,0.93619,113.0,0,0.0
2025.05.26 07:25,0.9362,0.93624,0.93615,0.93621,107.0,0,0.0
2025.05.26 07:30,0.93621,0.93621,0.93611,0.93614,123.0,0,0.0
2025.05.26 07:35,0.93611,0.93624,0.93607,0.93617,129.0,0,0.0
2025.05.26 07:40,0.93618,0.93626,0.93605,0.93625,90.0,0,0.0
2025.05.26 07:45,0.93624,0.93636,0.93621,0.9363,91.0,0,0.0
2025.05.26 07:50,0.93627,0.93642,0.93627,0.93634,129.0,0,0.0
2025.05.26 07:55,0.93633,0.93636,0.93613,0.93613,157.0,0,0.0
2025.05.26 08:00,0.93613,0.93621,0.93575,0.93585,216.0,0,0.0
2025.05.26 08:05,0.93583,0.93607,0.93583,0.93602,188.0,0,0.0
2025.05.26 08:10,0.93602,0.93603,0.93579,0.93595,239.0,0,0.0
2025.05.26 08:15,0.93596,0.93604,0.93585,0.93594,207.0,0,0.0
2025.05.26 08:20,0.93591,0.93636,0.93591,0.93634,232.0,0,0.0
2025.05.26 08:25,0.93633,0.93642,0.93615,0.93632,221.0,0,0.0
2025.05.26 08:30,0.93632,0.93635,0.93602,0.93624,236.0,0,0.0
2025.05.26 08:35,0.93625,0.93633,0.93619,0.93622,219.0,0,0.0
2025.05.26 08:40,0.9362,0.93625,0.93605,0.93612,128.0,0,0.0
2025.05.26 08:45,0.93613,0.93631,0.93608,0.93615,181.0,0,0.0
2025.05.26 08:50,0.93614,0.93619,0.93607,0.93614,172.0,0,0.0
2025.05.26 08:55,0.93614,0.93618,0.93582,0.93585,228.0,0,0.0
2025.05.26 09:00,0.93583,0.93591,0.93557,0.93589,242.0,0,0.0
2025.05.26 09:05,0.93587,0.93591,0.93536,0.93544,251.0,0,0.0
2025.05.26 09:10,0.93544,0.93553,0.93522,0.93528,275.0,0,0.0
2025.05.26 09:15,0.93528,0.93534,0.93502,0.93515,248.0,0,0.0
2025.05.26 09:20,0.93516,0.93536,0.93504,0.93511,225.0,0,0.0
2025.05.26 09:25,0.93511,0.93512,0.93489,0.93503,200.0,0,0.0
2025.05.26 09:30,0.93504,0.93513,0.93469,0.9348,221.0,0,0.0
2025.05.26 09:35,0.93481,0.93531,0.93479,0.93528,211.0,0,0.0
2025.05.26 09:40,0.93528,0.93531,0.93503,0.93529,184.0,0,0.0
2025.05.26 09:45,0.9353,0.93542,0.93526,0.93527,176.0,0,0.0
2025.05.26 09:50,0.93526,0.93541,0.93518,0.93528,225.0,0,0.0
2025.05.26 09:55,0.93527,0.93553,0.93523,0.93542,264.0,0,0.0
2025.05.26 10:00,0.93544,0.93564,0.93536,0.9355,214.0,0,0.0
2025.05.26 10:05,0.93552,0.93563,0.93549,0.9356,176.0,0,0.0
2025.05.26 10:10,0.93561,0.93571,0.93549,0.93554,146.0,0,0.0
2025.05.26 10:15,0.93552,0.93559,0.9355,0.93558,161.0,0,0.0
2025.05.26 10:20,0.93558,0.9357,0.93545,0.93554,185.0,0,0.0
2025.05.26 10:25,0.93553,0.93556,0.93541,0.93545,144.0,0,0.0
2025.05.26 10:30,0.93544,0.93548,0.93535,0.93537,161.0,0,0.0
2025.05.26 10:35,0.93537,0.93546,0.93529,0.93533,179.0,0,0.0
2025.05.26 10:40,0.93533,0.9355,0.93531,0.93544,120.0,0,0.0
2025.05.26 10:45,0.93543,0.93548,0.93542,0.93544,115.0,0,0.0
2025.05.26 10:50,0.93545,0.93546,0.93522,0.93523,201.0,0,0.0
2025.05.26 10:55,0.93523,0.93541,0.93521,0.93528,214.0,0,0.0
2025.05.26 11:00,0.93527,0.93537,0.93512,0.9353,192.0,0,0.0
2025.05.26 11:05,0.93532,0.93554,0.93532,0.93549,131.0,0,0.0
2025.05.26 11:10,0.9355,0.93565,0.93542,0.93547,195.0,0,0.0
2025.05.26 11:15,0.93547,0.93568,0.93542,0.93556,190.0,0,0.0
2025.05.26 11:20,0.93557,0.93571,0.93547,0.93554,149.0,0,0.0
2025.05.26 11:25,0.93552,0.93556,0.93539,0.93542,98.0,0,0.0
2025.05.26 11:30,0.93543,0.93544,0.935,0.93501,127.0,0,0.0
2025.05.26 11:35,0.935,0.935,0.93461,0.93465,116.0,0,0.0
2025.05.26 11:40,0.93464,0.93476,0.9346,0.93476,134.0,0,0.0
2025.05.26 11:45,0.93476,0.935,0.93476,0.93499,105.0,0,0.0
2025.05.26 11:50,0.93497,0.93497,0.93467,0.9347,172.0,0,0.0
2025.05.26 11:55,0.93469,0.93469,0.9343,0.93433,177.0,0,0.0
2025.05.26 12:00,0.93433,0.93444,0.93421,0.93434,122.0,0,0.0
2025.05.26 12:05,0.93433,0.93449,0.9343,0.93431,147.0,0,0.0
2025.05.26 12:10,0.93431,0.93442,0.93418,0.93435,142.0,0,0.0
2025.05.26 12:15,0.93434,0.93436,0.93426,0.93432,148.0,0,0.0
2025.05.26 12:20,0.93431,0.93444,0.93431,0.93443,79.0,0,0.0
2025.05.26 12:25,0.93441,0.93475,0.93439,0.93472,117.0,0,0.0
2025.05.26 12:30,0.93473,0.93504,0.93469,0.93489,146.0,0,0.0
2025.05.26 12:35,0.93488,0.93519,0.93487,0.93518,133.0,0,0.0
2025.05.26 12:40,0.93518,0.93522,0.93505,0.93508,117.0,0,0.0
2025.05.26 12:45,0.9351,0.93511,0.93498,0.9351,101.0,0,0.0
2025.05.26 12:50,0.93511,0.93524,0.93507,0.93511,99.0,0,0.0
2025.05.26 12:55,0.93511,0.93519,0.93493,0.93514,158.0,0,0.0
2025.05.26 13:00,0.93513,0.93513,0.93504,0.9351,118.0,0,0.0
2025.05.26 13:05,0.93508,0.93514,0.9349,0.93491,101.0,0,0.0
2025.05.26 13:10,0.9349,0.93507,0.93488,0.93506,155.0,0,0.0
2025.05.26 13:15,0.93507,0.93535,0.93505,0.93535,124.0,0,0.0
2025.05.26 13:20,0.93535,0.93538,0.93519,0.93529,103.0,0,0.0
2025.05.26 13:25,0.93528,0.9355,0.93516,0.9355,102.0,0,0.0
2025.05.26 13:30,0.93551,0.9356,0.93543,0.93552,127.0,0,0.0
2025.05.26 13:35,0.93553,0.93565,0.93546,0.93554,127.0,0,0.0
2025.05.26 13:40,0.93554,0.9356,0.9354,0.9354,90.0,0,0.0
2025.05.26 13:45,0.93542,0.93564,0.9354,0.9356,108.0,0,0.0
2025.05.26 13:50,0.93559,0.93568,0.93552,0.93566,128.0,0,0.0
2025.05.26 13:55,0.93566,0.93566,0.93552,0.93558,158.0,0,0.0
2025.05.26 14:00,0.93559,0.9356,0.93545,0.93545,139.0,0,0.0
2025.05.26 14:05,0.93546,0.93558,0.93545,0.93549,112.0,0,0.0
2025.05.26 14:10,0.9355,0.93566,0.93549,0.93557,123.0,0,0.0
2025.05.26 14:15,0.93558,0.93588,0.93558,0.93584,149.0,0,0.0
2025.05.26 14:20,0.93584,0.93587,0.93563,0.93586,143.0,0,0.0
2025.05.26 14:25,0.93588,0.93596,0.9358,0.93592,149.0,0,0.0
2025.05.26 14:30,0.9359,0.93595,0.93567,0.93584,178.0,0,0.0
2025.05.26 14:35,0.93582,0.93589,0.93575,0.93582,121.0,0,0.0
2025.05.26 14:40,0.93582,0.93603,0.93581,0.93592,133.0,0,0.0
2025.05.26 14:45,0.93592,0.93592,0.93578,0.93588,99.0,0,0.0
2025.05.26 14:50,0.93588,0.93597,0.93564,0.93575,121.0,0,0.0
2025.05.26 14:55,0.93574,0.93591,0.93567,0.9359,112.0,0,0.0
2025.05.26 15:00,0.93591,0.93624,0.93589,0.93622,145.0,0,0.0
2025.05.26 15:05,0.93622,0.9364,0.93616,0.93636,173.0,0,0.0
2025.05.26 15:10,0.93636,0.93646,0.93627,0.93646,107.0,0,0.0
2025.05.26 15:15,0.93641,0.93642,0.93606,0.93606,90.0,0,0.0
2025.05.26 15:20,0.93606,0.93616,0.936,0.936,74.0,0,0.0
2025.05.26 15:25,0.936,0.93601,0.93579,0.93593,116.0,0,0.0
2025.05.26 15:30,0.93592,0.93612,0.9359,0.9359,197.0,0,0.0
2025.05.26 15:35,0.93591,0.93597,0.93542,0.93543,152.0,0,0.0
2025.05.26 15:40,0.93543,0.93552,0.93532,0.93533,136.0,0,0.0
2025.05.26 15:45,0.93532,0.93541,0.93526,0.93531,114.0,0,0.0
2025.05.26 15:50,0.93532,0.93532,0.93498,0.93503,139.0,0,0.0
2025.05.26 15:55,0.93503,0.93503,0.93433,0.93435,173.0,0,0.0
2025.05.26 16:00,0.93434,0.93444,0.93414,0.9342,153.0,0,0.0
2025.05.26 16:05,0.93419,0.93419,0.93373,0.93373,151.0,0,0.0
2025.05.26 16:10,0.93374,0.93426,0.93366,0.93426,137.0,0,0.0
2025.05.26 16:15,0.93425,0.93434,0.9341,0.93411,132.0,0,0.0
2025.05.26 16:20,0.9341,0.93413,0.93365,0.9338,163.0,0,0.0
2025.05.26 16:25,0.9338,0.9338,0.93356,0.93356,145.0,0,0.0
2025.05.26 16:30,0.93357,0.93382,0.93335,0.93373,205.0,0,0.0
2025.05.26 16:35,0.93373,0.93387,0.93361,0.93362,152.0,0,0.0
2025.05.26 16:40,0.93361,0.93362,0.93344,0.93346,149.0,0,0.0
2025.05.26 16:45,0.93345,0.93353,0.93337,0.93337,123.0,0,0.0
2025.05.26 16:50,0.93339,0.93371,0.93339,0.93369,130.0,0,0.0
2025.05.26 16:55,0.93368,0.93389,0.93359,0.93363,256.0,0,0.0
2025.05.26 17:00,0.93362,0.93375,0.93334,0.93338,237.0,0,0.0
2025.05.26 17:05,0.93337,0.93366,0.93334,0.93363,129.0,0,0.0
2025.05.26 17:10,0.93361,0.93364,0.93351,0.9336,106.0,0,0.0
2025.05.26 17:15,0.93361,0.93363,0.93351,0.93355,74.0,0,0.0
2025.05.26 17:20,0.93355,0.93357,0.93338,0.93342,61.0,0,0.0
2025.05.26 17:25,0.93343,0.93353,0.93342,0.93349,104.0,0,0.0
2025.05.26 17:30,0.93348,0.93354,0.93339,0.93353,102.0,0,0.0
2025.05.26 17:35,0.93354,0.93355,0.93342,0.93353,99.0,0,0.0
2025.05.26 17:40,0.93354,0.93355,0.93339,0.93344,70.0,0,0.0
2025.05.26 17:45,0.93343,0.93355,0.93342,0.93354,81.0,0,0.0
2025.05.26 17:50,0.93355,0.93376,0.93354,0.93373,70.0,0,0.0
2025.05.26 17:55,0.93374,0.93385,0.93374,0.93383,160.0,0,0.0
2025.05.26 18:00,0.93382,0.93403,0.93382,0.93401,103.0,0,0.0
2025.05.26 18:05,0.93402,0.93402,0.93385,0.93385,48.0,0,0.0
2025.05.26 18:10,0.93385,0.93395,0.93384,0.93385,69.0,0,0.0
2025.05.26 18:15,0.93384,0.93384,0.93364,0.93368,50.0,0,0.0
2025.05.26 18:20,0.93368,0.93369,0.93359,0.9336,52.0,0,0.0
2025.05.26 18:25,0.9336,0.93369,0.93349,0.93369,97.0,0,0.0
2025.05.26 18:30,0.93368,0.93374,0.93361,0.93371,63.0,0,0.0
2025.05.26 18:35,0.9337,0.93372,0.93369,0.93369,50.0,0,0.0
2025.05.26 18:40,0.93369,0.93371,0.93365,0.93369,40.0,0,0.0
2025.05.26 18:45,0.93368,0.93369,0.93355,0.93356,69.0,0,0.0
2025.05.26 18:50,0.93356,0.93361,0.93354,0.9336,36.0,0,0.0
2025.05.26 18:55,0.93362,0.93371,0.93362,0.9337,89.0,0,0.0
2025.05.26 19:00,0.93367,0.93375,0.9336,0.93375,71.0,0,0.0
2025.05.26 19:05,0.93375,0.93376,0.93371,0.93372,51.0,0,0.0
2025.05.26 19:10,0.93372,0.93381,0.93372,0.93381,55.0,0,0.0
2025.05.26 19:15,0.93382,0.93405,0.93382,0.93395,110.0,0,0.0
2025.05.26 19:20,0.93396,0.93401,0.93393,0.93393,53.0,0,0.0
2025.05.26 19:25,0.93392,0.93396,0.93392,0.93395,19.0,0,0.0
2025.05.26 19:30,0.93394,0.93397,0.9339,0.93392,30.0,0,0.0
2025.05.26 19:35,0.93392,0.93392,0.93377,0.93379,38.0,0,0.0
2025.05.26 19:40,0.93378,0.93387,0.93377,0.93386,30.0,0,0.0
2025.05.26 19:45,0.93386,0.93399,0.93386,0.93398,44.0,0,0.0
2025.05.26 19:50,0.93399,0.93401,0.93399,0.934,48.0,0,0.0
2025.05.26 19:55,0.934,0.93401,0.93397,0.93401,32.0,0,0.0
2025.05.26 20:00,0.934,0.93403,0.934,0.93403,9.0,0,0.0
2025.05.26 20:05,0.93402,0.93403,0.934,0.93402,24.0,0,0.0
2025.05.26 20:10,0.93401,0.93404,0.93401,0.93403,19.0,0,0.0
2025.05.26 20:15,0.93402,0.93411,0.934,0.93405,27.0,0,0.0
2025.05.26 20:20,0.93406,0.93411,0.93405,0.9341,38.0,0,0.0
2025.05.26 20:25,0.93411,0.93422,0.9341,0.93422,35.0,0,0.0
2025.05.26 20:30,0.93421,0.93423,0.93417,0.93421,19.0,0,0.0
2025.05.26 20:35,0.93422,0.93425,0.93421,0.93422,5.0,0,0.0
2025.05.26 20:40,0.93423,0.93423,0.93415,0.93417,27.0,0,0.0
2025.05.26 20:45,0.93416,0.93417,0.93415,0.93417,8.0,0,0.0
2025.05.26 20:50,0.93416,0.93416,0.93414,0.93415,3.0,0,0.0
2025.05.26 20:55,0.93414,0.93415,0.93407,0.93407,22.0,0,0.0
2025.05.26 21:00,0.93406,0.93414,0.93406,0.9341,35.0,0,0.0
2025.05.26 21:05,0.93411,0.93411,0.93404,0.93404,13.0,0,0.0
2025.05.26 21:10,0.93405,0.93411,0.93404,0.9341,19.0,0,0.0
2025.05.26 21:15,0.93411,0.93411,0.9341,0.93411,5.0,0,0.0
2025.05.26 21:20,0.93412,0.93414,0.9341,0.93413,30.0,0,0.0
2025.05.26 21:25,0.93414,0.93422,0.93414,0.93421,10.0,0,0.0
2025.05.26 21:30,0.93422,0.93425,0.93422,0.93425,7.0,0,0.0
2025.05.26 21:35,0.93424,0.93429,0.93423,0.93425,15.0,0,0.0
2025.05.26 21:40,0.93426,0.93426,0.93425,0.93425,4.0,0,0.0
2025.05.26 21:45,0.93426,0.9343,0.93424,0.9343,11.0,0,0.0
2025.05.26 21:50,0.93429,0.93431,0.93429,0.93429,5.0,0,0.0
2025.05.26 21:55,0.9343,0.93432,0.93429,0.93432,13.0,0,0.0
2025.05.26 22:00,0.93437,0.9344,0.93436,0.93439,16.0,0,0.0
2025.05.26 22:05,0.9344,0.93441,0.93439,0.9344,19.0,0,0.0
2025.05.26 22:10,0.93441,0.93441,0.93439,0.93439,7.0,0,0.0
2025.05.26 22:15,0.93438,0.9344,0.93432,0.93433,25.0,0,0.0
2025.05.26 22:20,0.93429,0.93431,0.93428,0.9343,11.0,0,0.0
2025.05.26 22:25,0.93431,0.93435,0.93429,0.93434,17.0,0,0.0
2025.05.26 22:30,0.93435,0.93439,0.93433,0.93436,24.0,0,0.0
2025.05.26 22:35,0.93436,0.93444,0.93436,0.93443,29.0,0,0.0
2025.05.26 22:40,0.93445,0.93458,0.93445,0.93456,44.0,0,0.0
2025.05.26 22:45,0.93457,0.93466,0.93456,0.93462,86.0,0,0.0
2025.05.26 22:50,0.93463,0.93469,0.9346,0.93464,35.0,0,0.0
2025.05.26 22:55,0.93462,0.9348,0.93423,0.93423,247.0,0,0.0
2025.05.26 23:05,0.93423,0.93459,0.93342,0.93342,43.0,0,0.0
2025.05.26 23:10,0.93348,0.93348,0.93346,0.93346,2.0,0,0.0
2025.05.26 23:15,0.93348,0.93361,0.93336,0.93339,9.0,0,0.0
2025.05.26 23:20,0.93342,0.93378,0.9334,0.9335,9.0,0,0.0
2025.05.26 23:25,0.93349,0.93354,0.93347,0.93354,3.0,0,0.0
2025.05.26 23:30,0.93346,0.93353,0.93343,0.93348,4.0,0,0.0
2025.05.26 23:35,0.93361,0.93368,0.93348,0.93368,15.0,0,0.0
2025.05.26 23:40,0.9336,0.93375,0.93336,0.93358,95.0,0,0.0
2025.05.26 23:45,0.93356,0.93366,0.93335,0.93343,323.0,0,0.0
2025.05.26 23:50,0.93342,0.93371,0.93339,0.93345,38.0,0,0.0
2025.05.26 23:55,0.93343,0.93379,0.93334,0.93348,73.0,0,0.0
2025.05.27 00:00,0.9336,0.93412,0.9336,0.93412,5.0,0,0.0
2025.05.27 00:05,0.93392,0.93412,0.93377,0.93392,126.0,0,0.0
2025.05.27 00:10,0.93368,0.93419,0.9336,0.93419,64.0,0,0.0
2025.05.27 00:15,0.93418,0.93476,0.93413,0.93471,244.0,0,0.0
2025.05.27 00:20,0.93471,0.93471,0.93458,0.93462,181.0,0,0.0
2025.05.27 00:25,0.93462,0.93463,0.93449,0.93457,104.0,0,0.0
2025.05.27 00:30,0.93456,0.93457,0.9344,0.93441,128.0,0,0.0
2025.05.27 00:35,0.93441,0.93466,0.9344,0.93461,116.0,0,0.0
2025.05.27 00:40,0.93461,0.93463,0.93459,0.9346,83.0,0,0.0
2025.05.27 00:45,0.9346,0.93464,0.93455,0.93456,58.0,0,0.0
2025.05.27 00:50,0.93456,0.9346,0.93452,0.93459,90.0,0,0.0
2025.05.27 00:55,0.93458,0.93465,0.93457,0.93465,60.0,0,0.0
2025.05.27 01:00,0.93464,0.93475,0.93455,0.93457,68.0,0,0.0
2025.05.27 01:05,0.93457,0.93465,0.93452,0.93452,64.0,0,0.0
2025.05.27 01:10,0.93451,0.93455,0.93449,0.93451,71.0,0,0.0
2025.05.27 01:15,0.93451,0.93459,0.9345,0.93454,91.0,0,0.0
2025.05.27 01:20,0.93455,0.93455,0.93451,0.93451,52.0,0,0.0
2025.05.27 01:25,0.93451,0.93453,0.93443,0.9345,60.0,0,0.0
2025.05.27 01:30,0.93451,0.93453,0.93445,0.93446,71.0,0,0.0
2025.05.27 01:35,0.93445,0.93453,0.93441,0.9345,79.0,0,0.0
2025.05.27 01:40,0.93449,0.93451,0.93443,0.9345,77.0,0,0.0
2025.05.27 01:45,0.93449,0.93454,0.93439,0.9344,92.0,0,0.0
2025.05.27 01:50,0.93441,0.93448,0.93431,0.93442,153.0,0,0.0
2025.05.27 01:55,0.93442,0.93446,0.93431,0.93436,149.0,0,0.0
2025.05.27 02:00,0.93434,0.93434,0.93385,0.93385,160.0,0,0.0
2025.05.27 02:05,0.93385,0.93414,0.93385,0.93413,180.0,0,0.0
2025.05.27 02:10,0.93414,0.93433,0.93413,0.93423,189.0,0,0.0
2025.05.27 02:15,0.93424,0.93433,0.93417,0.93429,212.0,0,0.0
2025.05.27 02:20,0.93429,0.93432,0.9341,0.93415,190.0,0,0.0
2025.05.27 02:25,0.93414,0.93428,0.93414,0.93426,152.0,0,0.0
2025.05.27 02:30,0.93427,0.93432,0.9341,0.93417,166.0,0,0.0
2025.05.27 02:35,0.93418,0.93422,0.93411,0.93412,200.0,0,0.0
2025.05.27 02:40,0.93413,0.93421,0.93405,0.93406,189.0,0,0.0
2025.05.27 02:45,0.93406,0.93425,0.93405,0.93424,173.0,0,0.0
2025.05.27 02:50,0.93426,0.93452,0.93417,0.93451,241.0,0,0.0
2025.05.27 02:55,0.9345,0.93451,0.93434,0.93445,254.0,0,0.0
2025.05.27 03:00,0.93444,0.93445,0.934,0.93405,237.0,0,0.0
2025.05.27 03:05,0.93406,0.93419,0.93399,0.93402,216.0,0,0.0
2025.05.27 03:10,0.93404,0.93408,0.93395,0.93399,225.0,0,0.0
2025.05.27 03:15,0.934,0.93411,0.93395,0.93404,134.0,0,0.0
2025.05.27 03:20,0.93404,0.93412,0.93402,0.93412,115.0,0,0.0
2025.05.27 03:25,0.93412,0.93412,0.93401,0.93404,142.0,0,0.0
2025.05.27 03:30,0.93405,0.93417,0.93403,0.93412,157.0,0,0.0
2025.05.27 03:35,0.93412,0.93422,0.93395,0.93402,101.0,0,0.0
2025.05.27 03:40,0.934,0.93414,0.93399,0.93399,168.0,0,0.0
2025.05.27 03:45,0.93399,0.93407,0.93393,0.93393,153.0,0,0.0
2025.05.27 03:50,0.93393,0.93408,0.93391,0.93406,82.0,0,0.0
2025.05.27 03:55,0.93405,0.93412,0.93402,0.93404,142.0,0,0.0
2025.05.27 04:00,0.93405,0.93408,0.93396,0.93403,134.0,0,0.0
2025.05.27 04:05,0.93402,0.93403,0.93393,0.93395,67.0,0,0.0
2025.05.27 04:10,0.93396,0.93397,0.9339,0.93394,89.0,0,0.0
2025.05.27 04:15,0.93395,0.93397,0.93376,0.93376,101.0,0,0.0
2025.05.27 04:20,0.93377,0.93377,0.93365,0.93366,99.0,0,0.0
2025.05.27 04:25,0.93366,0.93372,0.9336,0.93372,166.0,0,0.0
2025.05.27 04:30,0.93372,0.93382,0.93369,0.93372,161.0,0,0.0
2025.05.27 04:35,0.93372,0.93421,0.93371,0.93417,160.0,0,0.0
2025.05.27 04:40,0.93418,0.93431,0.93414,0.93426,168.0,0,0.0
2025.05.27 04:45,0.93427,0.93427,0.93422,0.93425,122.0,0,0.0
2025.05.27 04:50,0.93426,0.93429,0.93419,0.93421,88.0,0,0.0
2025.05.27 04:55,0.93422,0.93426,0.93416,0.93422,170.0,0,0.0
2025.05.27 05:00,0.93423,0.93433,0.93422,0.93431,113.0,0,0.0
2025.05.27 05:05,0.93428,0.93431,0.93422,0.93425,90.0,0,0.0
2025.05.27 05:10,0.93424,0.93427,0.93418,0.93426,107.0,0,0.0
2025.05.27 05:15,0.93427,0.93437,0.93423,0.93437,61.0,0,0.0
2025.05.27 05:20,0.93436,0.93436,0.93429,0.93433,73.0,0,0.0
2025.05.27 05:25,0.93434,0.93434,0.9342,0.93426,126.0,0,0.0
2025.05.27 05:30,0.93425,0.93428,0.93425,0.93427,34.0,0,0.0
2025.05.27 05:35,0.93426,0.93428,0.93422,0.93426,83.0,0,0.0
2025.05.27 05:40,0.93425,0.93431,0.93421,0.9343,40.0,0,0.0
2025.05.27 05:45,0.93429,0.93444,0.93429,0.93443,73.0,0,0.0
2025.05.27 05:50,0.93441,0.93453,0.93437,0.93451,45.0,0,0.0
2025.05.27 05:55,0.93452,0.93468,0.93449,0.93467,107.0,0,0.0
2025.05.27 06:00,0.93465,0.93472,0.93464,0.93471,86.0,0,0.0
2025.05.27 06:05,0.9347,0.93471,0.93461,0.93467,77.0,0,0.0
2025.05.27 06:10,0.93468,0.9347,0.93465,0.93466,76.0,0,0.0
2025.05.27 06:15,0.93467,0.93469,0.93464,0.93468,33.0,0,0.0
2025.05.27 06:20,0.93469,0.93475,0.93467,0.93473,45.0,0,0.0
2025.05.27 06:25,0.93472,0.93483,0.93467,0.93477,81.0,0,0.0
2025.05.27 06:30,0.9348,0.93488,0.93479,0.93486,80.0,0,0.0
2025.05.27 06:35,0.93485,0.93493,0.93483,0.93488,78.0,0,0.0
2025.05.27 06:40,0.93487,0.93498,0.9348,0.93492,100.0,0,0.0
2025.05.27 06:45,0.93493,0.93502,0.93491,0.93493,112.0,0,0.0
2025.05.27 06:50,0.93494,0.93498,0.93486,0.9349,157.0,0,0.0
2025.05.27 06:55,0.93489,0.93492,0.93479,0.93485,162.0,0,0.0
2025.05.27 07:00,0.93487,0.935,0.9347,0.93472,195.0,0,0.0
2025.05.27 07:05,0.93473,0.93494,0.93473,0.93492,185.0,0,0.0
2025.05.27 07:10,0.93493,0.93495,0.93459,0.93462,242.0,0,0.0
2025.05.27 07:15,0.93463,0.93497,0.93456,0.93496,202.0,0,0.0
2025.05.27 07:20,0.93495,0.93506,0.93494,0.93501,210.0,0,0.0
2025.05.27 07:25,0.935,0.93519,0.93496,0.93498,213.0,0,0.0
2025.05.27 07:30,0.93497,0.93499,0.93483,0.93488,135.0,0,0.0
2025.05.27 07:35,0.93487,0.93493,0.93485,0.93491,84.0,0,0.0
2025.05.27 07:40,0.93492,0.93497,0.93487,0.93488,104.0,0,0.0
2025.05.27 07:45,0.93489,0.93491,0.93485,0.93486,63.0,0,0.0
2025.05.27 07:50,0.93487,0.93489,0.93483,0.93487,89.0,0,0.0
2025.05.27 07:55,0.93486,0.93503,0.93484,0.93495,123.0,0,0.0
2025.05.27 08:00,0.93493,0.9351,0.93493,0.93501,253.0,0,0.0
2025.05.27 08:05,0.935,0.93519,0.93493,0.93515,163.0,0,0.0
2025.05.27 08:10,0.93517,0.93521,0.93506,0.93512,193.0,0,0.0
2025.05.27 08:15,0.93511,0.93522,0.93509,0.93521,167.0,0,0.0
2025.05.27 08:20,0.9352,0.93541,0.93516,0.93538,179.0,0,0.0
2025.05.27 08:25,0.93538,0.93542,0.93482,0.93488,215.0,0,0.0
2025.05.27 08:30,0.93488,0.93488,0.93463,0.93473,224.0,0,0.0
2025.05.27 08:35,0.93474,0.93481,0.93465,0.93474,171.0,0,0.0
2025.05.27 08:40,0.93475,0.93475,0.93462,0.93466,261.0,0,0.0
2025.05.27 08:45,0.93429,0.9346,0.93424,0.9343,262.0,0,0.0
2025.05.27 08:50,0.9343,0.93487,0.93424,0.93486,247.0,0,0.0
2025.05.27 08:55,0.93485,0.93511,0.93473,0.93479,265.0,0,0.0
2025.05.27 09:00,0.9348,0.9348,0.93441,0.93459,336.0,0,0.0
2025.05.27 09:05,0.9346,0.93467,0.93447,0.93467,268.0,0,0.0
2025.05.27 09:10,0.93463,0.93466,0.93443,0.93459,272.0,0,0.0
2025.05.27 09:15,0.93459,0.93469,0.93448,0.93465,233.0,0,0.0
2025.05.27 09:20,0.93467,0.9347,0.93452,0.93463,226.0,0,0.0
2025.05.27 09:25,0.9346,0.93483,0.93453,0.93455,251.0,0,0.0
2025.05.27 09:30,0.93456,0.93458,0.93441,0.93451,169.0,0,0.0
2025.05.27 09:35,0.93451,0.9348,0.93451,0.93471,226.0,0,0.0
2025.05.27 09:40,0.93471,0.93483,0.93465,0.93479,212.0,0,0.0
2025.05.27 09:45,0.93479,0.9353,0.93469,0.93517,276.0,0,0.0
2025.05.27 09:50,0.93519,0.93578,0.93516,0.93539,326.0,0,0.0
2025.05.27 09:55,0.9354,0.93562,0.93537,0.9356,278.0,0,0.0
2025.05.27 10:00,0.93559,0.93569,0.93547,0.93562,288.0,0,0.0
2025.05.27 10:05,0.93563,0.93573,0.93558,0.93569,224.0,0,0.0
2025.05.27 10:10,0.93569,0.93581,0.93568,0.9357,182.0,0,0.0
2025.05.27 10:15,0.93569,0.93586,0.93566,0.93569,213.0,0,0.0
2025.05.27 10:20,0.93568,0.93613,0.9356,0.93612,211.0,0,0.0
2025.05.27 10:25,0.93613,0.93654,0.93613,0.9365,186.0,0,0.0
2025.05.27 10:30,0.9365,0.9368,0.93649,0.93678,226.0,0,0.0
2025.05.27 10:35,0.9368,0.93684,0.93631,0.93632,213.0,0,0.0
2025.05.27 10:40,0.93631,0.93644,0.93625,0.93638,186.0,0,0.0
2025.05.27 10:45,0.93637,0.93667,0.9363,0.93651,170.0,0,0.0
2025.05.27 10:50,0.93651,0.93656,0.93613,0.93616,276.0,0,0.0
2025.05.27 10:55,0.93617,0.93631,0.93612,0.93624,255.0,0,0.0
2025.05.27 11:00,0.93622,0.93638,0.93605,0.93637,214.0,0,0.0
2025.05.27 11:05,0.93638,0.93651,0.93628,0.93647,198.0,0,0.0
2025.05.27 11:10,0.93647,0.93676,0.93646,0.93659,193.0,0,0.0
2025.05.27 11:15,0.93658,0.9366,0.93648,0.93654,225.0,0,0.0
2025.05.27 11:20,0.93653,0.9367,0.93638,0.93646,216.0,0,0.0
2025.05.27 11:25,0.93647,0.93664,0.9364,0.93653,237.0,0,0.0
2025.05.27 11:30,0.93652,0.9371,0.93652,0.9371,177.0,0,0.0
2025.05.27 11:35,0.9371,0.93715,0.93698,0.93714,180.0,0,0.0
2025.05.27 11:40,0.93713,0.93731,0.93709,0.93728,186.0,0,0.0
2025.05.27 11:45,0.93727,0.93753,0.93727,0.93749,127.0,0,0.0
2025.05.27 11:50,0.93748,0.93757,0.93731,0.93733,105.0,0,0.0
2025.05.27 11:55,0.93732,0.93752,0.93729,0.93739,198.0,0,0.0
2025.05.27 12:00,0.93738,0.93744,0.93729,0.93734,174.0,0,0.0
2025.05.27 12:05,0.93736,0.9374,0.93731,0.93737,142.0,0,0.0
2025.05.27 12:10,0.93737,0.9374,0.93735,0.93738,123.0,0,0.0
2025.05.27 12:15,0.93738,0.93774,0.93738,0.93765,194.0,0,0.0
2025.05.27 12:20,0.93766,0.93782,0.93756,0.93778,218.0,0,0.0
2025.05.27 12:25,0.93778,0.93841,0.93774,0.93841,213.0,0,0.0
2025.05.27 12:30,0.93841,0.93846,0.9381,0.93818,247.0,0,0.0
2025.05.27 12:35,0.93817,0.93817,0.93795,0.93799,216.0,0,0.0
2025.05.27 12:40,0.93802,0.93802,0.93768,0.9379,230.0,0,0.0
2025.05.27 12:45,0.93791,0.938,0.93784,0.93792,193.0,0,0.0
2025.05.27 12:50,0.93791,0.93822,0.93785,0.93819,193.0,0,0.0
2025.05.27 12:55,0.93819,0.93848,0.93818,0.93844,221.0,0,0.0
2025.05.27 13:00,0.93845,0.93847,0.9379,0.9379,250.0,0,0.0
2025.05.27 13:05,0.93788,0.93794,0.9378,0.93781,215.0,0,0.0
2025.05.27 13:10,0.93782,0.93812,0.9378,0.93811,219.0,0,0.0
2025.05.27 13:15,0.93811,0.93831,0.93801,0.93825,223.0,0,0.0
2025.05.27 13:20,0.93826,0.93855,0.93826,0.93837,225.0,0,0.0
2025.05.27 13:25,0.93837,0.93858,0.93831,0.93848,172.0,0,0.0
2025.05.27 13:30,0.93847,0.93852,0.93825,0.93831,251.0,0,0.0
2025.05.27 13:35,0.9383,0.93831,0.93804,0.93816,161.0,0,0.0
2025.05.27 13:40,0.93815,0.93851,0.93809,0.93848,183.0,0,0.0
2025.05.27 13:45,0.93849,0.93858,0.93839,0.93842,180.0,0,0.0
2025.05.27 13:50,0.93841,0.93855,0.93833,0.93852,182.0,0,0.0
2025.05.27 13:55,0.93852,0.93853,0.93817,0.93817,231.0,0,0.0
2025.05.27 14:00,0.93817,0.93858,0.93805,0.93851,274.0,0,0.0
2025.05.27 14:05,0.9385,0.93857,0.93835,0.93857,262.0,0,0.0
2025.05.27 14:10,0.93858,0.93858,0.93816,0.93829,212.0,0,0.0
2025.05.27 14:15,0.9383,0.93847,0.93826,0.93828,200.0,0,0.0
2025.05.27 14:20,0.93829,0.93869,0.9382,0.93867,204.0,0,0.0
2025.05.27 14:25,0.93869,0.9389,0.93867,0.93883,220.0,0,0.0
2025.05.27 14:30,0.93883,0.93887,0.93866,0.93882,249.0,0,0.0
2025.05.27 14:35,0.93881,0.939,0.93875,0.93897,188.0,0,0.0
2025.05.27 14:40,0.93898,0.93902,0.93834,0.93836,238.0,0,0.0
2025.05.27 14:45,0.93835,0.93843,0.93829,0.93835,213.0,0,0.0
2025.05.27 14:50,0.93835,0.93836,0.93806,0.93816,239.0,0,0.0
2025.05.27 14:55,0.93817,0.93822,0.93805,0.93815,188.0,0,0.0
2025.05.27 15:00,0.93811,0.93816,0.93786,0.93792,212.0,0,0.0
2025.05.27 15:05,0.93791,0.93791,0.93779,0.9379,180.0,0,0.0
2025.05.27 15:10,0.93792,0.93792,0.93746,0.93746,135.0,0,0.0
2025.05.27 15:15,0.93748,0.93784,0.93738,0.9378,145.0,0,0.0
2025.05.27 15:20,0.9378,0.93791,0.93757,0.93777,208.0,0,0.0
2025.05.27 15:25,0.93776,0.93793,0.93772,0.93791,186.0,0,0.0
2025.05.27 15:30,0.93791,0.93806,0.93777,0.93786,253.0,0,0.0
2025.05.27 15:35,0.93787,0.93797,0.93766,0.93797,269.0,0,0.0
2025.05.27 15:40,0.93798,0.93813,0.93783,0.93789,269.0,0,0.0
2025.05.27 15:45,0.93788,0.9382,0.93775,0.93785,260.0,0,0.0
2025.05.27 15:50,0.93782,0.93785,0.93725,0.93737,249.0,0,0.0
2025.05.27 15:55,0.93737,0.93764,0.93731,0.93731,221.0,0,0.0
2025.05.27 16:00,0.93722,0.93764,0.93722,0.93746,318.0,0,0.0
2025.05.27 16:05,0.93748,0.93774,0.93739,0.93773,265.0,0,0.0
2025.05.27 16:10,0.93774,0.93808,0.93773,0.93801,263.0,0,0.0
2025.05.27 16:15,0.93804,0.93816,0.93796,0.93808,241.0,0,0.0
2025.05.27 16:20,0.93808,0.93814,0.93794,0.93806,195.0,0,0.0
2025.05.27 16:25,0.93803,0.93812,0.93792,0.93796,249.0,0,0.0
2025.05.27 16:30,0.93797,0.93797,0.93769,0.93785,255.0,0,0.0
2025.05.27 16:35,0.93783,0.93784,0.93741,0.93741,249.0,0,0.0
2025.05.27 16:40,0.93742,0.9376,0.93736,0.93758,201.0,0,0.0
2025.05.27 16:45,0.93758,0.93758,0.93737,0.93741,211.0,0,0.0
2025.05.27 16:50,0.93741,0.93749,0.93728,0.93747,231.0,0,0.0
2025.05.27 16:55,0.93748,0.93793,0.93747,0.93764,292.0,0,0.0
2025.05.27 17:00,0.93765,0.93768,0.9372,0.9372,259.0,0,0.0
2025.05.27 17:05,0.93718,0.93727,0.93707,0.93708,196.0,0,0.0
2025.05.27 17:10,0.93709,0.93746,0.93704,0.93744,206.0,0,0.0
2025.05.27 17:15,0.93744,0.93747,0.93721,0.9374,204.0,0,0.0
2025.05.27 17:20,0.9374,0.9375,0.93719,0.93747,224.0,0,0.0
2025.05.27 17:25,0.93747,0.93757,0.93741,0.93744,193.0,0,0.0
2025.05.27 17:30,0.93743,0.93744,0.93706,0.93707,206.0,0,0.0
2025.05.27 17:35,0.93707,0.93729,0.93702,0.93726,207.0,0,0.0
2025.05.27 17:40,0.93725,0.93751,0.93724,0.93748,214.0,0,0.0
2025.05.27 17:45,0.93749,0.93784,0.93749,0.93784,223.0,0,0.0
2025.05.27 17:50,0.93784,0.93799,0.93764,0.9377,213.0,0,0.0
2025.05.27 17:55,0.93771,0.93775,0.93744,0.93754,200.0,0,0.0
2025.05.27 18:00,0.93753,0.93763,0.93744,0.9376,176.0,0,0.0
2025.05.27 18:05,0.93761,0.93761,0.93722,0.93722,168.0,0,0.0
2025.05.27 18:10,0.93721,0.93733,0.93719,0.93732,204.0,0,0.0
2025.05.27 18:15,0.93733,0.93733,0.93697,0.93699,198.0,0,0.0
2025.05.27 18:20,0.93698,0.9371,0.93693,0.93709,171.0,0,0.0
2025.05.27 18:25,0.93708,0.93734,0.93706,0.93718,216.0,0,0.0
2025.05.27 18:30,0.93718,0.93721,0.93707,0.93708,198.0,0,0.0
2025.05.27 18:35,0.93708,0.93717,0.93694,0.93717,143.0,0,0.0
2025.05.27 18:40,0.93719,0.93751,0.93719,0.93751,168.0,0,0.0
2025.05.27 18:45,0.9375,0.93767,0.93746,0.93765,133.0,0,0.0
2025.05.27 18:50,0.93762,0.93768,0.93751,0.93761,203.0,0,0.0
2025.05.27 18:55,0.93759,0.93759,0.93705,0.93713,190.0,0,0.0
2025.05.27 19:00,0.93712,0.93712,0.93694,0.93702,201.0,0,0.0
2025.05.27 19:05,0.93703,0.9371,0.93699,0.93709,152.0,0,0.0
2025.05.27 19:10,0.9371,0.93724,0.93709,0.93722,123.0,0,0.0
2025.05.27 19:15,0.93721,0.93752,0.93717,0.93751,148.0,0,0.0
2025.05.27 19:20,0.93749,0.93764,0.93745,0.93747,168.0,0,0.0
2025.05.27 19:25,0.93747,0.93749,0.93735,0.93743,149.0,0,0.0
2025.05.27 19:30,0.93743,0.93752,0.93741,0.93751,142.0,0,0.0
2025.05.27 19:35,0.93752,0.93756,0.93748,0.93753,154.0,0,0.0
2025.05.27 19:40,0.93752,0.93756,0.93741,0.93756,118.0,0,0.0
2025.05.27 19:45,0.93755,0.9377,0.93754,0.93768,145.0,0,0.0
2025.05.27 19:50,0.93767,0.93771,0.93739,0.93746,141.0,0,0.0
2025.05.27 19:55,0.93743,0.9376,0.93742,0.93758,182.0,0,0.0
2025.05.27 20:00,0.93759,0.93768,0.93743,0.93743,124.0,0,0.0
2025.05.27 20:05,0.93742,0.93742,0.93726,0.93733,89.0,0,0.0
2025.05.27 20:10,0.93734,0.93746,0.93733,0.93746,93.0,0,0.0
2025.05.27 20:15,0.93745,0.93756,0.93744,0.93752,106.0,0,0.0
2025.05.27 20:20,0.93751,0.93765,0.93749,0.93764,106.0,0,0.0
2025.05.27 20:25,0.93765,0.93775,0.93764,0.9377,112.0,0,0.0
2025.05.27 20:30,0.93771,0.93772,0.93755,0.93755,114.0,0,0.0
2025.05.27 20:35,0.93752,0.93759,0.93749,0.93755,93.0,0,0.0
2025.05.27 20:40,0.93756,0.9376,0.93752,0.93758,100.0,0,0.0
2025.05.27 20:45,0.93759,0.93759,0.9375,0.93756,105.0,0,0.0
2025.05.27 20:50,0.93755,0.93766,0.93753,0.93765,98.0,0,0.0
2025.05.27 20:55,0.93766,0.93779,0.93764,0.93776,123.0,0,0.0
2025.05.27 21:00,0.93775,0.93799,0.93773,0.93791,115.0,0,0.0
2025.05.27 21:05,0.93792,0.93799,0.93787,0.93787,79.0,0,0.0
2025.05.27 21:10,0.93786,0.93789,0.93783,0.93787,79.0,0,0.0
2025.05.27 21:15,0.93786,0.93787,0.93772,0.93775,97.0,0,0.0
2025.05.27 21:20,0.93774,0.93777,0.93772,0.93774,113.0,0,0.0
2025.05.27 21:25,0.93773,0.93778,0.93772,0.93778,76.0,0,0.0
2025.05.27 21:30,0.93776,0.93777,0.93771,0.93773,96.0,0,0.0
2025.05.27 21:35,0.93774,0.93779,0.9377,0.93771,111.0,0,0.0
2025.05.27 21:40,0.9377,0.93775,0.93768,0.93773,102.0,0,0.0
2025.05.27 21:45,0.93774,0.93774,0.93764,0.93772,64.0,0,0.0
2025.05.27 21:50,0.93771,0.93779,0.93763,0.93763,86.0,0,0.0
2025.05.27 21:55,0.93762,0.93765,0.93754,0.9376,109.0,0,0.0
2025.05.27 22:00,0.93762,0.93762,0.93744,0.93745,94.0,0,0.0
2025.05.27 22:05,0.93744,0.93754,0.93738,0.93749,64.0,0,0.0
2025.05.27 22:10,0.9375,0.93753,0.93744,0.93745,35.0,0,0.0
2025.05.27 22:15,0.93744,0.93745,0.9374,0.93743,22.0,0,0.0
2025.05.27 22:20,0.93744,0.93744,0.93733,0.93743,28.0,0,0.0
2025.05.27 22:25,0.93742,0.93743,0.93735,0.93738,32.0,0,0.0
2025.05.27 22:30,0.9374,0.93747,0.93739,0.93744,77.0,0,0.0
2025.05.27 22:35,0.93745,0.93745,0.93733,0.93736,51.0,0,0.0
2025.05.27 22:40,0.93737,0.93741,0.9373,0.93731,154.0,0,0.0
2025.05.27 22:45,0.93729,0.93732,0.93725,0.93731,91.0,0,0.0
2025.05.27 22:50,0.93725,0.93726,0.93716,0.9372,70.0,0,0.0
2025.05.27 22:55,0.9372,0.93724,0.9368,0.9368,268.0,0,0.0
2025.05.27 23:05,0.93683,0.93683,0.9363,0.9363,5.0,0,0.0
2025.05.27 23:10,0.93629,0.93742,0.93627,0.93742,22.0,0,0.0
2025.05.27 23:15,0.93738,0.93746,0.93666,0.9367,19.0,0,0.0
2025.05.27 23:20,0.93668,0.93685,0.9363,0.9366,18.0,0,0.0
2025.05.27 23:25,0.93659,0.93704,0.93652,0.93672,12.0,0,0.0
2025.05.27 23:30,0.93671,0.93682,0.93663,0.93674,17.0,0,0.0
2025.05.27 23:35,0.93674,0.93708,0.93674,0.93697,10.0,0,0.0
2025.05.27 23:40,0.93697,0.93709,0.93696,0.93701,8.0,0,0.0
2025.05.27 23:45,0.93702,0.93706,0.93698,0.93698,9.0,0,0.0
2025.05.27 23:50,0.93704,0.93705,0.93682,0.93702,11.0,0,0.0
2025.05.27 23:55,0.93699,0.93724,0.93685,0.93708,37.0,0,0.0
2025.05.28 00:00,0.9371,0.93745,0.93595,0.93745,75.0,0,0.0
2025.05.28 00:05,0.93752,0.93755,0.93722,0.93735,128.0,0,0.0
2025.05.28 00:10,0.93735,0.93741,0.93725,0.93729,111.0,0,0.0
2025.05.28 00:15,0.93727,0.9374,0.93725,0.93732,165.0,0,0.0
2025.05.28 00:20,0.93731,0.93734,0.93726,0.93727,135.0,0,0.0
2025.05.28 00:25,0.93728,0.9375,0.93728,0.93749,104.0,0,0.0
2025.05.28 00:30,0.93749,0.93757,0.93737,0.93738,57.0,0,0.0
2025.05.28 00:35,0.93748,0.93748,0.93745,0.93747,37.0,0,0.0
2025.05.28 00:40,0.93744,0.93749,0.93738,0.93749,37.0,0,0.0
2025.05.28 00:45,0.93748,0.93754,0.93747,0.9375,59.0,0,0.0
2025.05.28 00:50,0.93754,0.93758,0.93749,0.93756,51.0,0,0.0
2025.05.28 00:55,0.93756,0.93758,0.93751,0.93755,64.0,0,0.0
2025.05.28 01:00,0.93753,0.93757,0.93746,0.93757,90.0,0,0.0
2025.05.28 01:05,0.93757,0.93759,0.93756,0.93756,22.0,0,0.0
2025.05.28 01:10,0.93757,0.93771,0.93756,0.93767,52.0,0,0.0
2025.05.28 01:15,0.93766,0.93776,0.93766,0.93766,124.0,0,0.0
2025.05.28 01:20,0.93767,0.93791,0.93765,0.93774,72.0,0,0.0
2025.05.28 01:25,0.93775,0.93777,0.93773,0.93777,22.0,0,0.0
2025.05.28 01:30,0.93776,0.93778,0.93773,0.93775,40.0,0,0.0
2025.05.28 01:35,0.93774,0.93775,0.93767,0.93767,36.0,0,0.0
2025.05.28 01:40,0.93766,0.93771,0.93766,0.93771,63.0,0,0.0
2025.05.28 01:45,0.93769,0.93778,0.93762,0.93771,108.0,0,0.0
2025.05.28 01:50,0.93772,0.93785,0.93765,0.93783,161.0,0,0.0
2025.05.28 01:55,0.93784,0.938,0.93782,0.9379,204.0,0,0.0
2025.05.28 02:00,0.93788,0.93804,0.93781,0.93801,251.0,0,0.0
2025.05.28 02:05,0.93803,0.93803,0.93791,0.93798,213.0,0,0.0
2025.05.28 02:10,0.93799,0.93801,0.93791,0.93798,168.0,0,0.0
2025.05.28 02:15,0.93798,0.938,0.93777,0.93787,175.0,0,0.0
2025.05.28 02:20,0.93786,0.93787,0.93784,0.93786,79.0,0,0.0
2025.05.28 02:25,0.93785,0.93788,0.93783,0.93784,91.0,0,0.0
2025.05.28 02:30,0.9378,0.93781,0.93774,0.93774,176.0,0,0.0
2025.05.28 02:35,0.93772,0.93778,0.93771,0.93776,88.0,0,0.0
2025.05.28 02:40,0.93776,0.93781,0.93775,0.93777,111.0,0,0.0
2025.05.28 02:45,0.93776,0.93788,0.93773,0.93776,156.0,0,0.0
2025.05.28 02:50,0.93778,0.93781,0.93762,0.93769,188.0,0,0.0
2025.05.28 02:55,0.9377,0.93783,0.93768,0.93771,231.0,0,0.0
2025.05.28 03:00,0.93772,0.93782,0.93768,0.93781,133.0,0,0.0
2025.05.28 03:05,0.93783,0.93832,0.93772,0.93828,229.0,0,0.0
2025.05.28 03:10,0.93827,0.93827,0.93799,0.93802,304.0,0,0.0
2025.05.28 03:15,0.938,0.93829,0.93799,0.9382,234.0,0,0.0
2025.05.28 03:20,0.9382,0.93825,0.93814,0.93817,211.0,0,0.0
2025.05.28 03:25,0.93818,0.93818,0.93765,0.93765,213.0,0,0.0
2025.05.28 03:30,0.93793,0.93796,0.93765,0.93765,209.0,0,0.0
2025.05.28 03:35,0.93766,0.93767,0.93729,0.93733,199.0,0,0.0
2025.05.28 03:40,0.93732,0.93734,0.9371,0.93714,189.0,0,0.0
2025.05.28 03:45,0.93713,0.93715,0.93707,0.93715,154.0,0,0.0
2025.05.28 03:50,0.93715,0.93716,0.93698,0.93701,153.0,0,0.0
2025.05.28 03:55,0.93702,0.93711,0.93675,0.93675,147.0,0,0.0
2025.05.28 04:00,0.93675,0.93716,0.93675,0.93701,197.0,0,0.0
2025.05.28 04:05,0.93701,0.93704,0.93698,0.937,117.0,0,0.0
2025.05.28 04:10,0.93699,0.93704,0.93695,0.93695,68.0,0,0.0
2025.05.28 04:15,0.93694,0.93704,0.93693,0.93698,118.0,0,0.0
2025.05.28 04:20,0.93697,0.93702,0.93697,0.93701,54.0,0,0.0
2025.05.28 04:25,0.93702,0.93711,0.93697,0.93709,133.0,0,0.0
2025.05.28 04:30,0.9371,0.93725,0.9371,0.93725,110.0,0,0.0
2025.05.28 04:35,0.93725,0.93732,0.93692,0.93694,161.0,0,0.0
2025.05.28 04:40,0.93692,0.93704,0.93683,0.93692,198.0,0,0.0
2025.05.28 04:45,0.93694,0.93705,0.9369,0.93692,222.0,0,0.0
2025.05.28 04:50,0.93691,0.93704,0.93687,0.93691,231.0,0,0.0
2025.05.28 04:55,0.93692,0.93702,0.93687,0.93697,233.0,0,0.0
2025.05.28 05:00,0.93675,0.93705,0.93665,0.93692,115.0,0,0.0
2025.05.28 05:05,0.93691,0.93697,0.9369,0.93692,107.0,0,0.0
2025.05.28 05:10,0.93693,0.93694,0.9369,0.93691,64.0,0,0.0
2025.05.28 05:15,0.9369,0.93696,0.9369,0.93695,103.0,0,0.0
2025.05.28 05:20,0.93693,0.93695,0.9369,0.93692,122.0,0,0.0
2025.05.28 05:25,0.93691,0.93695,0.93684,0.93692,73.0,0,0.0
2025.05.28 05:30,0.93691,0.93691,0.93681,0.93684,120.0,0,0.0
2025.05.28 05:35,0.93683,0.93687,0.93665,0.93684,200.0,0,0.0
2025.05.28 05:40,0.93683,0.93692,0.93681,0.93685,163.0,0,0.0
2025.05.28 05:45,0.93685,0.93685,0.93659,0.93665,160.0,0,0.0
2025.05.28 05:50,0.93664,0.93665,0.93641,0.93641,158.0,0,0.0
2025.05.28 05:55,0.93642,0.93643,0.93625,0.93632,217.0,0,0.0
2025.05.28 06:00,0.93632,0.93632,0.93622,0.93625,135.0,0,0.0
2025.05.28 06:05,0.93625,0.93635,0.93625,0.9363,129.0,0,0.0
2025.05.28 06:10,0.93632,0.93637,0.93629,0.9363,133.0,0,0.0
2025.05.28 06:15,0.9363,0.93646,0.93626,0.9364,141.0,0,0.0
2025.05.28 06:20,0.93641,0.93651,0.93635,0.93646,160.0,0,0.0
2025.05.28 06:25,0.93647,0.93658,0.93645,0.93656,130.0,0,0.0
2025.05.28 06:30,0.93655,0.93664,0.93655,0.9366,151.0,0,0.0
2025.05.28 06:35,0.93659,0.93661,0.93653,0.93655,151.0,0,0.0
2025.05.28 06:40,0.93654,0.93658,0.93653,0.93656,108.0,0,0.0
2025.05.28 06:45,0.93657,0.93659,0.93654,0.93656,127.0,0,0.0
2025.05.28 06:50,0.93658,0.93662,0.93657,0.93659,86.0,0,0.0
2025.05.28 06:55,0.9366,0.9366,0.93655,0.93659,139.0,0,0.0
2025.05.28 07:00,0.93658,0.93659,0.93644,0.93647,135.0,0,0.0
2025.05.28 07:05,0.93647,0.93648,0.93628,0.93635,165.0,0,0.0
2025.05.28 07:10,0.93635,0.93641,0.93633,0.93635,155.0,0,0.0
2025.05.28 07:15,0.93634,0.93661,0.93633,0.93658,257.0,0,0.0
2025.05.28 07:20,0.93661,0.93665,0.93637,0.93639,206.0,0,0.0
2025.05.28 07:25,0.9364,0.93646,0.93631,0.93636,151.0,0,0.0
2025.05.28 07:30,0.93637,0.93645,0.93627,0.93632,174.0,0,0.0
2025.05.28 07:35,0.9363,0.9363,0.93616,0.93626,159.0,0,0.0
2025.05.28 07:40,0.93625,0.93632,0.93616,0.93625,152.0,0,0.0
2025.05.28 07:45,0.93624,0.93637,0.93622,0.93636,188.0,0,0.0
2025.05.28 07:50,0.93634,0.93651,0.93634,0.93647,141.0,0,0.0
2025.05.28 07:55,0.93648,0.93671,0.9364,0.9367,187.0,0,0.0
2025.05.28 08:00,0.93671,0.93673,0.93622,0.93629,219.0,0,0.0
2025.05.28 08:05,0.93631,0.93642,0.9362,0.93628,215.0,0,0.0
2025.05.28 08:10,0.9363,0.93644,0.93622,0.93635,208.0,0,0.0
2025.05.28 08:15,0.93637,0.93644,0.93632,0.9364,196.0,0,0.0
2025.05.28 08:20,0.93639,0.93645,0.93623,0.93642,204.0,0,0.0
2025.05.28 08:25,0.93642,0.93648,0.93632,0.93635,239.0,0,0.0
2025.05.28 08:30,0.93636,0.9364,0.93609,0.93617,195.0,0,0.0
2025.05.28 08:35,0.9362,0.93629,0.93604,0.93609,210.0,0,0.0
2025.05.28 08:40,0.9361,0.93613,0.93591,0.93605,210.0,0,0.0
2025.05.28 08:45,0.93604,0.93607,0.93594,0.93599,147.0,0,0.0
2025.05.28 08:50,0.93599,0.93608,0.93595,0.93603,170.0,0,0.0
2025.05.28 08:55,0.93604,0.93611,0.93582,0.93605,272.0,0,0.0
2025.05.28 09:00,0.93607,0.93622,0.93577,0.93579,273.0,0,0.0
2025.05.28 09:05,0.93578,0.9359,0.9357,0.93572,220.0,0,0.0
2025.05.28 09:10,0.93573,0.93586,0.93563,0.93573,232.0,0,0.0
2025.05.28 09:15,0.93574,0.93577,0.93552,0.93558,213.0,0,0.0
2025.05.28 09:20,0.93559,0.93571,0.93555,0.9357,163.0,0,0.0
2025.05.28 09:25,0.93569,0.93578,0.93563,0.93566,149.0,0,0.0
2025.05.28 09:30,0.93565,0.93575,0.93559,0.9357,159.0,0,0.0
2025.05.28 09:35,0.93569,0.93578,0.93569,0.93576,167.0,0,0.0
2025.05.28 09:40,0.93574,0.93577,0.93547,0.93548,202.0,0,0.0
2025.05.28 09:45,0.9355,0.93576,0.9355,0.93556,192.0,0,0.0
2025.05.28 09:50,0.93555,0.93555,0.93534,0.93552,203.0,0,0.0
2025.05.28 09:55,0.93544,0.93568,0.93539,0.9356,231.0,0,0.0
2025.05.28 10:00,0.9356,0.93628,0.9356,0.93614,228.0,0,0.0
2025.05.28 10:05,0.93615,0.93634,0.93614,0.93631,209.0,0,0.0
2025.05.28 10:10,0.93631,0.93683,0.93629,0.93676,251.0,0,0.0
2025.05.28 10:15,0.93677,0.93712,0.93677,0.93687,268.0,0,0.0
2025.05.28 10:20,0.93679,0.93689,0.93647,0.93651,204.0,0,0.0
2025.05.28 10:25,0.93652,0.93666,0.93637,0.9365,204.0,0,0.0
2025.05.28 10:30,0.93651,0.93672,0.93646,0.93657,215.0,0,0.0
2025.05.28 10:35,0.93659,0.93672,0.93659,0.93665,176.0,0,0.0
2025.05.28 10:40,0.93667,0.9368,0.93661,0.93668,164.0,0,0.0
2025.05.28 10:45,0.93667,0.93679,0.93666,0.93673,192.0,0,0.0
2025.05.28 10:50,0.93673,0.93678,0.93667,0.93668,199.0,0,0.0
2025.05.28 10:55,0.93669,0.93678,0.93647,0.93678,244.0,0,0.0
2025.05.28 11:00,0.93675,0.93692,0.9364,0.93646,262.0,0,0.0
2025.05.28 11:05,0.93637,0.93688,0.93637,0.93654,221.0,0,0.0
2025.05.28 11:10,0.93654,0.93654,0.93628,0.93632,199.0,0,0.0
2025.05.28 11:15,0.93636,0.93668,0.93624,0.93658,194.0,0,0.0
2025.05.28 11:20,0.93658,0.93712,0.93655,0.93707,194.0,0,0.0
2025.05.28 11:25,0.93708,0.93752,0.93707,0.93752,212.0,0,0.0
2025.05.28 11:30,0.93752,0.93768,0.93741,0.93742,192.0,0,0.0
2025.05.28 11:35,0.93744,0.93755,0.93711,0.93753,180.0,0,0.0
2025.05.28 11:40,0.93753,0.93766,0.93711,0.93712,195.0,0,0.0
2025.05.28 11:45,0.93713,0.93718,0.93681,0.93687,157.0,0,0.0
2025.05.28 11:50,0.93686,0.93752,0.93675,0.93745,190.0,0,0.0
2025.05.28 11:55,0.93745,0.93753,0.93733,0.93734,222.0,0,0.0
2025.05.28 12:00,0.93734,0.93747,0.93723,0.9374,165.0,0,0.0
2025.05.28 12:05,0.9374,0.93761,0.93738,0.93757,152.0,0,0.0
2025.05.28 12:10,0.93756,0.93782,0.93754,0.93774,143.0,0,0.0
2025.05.28 12:15,0.93773,0.9379,0.93754,0.93756,159.0,0,0.0
2025.05.28 12:20,0.93754,0.93781,0.93754,0.93778,179.0,0,0.0
2025.05.28 12:25,0.93778,0.9378,0.93751,0.93758,196.0,0,0.0
2025.05.28 12:30,0.93758,0.93785,0.93752,0.93785,158.0,0,0.0
2025.05.28 12:35,0.93784,0.93793,0.93783,0.93787,149.0,0,0.0
2025.05.28 12:40,0.93787,0.93787,0.93775,0.93775,166.0,0,0.0
2025.05.28 12:45,0.93776,0.93776,0.93751,0.93755,191.0,0,0.0
2025.05.28 12:50,0.93754,0.93767,0.93748,0.93749,114.0,0,0.0
2025.05.28 12:55,0.9375,0.93776,0.93747,0.93773,242.0,0,0.0
2025.05.28 13:00,0.93774,0.93788,0.93753,0.93756,231.0,0,0.0
2025.05.28 13:05,0.93755,0.93759,0.93724,0.93725,203.0,0,0.0
2025.05.28 13:10,0.93726,0.93737,0.93719,0.93727,150.0,0,0.0
2025.05.28 13:15,0.93727,0.93747,0.93724,0.93746,206.0,0,0.0
2025.05.28 13:20,0.93746,0.93748,0.93698,0.93726,191.0,0,0.0
2025.05.28 13:25,0.93727,0.93737,0.93703,0.93703,208.0,0,0.0
2025.05.28 13:30,0.93703,0.93711,0.93693,0.93697,181.0,0,0.0
2025.05.28 13:35,0.93697,0.93716,0.93695,0.93705,192.0,0,0.0
2025.05.28 13:40,0.93706,0.93708,0.93682,0.93686,192.0,0,0.0
2025.05.28 13:45,0.93685,0.93685,0.93664,0.9368,184.0,0,0.0
2025.05.28 13:50,0.93681,0.93681,0.93634,0.93642,200.0,0,0.0
2025.05.28 13:55,0.93643,0.93647,0.93626,0.93633,283.0,0,0.0
2025.05.28 14:00,0.93634,0.93651,0.93616,0.93621,249.0,0,0.0
2025.05.28 14:05,0.93622,0.93649,0.93622,0.93629,232.0,0,0.0
2025.05.28 14:10,0.9363,0.93633,0.9358,0.93582,230.0,0,0.0
2025.05.28 14:15,0.93582,0.93583,0.93543,0.93549,202.0,0,0.0
2025.05.28 14:20,0.93548,0.93555,0.93532,0.93535,213.0,0,0.0
2025.05.28 14:25,0.93534,0.9354,0.93519,0.93539,230.0,0,0.0
2025.05.28 14:30,0.9354,0.9357,0.93536,0.93552,197.0,0,0.0
2025.05.28 14:35,0.93545,0.93558,0.93537,0.93552,192.0,0,0.0
2025.05.28 14:40,0.93552,0.9359,0.93552,0.93574,225.0,0,0.0
2025.05.28 14:45,0.93575,0.93608,0.93573,0.93583,211.0,0,0.0
2025.05.28 14:50,0.93584,0.9359,0.93573,0.93588,203.0,0,0.0
2025.05.28 14:55,0.93589,0.93599,0.9358,0.93594,225.0,0,0.0
2025.05.28 15:00,0.93593,0.93608,0.93591,0.93593,205.0,0,0.0
2025.05.28 15:05,0.93594,0.93609,0.93588,0.93588,217.0,0,0.0
2025.05.28 15:10,0.93587,0.936,0.93574,0.9359,239.0,0,0.0
2025.05.28 15:15,0.9359,0.93609,0.93585,0.93608,195.0,0,0.0
2025.05.28 15:20,0.93608,0.93613,0.93582,0.93592,177.0,0,0.0
2025.05.28 15:25,0.93592,0.93629,0.9359,0.93628,222.0,0,0.0
2025.05.28 15:30,0.93629,0.93681,0.93627,0.93653,272.0,0,0.0
2025.05.28 15:35,0.93654,0.93655,0.93585,0.93605,277.0,0,0.0
2025.05.28 15:40,0.93607,0.93635,0.93573,0.93635,274.0,0,0.0
2025.05.28 15:45,0.93636,0.93644,0.93564,0.93567,285.0,0,0.0
2025.05.28 15:50,0.93566,0.9361,0.93566,0.93605,260.0,0,0.0
2025.05.28 15:55,0.93606,0.93637,0.93598,0.9362,268.0,0,0.0
2025.05.28 16:00,0.93623,0.93641,0.93616,0.93627,274.0,0,0.0
2025.05.28 16:05,0.93627,0.93627,0.93541,0.93543,249.0,0,0.0
2025.05.28 16:10,0.93544,0.93546,0.93483,0.93483,216.0,0,0.0
2025.05.28 16:15,0.93484,0.93514,0.93465,0.93479,266.0,0,0.0
2025.05.28 16:20,0.93479,0.9348,0.93449,0.93452,191.0,0,0.0
2025.05.28 16:25,0.93453,0.93461,0.93405,0.93416,228.0,0,0.0
2025.05.28 16:30,0.9342,0.93421,0.93394,0.93398,220.0,0,0.0
2025.05.28 16:35,0.93399,0.9341,0.93349,0.93402,267.0,0,0.0
2025.05.28 16:40,0.93398,0.93405,0.93366,0.93383,265.0,0,0.0
2025.05.28 16:45,0.93385,0.93442,0.93383,0.93419,265.0,0,0.0
2025.05.28 16:50,0.9342,0.9344,0.93389,0.93416,368.0,0,0.0
2025.05.28 16:55,0.93408,0.93448,0.93371,0.93389,361.0,0,0.0
2025.05.28 17:00,0.93388,0.93427,0.93388,0.93426,334.0,0,0.0
2025.05.28 17:05,0.93426,0.93451,0.93411,0.93429,233.0,0,0.0
2025.05.28 17:10,0.93429,0.93433,0.93399,0.93404,259.0,0,0.0
2025.05.28 17:15,0.93405,0.93405,0.93368,0.93385,252.0,0,0.0
2025.05.28 17:20,0.93386,0.93399,0.93364,0.93387,238.0,0,0.0
2025.05.28 17:25,0.93388,0.93425,0.93388,0.93424,170.0,0,0.0
2025.05.28 17:30,0.93425,0.93437,0.93419,0.93419,197.0,0,0.0
2025.05.28 17:35,0.93419,0.93421,0.93381,0.93398,220.0,0,0.0
2025.05.28 17:40,0.93397,0.93427,0.93382,0.93407,195.0,0,0.0
2025.05.28 17:45,0.93407,0.93418,0.934,0.93409,164.0,0,0.0
2025.05.28 17:50,0.9341,0.93412,0.93398,0.93411,188.0,0,0.0
2025.05.28 17:55,0.93411,0.93422,0.93401,0.93415,196.0,0,0.0
2025.05.28 18:00,0.93415,0.9344,0.93407,0.93436,189.0,0,0.0
2025.05.28 18:05,0.93435,0.9344,0.93423,0.93438,174.0,0,0.0
2025.05.28 18:10,0.93438,0.93453,0.93435,0.93452,170.0,0,0.0
2025.05.28 18:15,0.93452,0.93462,0.93446,0.93454,163.0,0,0.0
2025.05.28 18:20,0.93455,0.93471,0.9343,0.93468,165.0,0,0.0
2025.05.28 18:25,0.93465,0.9347,0.93448,0.93464,178.0,0,0.0
2025.05.28 18:30,0.93462,0.9347,0.93457,0.93469,160.0,0,0.0
2025.05.28 18:35,0.93468,0.93471,0.93462,0.93463,180.0,0,0.0
2025.05.28 18:40,0.93464,0.93471,0.93457,0.93457,154.0,0,0.0
2025.05.28 18:45,0.93457,0.93457,0.93426,0.93433,205.0,0,0.0
2025.05.28 18:50,0.93434,0.93436,0.93405,0.93407,135.0,0,0.0
2025.05.28 18:55,0.93408,0.93413,0.93403,0.93405,170.0,0,0.0
2025.05.28 19:00,0.93404,0.93419,0.93403,0.93405,135.0,0,0.0
2025.05.28 19:05,0.93406,0.93412,0.93401,0.93407,141.0,0,0.0
2025.05.28 19:10,0.93407,0.93412,0.93402,0.93407,111.0,0,0.0
2025.05.28 19:15,0.93408,0.93419,0.93405,0.93413,166.0,0,0.0
2025.05.28 19:20,0.93413,0.93424,0.93409,0.93415,150.0,0,0.0
2025.05.28 19:25,0.93416,0.93432,0.93416,0.93428,155.0,0,0.0
2025.05.28 19:30,0.93428,0.93435,0.93422,0.93426,170.0,0,0.0
2025.05.28 19:35,0.93427,0.93436,0.93426,0.93433,136.0,0,0.0
2025.05.28 19:40,0.9343,0.93431,0.93407,0.9341,136.0,0,0.0
2025.05.28 19:45,0.93411,0.93419,0.93407,0.9341,175.0,0,0.0
2025.05.28 19:50,0.93409,0.9341,0.93401,0.93404,99.0,0,0.0
2025.05.28 19:55,0.93406,0.9341,0.93388,0.93388,121.0,0,0.0
2025.05.28 20:00,0.93333,0.93407,0.93333,0.934,124.0,0,0.0
2025.05.28 20:05,0.93401,0.93401,0.93385,0.9339,93.0,0,0.0
2025.05.28 20:10,0.93389,0.93403,0.93382,0.93396,87.0,0,0.0
2025.05.28 20:15,0.93397,0.93398,0.93385,0.93385,108.0,0,0.0
2025.05.28 20:20,0.93384,0.93386,0.93376,0.93383,108.0,0,0.0
2025.05.28 20:25,0.93382,0.93385,0.93376,0.9338,93.0,0,0.0
2025.05.28 20:30,0.93381,0.93394,0.9338,0.93385,85.0,0,0.0
2025.05.28 20:35,0.93384,0.93395,0.9338,0.9339,104.0,0,0.0
2025.05.28 20:40,0.93389,0.9339,0.93383,0.93389,111.0,0,0.0
2025.05.28 20:45,0.93388,0.93396,0.93386,0.9339,99.0,0,0.0
2025.05.28 20:50,0.93391,0.93399,0.93381,0.93388,178.0,0,0.0
2025.05.28 20:55,0.93387,0.93416,0.93379,0.93405,148.0,0,0.0
2025.05.28 21:00,0.93406,0.93431,0.93406,0.93416,117.0,0,0.0
2025.05.28 21:05,0.93417,0.93428,0.93415,0.93427,125.0,0,0.0
2025.05.28 21:10,0.93428,0.93431,0.93407,0.93413,96.0,0,0.0
2025.05.28 21:15,0.93414,0.93417,0.93402,0.93409,129.0,0,0.0
2025.05.28 21:20,0.93408,0.93411,0.93405,0.93409,142.0,0,0.0
2025.05.28 21:25,0.93408,0.9341,0.93405,0.93408,81.0,0,0.0
2025.05.28 21:30,0.93407,0.93412,0.93407,0.93411,90.0,0,0.0
2025.05.28 21:35,0.9341,0.9341,0.93405,0.93405,57.0,0,0.0
2025.05.28 21:40,0.93406,0.93416,0.934,0.93416,136.0,0,0.0
2025.05.28 21:45,0.93417,0.9342,0.9341,0.93413,106.0,0,0.0
2025.05.28 21:50,0.93414,0.93414,0.93403,0.93406,85.0,0,0.0
2025.05.28 21:55,0.93405,0.93405,0.93387,0.93393,127.0,0,0.0
2025.05.28 22:00,0.9339,0.93397,0.9337,0.93395,115.0,0,0.0
2025.05.28 22:05,0.93396,0.93402,0.93396,0.93399,73.0,0,0.0
2025.05.28 22:10,0.93398,0.93401,0.93397,0.93398,42.0,0,0.0
2025.05.28 22:15,0.93397,0.93409,0.93397,0.93404,79.0,0,0.0
2025.05.28 22:20,0.934,0.93421,0.93396,0.93408,113.0,0,0.0
2025.05.28 22:25,0.93409,0.93426,0.93409,0.93421,99.0,0,0.0
2025.05.28 22:30,0.93419,0.93421,0.93413,0.93413,179.0,0,0.0
2025.05.28 22:35,0.93412,0.93417,0.93401,0.93402,113.0,0,0.0
2025.05.28 22:40,0.934,0.93407,0.93392,0.93407,113.0,0,0.0
2025.05.28 22:45,0.93408,0.93418,0.93407,0.93417,109.0,0,0.0
2025.05.28 22:50,0.9341,0.93421,0.93398,0.93412,138.0,0,0.0
2025.05.28 22:55,0.93406,0.93424,0.93373,0.93377,223.0,0,0.0
2025.05.28 23:05,0.93358,0.93371,0.93315,0.93341,9.0,0,0.0
2025.05.28 23:10,0.9334,0.93341,0.9334,0.93341,2.0,0,0.0
2025.05.28 23:15,0.93353,0.93353,0.93341,0.93347,3.0,0,0.0
2025.05.28 23:20,0.93341,0.93369,0.93341,0.93341,6.0,0,0.0
2025.05.28 23:25,0.93351,0.93351,0.93341,0.93349,3.0,0,0.0
2025.05.28 23:30,0.93351,0.93371,0.93341,0.93359,28.0,0,0.0
2025.05.28 23:35,0.93371,0.93385,0.93358,0.93374,15.0,0,0.0
2025.05.28 23:40,0.93374,0.93388,0.93367,0.93367,7.0,0,0.0
2025.05.28 23:45,0.93365,0.93377,0.93365,0.93377,6.0,0,0.0
2025.05.28 23:50,0.93377,0.93377,0.93375,0.93375,2.0,0,0.0
2025.05.28 23:55,0.93382,0.93382,0.93344,0.93371,14.0,0,0.0
2025.05.29 00:00,0.93365,0.93415,0.93365,0.93415,77.0,0,0.0
2025.05.29 00:05,0.93415,0.93415,0.93409,0.93413,37.0,0,0.0
2025.05.29 00:10,0.93413,0.93415,0.9341,0.93413,65.0,0,0.0
2025.05.29 00:15,0.93413,0.93432,0.93411,0.93431,231.0,0,0.0
2025.05.29 00:20,0.93432,0.93441,0.93425,0.93439,90.0,0,0.0
2025.05.29 00:25,0.93438,0.93445,0.93437,0.93441,61.0,0,0.0
2025.05.29 00:30,0.93438,0.93442,0.93432,0.93437,81.0,0,0.0
2025.05.29 00:35,0.93436,0.93443,0.93435,0.9344,45.0,0,0.0
2025.05.29 00:40,0.93439,0.93448,0.93435,0.9344,59.0,0,0.0
2025.05.29 00:45,0.93441,0.93444,0.93439,0.93444,61.0,0,0.0
2025.05.29 00:50,0.93445,0.93451,0.93441,0.93446,58.0,0,0.0
2025.05.29 00:55,0.93445,0.93459,0.93444,0.93456,84.0,0,0.0
2025.05.29 01:00,0.93456,0.93479,0.93453,0.93476,201.0,0,0.0
2025.05.29 01:05,0.93472,0.93521,0.93471,0.93518,183.0,0,0.0
2025.05.29 01:10,0.93517,0.93674,0.93517,0.93634,377.0,0,0.0
2025.05.29 01:15,0.93632,0.93657,0.9357,0.93572,379.0,0,0.0
2025.05.29 01:20,0.93571,0.93607,0.93553,0.93597,275.0,0,0.0
2025.05.29 01:25,0.93597,0.93598,0.93559,0.93561,245.0,0,0.0
2025.05.29 01:30,0.93562,0.93651,0.93556,0.9365,284.0,0,0.0
2025.05.29 01:35,0.93649,0.93649,0.93557,0.93586,424.0,0,0.0
2025.05.29 01:40,0.93587,0.93599,0.93535,0.93572,373.0,0,0.0
2025.05.29 01:45,0.93571,0.93647,0.93553,0.93598,381.0,0,0.0
2025.05.29 01:50,0.93598,0.93635,0.93473,0.93477,368.0,0,0.0
2025.05.29 01:55,0.93475,0.93546,0.9347,0.93504,297.0,0,0.0
2025.05.29 02:00,0.93505,0.93579,0.93496,0.93517,396.0,0,0.0
2025.05.29 02:05,0.93516,0.93599,0.93514,0.93596,372.0,0,0.0
2025.05.29 02:10,0.93603,0.93656,0.93602,0.93618,307.0,0,0.0
2025.05.29 02:15,0.93618,0.93686,0.93618,0.93669,373.0,0,0.0
2025.05.29 02:20,0.9367,0.93704,0.93639,0.9365,324.0,0,0.0
2025.05.29 02:25,0.93648,0.93653,0.9361,0.9365,346.0,0,0.0
2025.05.29 02:30,0.9365,0.93692,0.93637,0.93684,301.0,0,0.0
2025.05.29 02:35,0.93684,0.93717,0.93668,0.9367,240.0,0,0.0
2025.05.29 02:40,0.93669,0.93709,0.93663,0.93694,247.0,0,0.0
2025.05.29 02:45,0.93691,0.93695,0.9365,0.93661,301.0,0,0.0
2025.05.29 02:50,0.93659,0.93659,0.93636,0.93656,308.0,0,0.0
2025.05.29 02:55,0.93648,0.93666,0.93647,0.93663,272.0,0,0.0
2025.05.29 03:00,0.93661,0.93694,0.93657,0.9367,245.0,0,0.0
2025.05.29 03:05,0.93671,0.93683,0.93646,0.93674,282.0,0,0.0
2025.05.29 03:10,0.93674,0.93689,0.93662,0.93672,295.0,0,0.0
2025.05.29 03:15,0.93671,0.93677,0.93648,0.93649,247.0,0,0.0
2025.05.29 03:20,0.9365,0.9368,0.93641,0.93661,229.0,0,0.0
2025.05.29 03:25,0.93662,0.93671,0.9365,0.93662,230.0,0,0.0
2025.05.29 03:30,0.93662,0.93683,0.93657,0.93679,210.0,0,0.0
2025.05.29 03:35,0.93682,0.93687,0.93663,0.93664,212.0,0,0.0
2025.05.29 03:40,0.93665,0.93666,0.93638,0.93653,246.0,0,0.0
2025.05.29 03:45,0.93654,0.93659,0.93643,0.93654,189.0,0,0.0
2025.05.29 03:50,0.93653,0.93661,0.93633,0.93649,215.0,0,0.0
2025.05.29 03:55,0.93652,0.93654,0.93634,0.93641,192.0,0,0.0
2025.05.29 04:00,0.9364,0.93645,0.93624,0.93631,181.0,0,0.0
2025.05.29 04:05,0.93631,0.93645,0.93626,0.93634,178.0,0,0.0
2025.05.29 04:10,0.93632,0.93645,0.9363,0.93632,159.0,0,0.0
2025.05.29 04:15,0.93632,0.9364,0.9363,0.93635,142.0,0,0.0
2025.05.29 04:20,0.93634,0.93641,0.93631,0.9364,168.0,0,0.0
2025.05.29 04:25,0.93634,0.93648,0.93634,0.93645,186.0,0,0.0
2025.05.29 04:30,0.93644,0.93664,0.93641,0.93664,167.0,0,0.0
2025.05.29 04:35,0.93662,0.93666,0.93639,0.93644,187.0,0,0.0
2025.05.29 04:40,0.93643,0.93649,0.93629,0.93638,191.0,0,0.0
2025.05.29 04:45,0.93639,0.93642,0.93629,0.93633,166.0,0,0.0
2025.05.29 04:50,0.93632,0.93664,0.93631,0.93662,212.0,0,0.0
2025.05.29 04:55,0.93661,0.93669,0.93647,0.93654,179.0,0,0.0
2025.05.29 05:00,0.93655,0.93665,0.9364,0.9364,139.0,0,0.0
2025.05.29 05:05,0.93639,0.93643,0.93629,0.93635,134.0,0,0.0
2025.05.29 05:10,0.93634,0.93649,0.93629,0.93643,143.0,0,0.0
2025.05.29 05:15,0.93644,0.93647,0.93629,0.93639,194.0,0,0.0
2025.05.29 05:20,0.93638,0.9364,0.93622,0.93623,191.0,0,0.0
2025.05.29 05:25,0.93622,0.93628,0.93608,0.9361,125.0,0,0.0
2025.05.29 05:30,0.93609,0.93611,0.93603,0.93607,66.0,0,0.0
2025.05.29 05:35,0.93608,0.93609,0.93604,0.93605,49.0,0,0.0
2025.05.29 05:40,0.93606,0.93646,0.93606,0.93636,114.0,0,0.0
2025.05.29 05:45,0.93635,0.93639,0.93614,0.93616,109.0,0,0.0
2025.05.29 05:50,0.93617,0.93618,0.93611,0.93616,78.0,0,0.0
2025.05.29 05:55,0.93615,0.93617,0.93609,0.93614,67.0,0,0.0
2025.05.29 06:00,0.93615,0.93648,0.93612,0.93647,102.0,0,0.0
2025.05.29 06:05,0.93648,0.93658,0.93645,0.9365,57.0,0,0.0
2025.05.29 06:10,0.93651,0.93669,0.9365,0.93662,91.0,0,0.0
2025.05.29 06:15,0.93664,0.93665,0.93633,0.93645,93.0,0,0.0
2025.05.29 06:20,0.93646,0.93646,0.93636,0.93643,110.0,0,0.0
2025.05.29 06:25,0.93642,0.93642,0.93619,0.9362,94.0,0,0.0
2025.05.29 06:30,0.93618,0.93619,0.9359,0.93591,104.0,0,0.0
2025.05.29 06:35,0.93592,0.93594,0.9358,0.93581,88.0,0,0.0
2025.05.29 06:40,0.9358,0.9359,0.93569,0.9358,104.0,0,0.0
2025.05.29 06:45,0.93579,0.93584,0.9357,0.9357,110.0,0,0.0
2025.05.29 06:50,0.9357,0.93576,0.93568,0.93571,131.0,0,0.0
2025.05.29 06:55,0.93569,0.936,0.93569,0.93596,167.0,0,0.0
2025.05.29 07:00,0.93597,0.93631,0.93595,0.93616,153.0,0,0.0
2025.05.29 07:05,0.93615,0.93616,0.93581,0.93597,150.0,0,0.0
2025.05.29 07:10,0.93597,0.93602,0.93586,0.93588,149.0,0,0.0
2025.05.29 07:15,0.9359,0.93597,0.93586,0.93587,147.0,0,0.0
2025.05.29 07:20,0.93587,0.9362,0.93575,0.93618,136.0,0,0.0
2025.05.29 07:25,0.93617,0.93623,0.93614,0.93614,136.0,0,0.0
2025.05.29 07:30,0.93614,0.93631,0.93613,0.93628,141.0,0,0.0
2025.05.29 07:35,0.93629,0.93656,0.93629,0.93654,124.0,0,0.0
2025.05.29 07:40,0.93657,0.93662,0.9365,0.93653,132.0,0,0.0
2025.05.29 07:45,0.93653,0.9366,0.9364,0.9364,170.0,0,0.0
2025.05.29 07:50,0.93638,0.93641,0.93621,0.93633,196.0,0,0.0
2025.05.29 07:55,0.93634,0.93652,0.93632,0.93638,134.0,0,0.0
2025.05.29 08:00,0.9364,0.93695,0.9364,0.9367,255.0,0,0.0
2025.05.29 08:05,0.93668,0.93678,0.93663,0.93667,213.0,0,0.0
2025.05.29 08:10,0.93668,0.93704,0.93668,0.93704,197.0,0,0.0
2025.05.29 08:15,0.93704,0.93704,0.93651,0.93651,209.0,0,0.0
2025.05.29 08:20,0.93651,0.93678,0.93633,0.93638,277.0,0,0.0
2025.05.29 08:25,0.93636,0.93655,0.93636,0.93653,266.0,0,0.0
2025.05.29 08:30,0.93653,0.93682,0.9365,0.93673,245.0,0,0.0
2025.05.29 08:35,0.93673,0.93707,0.93668,0.93694,228.0,0,0.0
2025.05.29 08:40,0.93694,0.93696,0.93682,0.93691,206.0,0,0.0
2025.05.29 08:45,0.93692,0.93693,0.93654,0.93655,186.0,0,0.0
2025.05.29 08:50,0.93656,0.93681,0.93655,0.93666,196.0,0,0.0
2025.05.29 08:55,0.93669,0.93675,0.93654,0.93666,210.0,0,0.0
2025.05.29 09:00,0.93669,0.93671,0.93605,0.93605,280.0,0,0.0
2025.05.29 09:05,0.93603,0.9361,0.93575,0.93576,249.0,0,0.0
2025.05.29 09:10,0.93575,0.93611,0.93544,0.93547,229.0,0,0.0
2025.05.29 09:15,0.9355,0.93562,0.93526,0.93536,236.0,0,0.0
2025.05.29 09:20,0.93535,0.93556,0.93519,0.93554,213.0,0,0.0
2025.05.29 09:25,0.93555,0.9356,0.93527,0.93545,187.0,0,0.0
2025.05.29 09:30,0.93545,0.93591,0.93544,0.93591,227.0,0,0.0
2025.05.29 09:35,0.9359,0.93615,0.9359,0.93606,199.0,0,0.0
2025.05.29 09:40,0.93604,0.9361,0.93577,0.93578,204.0,0,0.0
2025.05.29 09:45,0.93578,0.93581,0.93563,0.93572,247.0,0,0.0
2025.05.29 09:50,0.93574,0.93574,0.93554,0.93568,161.0,0,0.0
2025.05.29 09:55,0.93567,0.93569,0.93535,0.93558,215.0,0,0.0
2025.05.29 10:00,0.93559,0.93568,0.93497,0.93509,229.0,0,0.0
2025.05.29 10:05,0.93511,0.93519,0.93505,0.93516,166.0,0,0.0
2025.05.29 10:10,0.93517,0.93536,0.93506,0.93533,184.0,0,0.0
2025.05.29 10:15,0.93534,0.93541,0.93521,0.93532,162.0,0,0.0
2025.05.29 10:20,0.93532,0.9356,0.93512,0.93513,208.0,0,0.0
2025.05.29 10:25,0.93514,0.93525,0.93499,0.93519,197.0,0,0.0
2025.05.29 10:30,0.9352,0.93542,0.9352,0.9353,193.0,0,0.0
2025.05.29 10:35,0.93532,0.93549,0.93526,0.93546,212.0,0,0.0
2025.05.29 10:40,0.93545,0.93548,0.9353,0.93536,164.0,0,0.0
2025.05.29 10:45,0.93537,0.93565,0.93537,0.9354,172.0,0,0.0
2025.05.29 10:50,0.93539,0.93549,0.93533,0.93533,175.0,0,0.0
2025.05.29 10:55,0.93535,0.93545,0.93506,0.93525,160.0,0,0.0
2025.05.29 11:00,0.93526,0.93533,0.93486,0.93517,224.0,0,0.0
2025.05.29 11:05,0.93516,0.93532,0.93516,0.93529,179.0,0,0.0
2025.05.29 11:10,0.93529,0.93539,0.93526,0.93529,189.0,0,0.0
2025.05.29 11:15,0.93529,0.93533,0.93525,0.93528,197.0,0,0.0
2025.05.29 11:20,0.93528,0.93535,0.93497,0.93527,195.0,0,0.0
2025.05.29 11:25,0.93528,0.93544,0.93507,0.93507,183.0,0,0.0
2025.05.29 11:30,0.93509,0.93535,0.93505,0.93516,229.0,0,0.0
2025.05.29 11:35,0.93515,0.93519,0.93507,0.93508,188.0,0,0.0
2025.05.29 11:40,0.93509,0.93535,0.93508,0.93535,204.0,0,0.0
2025.05.29 11:45,0.93536,0.93548,0.93531,0.93531,180.0,0,0.0
2025.05.29 11:50,0.93531,0.93535,0.93515,0.93527,174.0,0,0.0
2025.05.29 11:55,0.93528,0.93547,0.93527,0.93533,200.0,0,0.0
2025.05.29 12:00,0.93531,0.93538,0.93519,0.93521,196.0,0,0.0
2025.05.29 12:05,0.9352,0.93526,0.9351,0.93525,185.0,0,0.0
2025.05.29 12:10,0.93526,0.93537,0.93524,0.93536,149.0,0,0.0
2025.05.29 12:15,0.93537,0.93539,0.93517,0.93517,159.0,0,0.0
2025.05.29 12:20,0.93517,0.93518,0.93509,0.93512,139.0,0,0.0
2025.05.29 12:25,0.93511,0.93513,0.93485,0.93485,155.0,0,0.0
2025.05.29 12:30,0.93484,0.93502,0.93475,0.93498,182.0,0,0.0
2025.05.29 12:35,0.93497,0.93499,0.93461,0.93461,155.0,0,0.0
2025.05.29 12:40,0.93461,0.93462,0.9342,0.9342,142.0,0,0.0
2025.05.29 12:45,0.9342,0.93431,0.93401,0.93425,218.0,0,0.0
2025.05.29 12:50,0.93423,0.93444,0.93416,0.93437,182.0,0,0.0
2025.05.29 12:55,0.93436,0.93448,0.93419,0.93426,199.0,0,0.0
2025.05.29 13:00,0.93427,0.93427,0.93411,0.93426,269.0,0,0.0
2025.05.29 13:05,0.93425,0.93457,0.93422,0.9345,234.0,0,0.0
2025.05.29 13:10,0.9345,0.9345,0.93405,0.9341,240.0,0,0.0
2025.05.29 13:15,0.93409,0.93409,0.9339,0.93402,218.0,0,0.0
2025.05.29 13:20,0.93401,0.93417,0.93393,0.93394,183.0,0,0.0
2025.05.29 13:25,0.93394,0.93404,0.93385,0.93392,201.0,0,0.0
2025.05.29 13:30,0.93391,0.93411,0.93377,0.93407,213.0,0,0.0
2025.05.29 13:35,0.93406,0.93436,0.93404,0.93416,214.0,0,0.0
2025.05.29 13:40,0.93415,0.93417,0.93396,0.93412,220.0,0,0.0
2025.05.29 13:45,0.93412,0.93429,0.93409,0.93429,171.0,0,0.0
2025.05.29 13:50,0.93428,0.93434,0.93411,0.93416,220.0,0,0.0
2025.05.29 13:55,0.93416,0.93417,0.93374,0.93377,261.0,0,0.0
2025.05.29 14:00,0.93378,0.93382,0.9336,0.93369,288.0,0,0.0
2025.05.29 14:05,0.93368,0.9339,0.93353,0.93379,283.0,0,0.0
2025.05.29 14:10,0.93379,0.93411,0.93372,0.93404,225.0,0,0.0
2025.05.29 14:15,0.93404,0.93406,0.9337,0.93384,267.0,0,0.0
2025.05.29 14:20,0.93384,0.9339,0.93362,0.9339,246.0,0,0.0
2025.05.29 14:25,0.93391,0.93403,0.93344,0.9335,194.0,0,0.0
2025.05.29 14:30,0.93345,0.9345,0.93335,0.93446,348.0,0,0.0
2025.05.29 14:35,0.93447,0.93456,0.93428,0.93435,298.0,0,0.0
2025.05.29 14:40,0.93436,0.93485,0.93431,0.93478,310.0,0,0.0
2025.05.29 14:45,0.9348,0.93516,0.93464,0.93512,300.0,0,0.0
2025.05.29 14:50,0.93513,0.93532,0.93496,0.93525,293.0,0,0.0
2025.05.29 14:55,0.93525,0.93561,0.93502,0.9356,388.0,0,0.0
2025.05.29 15:00,0.93561,0.93578,0.93506,0.93518,411.0,0,0.0
2025.05.29 15:05,0.93518,0.93546,0.93516,0.93517,272.0,0,0.0
2025.05.29 15:10,0.93517,0.93538,0.93507,0.93535,270.0,0,0.0
2025.05.29 15:15,0.93536,0.93538,0.93523,0.93536,192.0,0,0.0
2025.05.29 15:20,0.93537,0.9354,0.93532,0.93532,178.0,0,0.0
2025.05.29 15:25,0.9353,0.93548,0.93501,0.93547,238.0,0,0.0
2025.05.29 15:30,0.93546,0.93547,0.93521,0.93534,271.0,0,0.0
2025.05.29 15:35,0.93535,0.93546,0.93512,0.9352,281.0,0,0.0
2025.05.29 15:40,0.93521,0.93529,0.93497,0.93498,249.0,0,0.0
2025.05.29 15:45,0.93498,0.93516,0.93491,0.93499,224.0,0,0.0
2025.05.29 15:50,0.935,0.93552,0.93499,0.9354,290.0,0,0.0
2025.05.29 15:55,0.93539,0.93554,0.93537,0.93548,240.0,0,0.0
2025.05.29 16:00,0.93547,0.93583,0.93546,0.93554,286.0,0,0.0
2025.05.29 16:05,0.93553,0.93584,0.93542,0.93582,280.0,0,0.0
2025.05.29 16:10,0.93583,0.93591,0.93556,0.93588,280.0,0,0.0
2025.05.29 16:15,0.93589,0.93611,0.9356,0.93579,254.0,0,0.0
2025.05.29 16:20,0.9358,0.93587,0.93525,0.93542,292.0,0,0.0
2025.05.29 16:25,0.9354,0.93579,0.93529,0.93575,248.0,0,0.0
2025.05.29 16:30,0.93575,0.93586,0.93573,0.93577,213.0,0,0.0
2025.05.29 16:35,0.93576,0.93589,0.93557,0.93584,219.0,0,0.0
2025.05.29 16:40,0.93583,0.93589,0.93578,0.93587,219.0,0,0.0
2025.05.29 16:45,0.93586,0.93616,0.93578,0.936,230.0,0,0.0
2025.05.29 16:50,0.93597,0.93611,0.93589,0.93595,270.0,0,0.0
2025.05.29 16:55,0.93593,0.93602,0.93568,0.93569,231.0,0,0.0
2025.05.29 17:00,0.93567,0.93596,0.93567,0.93574,253.0,0,0.0
2025.05.29 17:05,0.93572,0.9358,0.93558,0.93566,226.0,0,0.0
2025.05.29 17:10,0.93567,0.93578,0.93547,0.93547,224.0,0,0.0
2025.05.29 17:15,0.93547,0.9356,0.93528,0.93535,235.0,0,0.0
2025.05.29 17:20,0.93537,0.93545,0.93517,0.93531,223.0,0,0.0
2025.05.29 17:25,0.93533,0.93556,0.93498,0.93552,216.0,0,0.0
2025.05.29 17:30,0.93554,0.93591,0.93515,0.93534,266.0,0,0.0
2025.05.29 17:35,0.93534,0.93584,0.93534,0.93568,234.0,0,0.0
2025.05.29 17:40,0.93569,0.93584,0.93564,0.9358,220.0,0,0.0
2025.05.29 17:45,0.93579,0.9358,0.93561,0.93563,186.0,0,0.0
2025.05.29 17:50,0.93564,0.93572,0.93561,0.93563,161.0,0,0.0
2025.05.29 17:55,0.93564,0.93568,0.93519,0.9354,275.0,0,0.0
2025.05.29 18:00,0.93542,0.93571,0.93528,0.93568,285.0,0,0.0
2025.05.29 18:05,0.93568,0.93571,0.93552,0.93561,217.0,0,0.0
2025.05.29 18:10,0.93562,0.93577,0.93562,0.93575,180.0,0,0.0
2025.05.29 18:15,0.93574,0.93592,0.93572,0.93578,215.0,0,0.0
2025.05.29 18:20,0.93577,0.93587,0.93576,0.93582,176.0,0,0.0
2025.05.29 18:25,0.93582,0.93606,0.93578,0.93606,137.0,0,0.0
2025.05.29 18:30,0.93602,0.93626,0.936,0.93624,194.0,0,0.0
2025.05.29 18:35,0.93624,0.93638,0.93624,0.93631,175.0,0,0.0
2025.05.29 18:40,0.93632,0.93635,0.93619,0.9362,156.0,0,0.0
2025.05.29 18:45,0.9362,0.93622,0.93586,0.93587,169.0,0,0.0
2025.05.29 18:50,0.93585,0.93597,0.93582,0.93597,157.0,0,0.0
2025.05.29 18:55,0.93597,0.93604,0.93587,0.93589,162.0,0,0.0
2025.05.29 19:00,0.93588,0.93598,0.93583,0.93595,199.0,0,0.0
2025.05.29 19:05,0.93596,0.93603,0.93595,0.93597,148.0,0,0.0
2025.05.29 19:10,0.93597,0.93609,0.93594,0.93606,173.0,0,0.0
2025.05.29 19:15,0.93606,0.93609,0.93604,0.93608,132.0,0,0.0
2025.05.29 19:20,0.93609,0.93614,0.93607,0.93611,111.0,0,0.0
2025.05.29 19:25,0.93611,0.93612,0.93603,0.93608,112.0,0,0.0
2025.05.29 19:30,0.93605,0.93613,0.93605,0.93611,103.0,0,0.0
2025.05.29 19:35,0.93612,0.93632,0.93587,0.9359,151.0,0,0.0
2025.05.29 19:40,0.93591,0.93593,0.93561,0.93561,161.0,0,0.0
2025.05.29 19:45,0.93561,0.93573,0.93549,0.93555,175.0,0,0.0
2025.05.29 19:50,0.93556,0.93575,0.93552,0.93564,126.0,0,0.0
2025.05.29 19:55,0.93563,0.93563,0.93551,0.93559,133.0,0,0.0
2025.05.29 20:00,0.93557,0.93579,0.93538,0.93558,165.0,0,0.0
2025.05.29 20:05,0.9356,0.93589,0.93556,0.9358,121.0,0,0.0
2025.05.29 20:10,0.93581,0.93581,0.93554,0.93556,111.0,0,0.0
2025.05.29 20:15,0.93557,0.9356,0.93547,0.93552,93.0,0,0.0
2025.05.29 20:20,0.93551,0.93553,0.93541,0.93543,108.0,0,0.0
2025.05.29 20:25,0.93544,0.93549,0.93539,0.93543,100.0,0,0.0
2025.05.29 20:30,0.93545,0.93587,0.93545,0.93578,117.0,0,0.0
2025.05.29 20:35,0.93579,0.93581,0.93567,0.93576,106.0,0,0.0
2025.05.29 20:40,0.93577,0.93581,0.93563,0.93568,128.0,0,0.0
2025.05.29 20:45,0.93567,0.93568,0.93552,0.93559,124.0,0,0.0
2025.05.29 20:50,0.93557,0.9356,0.93545,0.93547,104.0,0,0.0
2025.05.29 20:55,0.93544,0.93557,0.93525,0.93541,135.0,0,0.0
2025.05.29 21:00,0.93547,0.93559,0.93545,0.93558,134.0,0,0.0
2025.05.29 21:05,0.93559,0.93569,0.93552,0.93563,119.0,0,0.0
2025.05.29 21:10,0.93566,0.93571,0.93557,0.93558,99.0,0,0.0
2025.05.29 21:15,0.93557,0.93558,0.93538,0.93542,93.0,0,0.0
2025.05.29 21:20,0.93541,0.93555,0.93541,0.93548,119.0,0,0.0
2025.05.29 21:25,0.93547,0.93552,0.9354,0.93545,95.0,0,0.0
2025.05.29 21:30,0.93546,0.93555,0.93543,0.93555,112.0,0,0.0
2025.05.29 21:35,0.93552,0.93559,0.93548,0.93555,88.0,0,0.0
2025.05.29 21:40,0.93556,0.93562,0.93549,0.93553,97.0,0,0.0
2025.05.29 21:45,0.93552,0.93558,0.93545,0.93556,69.0,0,0.0
2025.05.29 21:50,0.93557,0.9356,0.93547,0.93555,92.0,0,0.0
2025.05.29 21:55,0.93556,0.93556,0.93542,0.93548,106.0,0,0.0
2025.05.29 22:00,0.93563,0.93566,0.93546,0.93549,82.0,0,0.0
2025.05.29 22:05,0.93548,0.93554,0.9352,0.93549,62.0,0,0.0
2025.05.29 22:10,0.93548,0.93557,0.9354,0.93555,84.0,0,0.0
2025.05.29 22:15,0.93554,0.93569,0.93554,0.93568,23.0,0,0.0
2025.05.29 22:20,0.93569,0.93569,0.93561,0.93563,29.0,0,0.0
2025.05.29 22:25,0.93564,0.93566,0.93541,0.93543,47.0,0,0.0
2025.05.29 22:30,0.93541,0.93549,0.93538,0.93547,78.0,0,0.0
2025.05.29 22:35,0.93546,0.93557,0.93545,0.93556,23.0,0,0.0
2025.05.29 22:40,0.93557,0.9356,0.93553,0.93554,38.0,0,0.0
2025.05.29 22:45,0.93553,0.93554,0.93546,0.93548,71.0,0,0.0
2025.05.29 22:50,0.93547,0.93551,0.93514,0.93544,64.0,0,0.0
2025.05.29 22:55,0.93541,0.93543,0.935,0.93508,98.0,0,0.0
2025.05.29 23:05,0.93421,0.93421,0.93421,0.93421,1.0,0,0.0
2025.05.29 23:10,0.93426,0.93441,0.93426,0.93426,10.0,0,0.0
2025.05.29 23:15,0.93432,0.93495,0.93432,0.93494,60.0,0,0.0
2025.05.29 23:20,0.93485,0.93486,0.93466,0.93475,176.0,0,0.0
2025.05.29 23:25,0.9343,0.93452,0.9343,0.93445,6.0,0,0.0
2025.05.29 23:30,0.9345,0.93469,0.93433,0.93442,16.0,0,0.0
2025.05.29 23:35,0.9344,0.93463,0.93433,0.93456,22.0,0,0.0
2025.05.29 23:40,0.93458,0.93463,0.93441,0.93457,80.0,0,0.0
2025.05.29 23:45,0.93452,0.93459,0.93441,0.93442,18.0,0,0.0
2025.05.29 23:50,0.93452,0.93462,0.9345,0.93457,21.0,0,0.0
2025.05.29 23:55,0.93447,0.9345,0.9344,0.93445,17.0,0,0.0
2025.05.30 00:00,0.93497,0.93508,0.9348,0.93503,135.0,0,0.0
2025.05.30 00:05,0.93502,0.93555,0.93493,0.93545,313.0,0,0.0
2025.05.30 00:10,0.93548,0.93548,0.93508,0.93518,148.0,0,0.0
2025.05.30 00:15,0.93517,0.93523,0.93494,0.93502,119.0,0,0.0
2025.05.30 00:20,0.93501,0.93502,0.93494,0.93498,94.0,0,0.0
2025.05.30 00:25,0.93498,0.93505,0.93497,0.93502,152.0,0,0.0
2025.05.30 00:30,0.93503,0.93505,0.93502,0.93505,134.0,0,0.0
2025.05.30 00:35,0.93505,0.93508,0.93502,0.93504,107.0,0,0.0
2025.05.30 00:40,0.93504,0.93519,0.93504,0.93514,232.0,0,0.0
2025.05.30 00:45,0.93513,0.93523,0.93512,0.93523,127.0,0,0.0
2025.05.30 00:50,0.93523,0.93526,0.93521,0.93522,132.0,0,0.0
2025.05.30 00:55,0.93522,0.93522,0.93512,0.93514,140.0,0,0.0
2025.05.30 01:00,0.93519,0.93519,0.93512,0.93514,175.0,0,0.0
2025.05.30 01:05,0.93514,0.93532,0.93509,0.93522,134.0,0,0.0
2025.05.30 01:10,0.93522,0.9353,0.93519,0.93522,132.0,0,0.0
2025.05.30 01:15,0.93526,0.93532,0.93516,0.9352,153.0,0,0.0
2025.05.30 01:20,0.93519,0.93532,0.93519,0.93523,104.0,0,0.0
2025.05.30 01:25,0.93525,0.93528,0.93522,0.93523,73.0,0,0.0
2025.05.30 01:30,0.93522,0.93534,0.93518,0.93525,142.0,0,0.0
2025.05.30 01:35,0.93523,0.93527,0.93515,0.93522,84.0,0,0.0
2025.05.30 01:40,0.93522,0.93533,0.93522,0.93528,128.0,0,0.0
2025.05.30 01:45,0.93529,0.93535,0.9352,0.93533,125.0,0,0.0
2025.05.30 01:50,0.93532,0.93542,0.93529,0.93529,133.0,0,0.0
2025.05.30 01:55,0.93529,0.9353,0.93518,0.93519,150.0,0,0.0
2025.05.30 02:00,0.9352,0.93534,0.93518,0.93529,220.0,0,0.0
2025.05.30 02:05,0.93529,0.93542,0.93522,0.9353,221.0,0,0.0
2025.05.30 02:10,0.9353,0.93541,0.9353,0.93535,212.0,0,0.0
2025.05.30 02:15,0.93534,0.93554,0.93525,0.93549,174.0,0,0.0
2025.05.30 02:20,0.9355,0.93569,0.93547,0.93565,165.0,0,0.0
2025.05.30 02:25,0.93566,0.93566,0.93549,0.93559,194.0,0,0.0
2025.05.30 02:30,0.93558,0.93561,0.93539,0.9355,209.0,0,0.0
2025.05.30 02:35,0.93552,0.93559,0.93533,0.93535,163.0,0,0.0
2025.05.30 02:40,0.93534,0.93546,0.93531,0.9354,148.0,0,0.0
2025.05.30 02:45,0.93539,0.93542,0.93529,0.9353,168.0,0,0.0
2025.05.30 02:50,0.9353,0.93541,0.93442,0.9347,243.0,0,0.0
2025.05.30 02:55,0.93454,0.93483,0.93451,0.93478,228.0,0,0.0
2025.05.30 03:00,0.93479,0.93482,0.9345,0.93453,244.0,0,0.0
2025.05.30 03:05,0.93453,0.93467,0.93423,0.93463,289.0,0,0.0
2025.05.30 03:10,0.93463,0.93463,0.93441,0.93445,247.0,0,0.0
2025.05.30 03:15,0.93444,0.93447,0.93423,0.93427,196.0,0,0.0
2025.05.30 03:20,0.93426,0.93431,0.93364,0.93394,205.0,0,0.0
2025.05.30 03:25,0.93395,0.9341,0.9337,0.93409,170.0,0,0.0
2025.05.30 03:30,0.9341,0.93441,0.93403,0.93411,204.0,0,0.0
2025.05.30 03:35,0.93412,0.93429,0.93405,0.9342,167.0,0,0.0
2025.05.30 03:40,0.93418,0.93435,0.9341,0.93429,195.0,0,0.0
2025.05.30 03:45,0.93426,0.93431,0.93398,0.93404,148.0,0,0.0
2025.05.30 03:50,0.93402,0.93409,0.93388,0.93401,176.0,0,0.0
2025.05.30 03:55,0.93402,0.93404,0.93381,0.93395,193.0,0,0.0
2025.05.30 04:00,0.93396,0.93413,0.9339,0.93411,168.0,0,0.0
2025.05.30 04:05,0.9341,0.93416,0.93402,0.93411,136.0,0,0.0
2025.05.30 04:10,0.93412,0.93425,0.93411,0.93413,202.0,0,0.0
2025.05.30 04:15,0.93414,0.93416,0.93407,0.93409,130.0,0,0.0
2025.05.30 04:20,0.93407,0.93415,0.93401,0.93414,110.0,0,0.0
2025.05.30 04:25,0.93412,0.93419,0.93411,0.93412,158.0,0,0.0
2025.05.30 04:30,0.93414,0.93426,0.93411,0.93411,139.0,0,0.0
2025.05.30 04:35,0.9341,0.93411,0.93401,0.93409,150.0,0,0.0
2025.05.30 04:40,0.93411,0.93418,0.93398,0.93415,164.0,0,0.0
2025.05.30 04:45,0.93414,0.93417,0.93402,0.93404,139.0,0,0.0
2025.05.30 04:50,0.93402,0.9342,0.93402,0.93411,168.0,0,0.0
2025.05.30 04:55,0.9341,0.93432,0.93408,0.93429,161.0,0,0.0
2025.05.30 05:00,0.93428,0.93432,0.93424,0.93432,144.0,0,0.0
2025.05.30 05:05,0.93433,0.93435,0.93423,0.93435,114.0,0,0.0
2025.05.30 05:10,0.93434,0.93439,0.93431,0.93437,95.0,0,0.0
2025.05.30 05:15,0.93436,0.93436,0.93423,0.93425,111.0,0,0.0
2025.05.30 05:20,0.93426,0.93433,0.93422,0.93422,104.0,0,0.0
2025.05.30 05:25,0.93421,0.9343,0.93421,0.93426,102.0,0,0.0
2025.05.30 05:30,0.93425,0.93435,0.93422,0.93431,145.0,0,0.0
2025.05.30 05:35,0.9343,0.93444,0.9343,0.93436,132.0,0,0.0
2025.05.30 05:40,0.93435,0.93436,0.93414,0.93423,130.0,0,0.0
2025.05.30 05:45,0.93422,0.93426,0.93411,0.93416,147.0,0,0.0
2025.05.30 05:50,0.93417,0.93421,0.93411,0.93414,105.0,0,0.0
2025.05.30 05:55,0.93412,0.93418,0.9341,0.93418,101.0,0,0.0
2025.05.30 06:00,0.93414,0.9342,0.93412,0.93413,84.0,0,0.0
2025.05.30 06:05,0.93415,0.93422,0.9341,0.9342,134.0,0,0.0
2025.05.30 06:10,0.9342,0.93421,0.9341,0.93414,105.0,0,0.0
2025.05.30 06:15,0.93415,0.93415,0.93399,0.93404,119.0,0,0.0
2025.05.30 06:20,0.93405,0.93407,0.93376,0.93379,175.0,0,0.0
2025.05.30 06:25,0.93378,0.9338,0.93358,0.93363,130.0,0,0.0
2025.05.30 06:30,0.93363,0.93383,0.93363,0.93378,90.0,0,0.0
2025.05.30 06:35,0.93379,0.93384,0.93378,0.9338,73.0,0,0.0
2025.05.30 06:40,0.93379,0.9338,0.93371,0.93374,52.0,0,0.0
2025.05.30 06:45,0.93377,0.93387,0.93377,0.93387,80.0,0,0.0
2025.05.30 06:50,0.93388,0.93389,0.9338,0.93381,100.0,0,0.0
2025.05.30 06:55,0.9338,0.93384,0.93369,0.93373,137.0,0,0.0
2025.05.30 07:00,0.93374,0.93386,0.93373,0.93383,112.0,0,0.0
2025.05.30 07:05,0.93382,0.934,0.93379,0.934,154.0,0,0.0
2025.05.30 07:10,0.93401,0.93406,0.93396,0.93401,94.0,0,0.0
2025.05.30 07:15,0.934,0.93411,0.93394,0.93396,106.0,0,0.0
2025.05.30 07:20,0.93395,0.93398,0.93383,0.93394,102.0,0,0.0
2025.05.30 07:25,0.93393,0.93399,0.93393,0.93398,100.0,0,0.0
2025.05.30 07:30,0.93399,0.93415,0.93399,0.93412,110.0,0,0.0
2025.05.30 07:35,0.93411,0.93423,0.93409,0.93417,112.0,0,0.0
2025.05.30 07:40,0.93417,0.93427,0.93414,0.93418,107.0,0,0.0
2025.05.30 07:45,0.93417,0.93424,0.9341,0.9341,106.0,0,0.0
2025.05.30 07:50,0.93409,0.93412,0.93383,0.93392,119.0,0,0.0
2025.05.30 07:55,0.93391,0.93412,0.93389,0.93389,149.0,0,0.0
2025.05.30 08:00,0.93397,0.93409,0.93383,0.9339,236.0,0,0.0
2025.05.30 08:05,0.9339,0.93403,0.93388,0.93402,226.0,0,0.0
2025.05.30 08:10,0.934,0.93421,0.93393,0.93421,237.0,0,0.0
2025.05.30 08:15,0.93421,0.93424,0.934,0.93412,238.0,0,0.0
2025.05.30 08:20,0.93411,0.9342,0.93401,0.93409,203.0,0,0.0
2025.05.30 08:25,0.9341,0.93434,0.93405,0.93422,177.0,0,0.0
2025.05.30 08:30,0.9342,0.93429,0.93403,0.93427,236.0,0,0.0
2025.05.30 08:35,0.93426,0.93427,0.93407,0.9341,256.0,0,0.0
2025.05.30 08:40,0.93409,0.93439,0.93398,0.93414,265.0,0,0.0
2025.05.30 08:45,0.93415,0.93452,0.93411,0.93443,254.0,0,0.0
2025.05.30 08:50,0.93442,0.93445,0.93398,0.93403,241.0,0,0.0
2025.05.30 08:55,0.93401,0.93413,0.93365,0.93367,275.0,0,0.0
2025.05.30 09:00,0.93324,0.93448,0.93324,0.93427,302.0,0,0.0
2025.05.30 09:05,0.93426,0.93436,0.93402,0.93412,271.0,0,0.0
2025.05.30 09:10,0.93413,0.93437,0.93402,0.93402,230.0,0,0.0
2025.05.30 09:15,0.93401,0.9343,0.93401,0.93411,203.0,0,0.0
2025.05.30 09:20,0.9341,0.93432,0.93402,0.93411,233.0,0,0.0
2025.05.30 09:25,0.93409,0.93425,0.93405,0.93423,221.0,0,0.0
2025.05.30 09:30,0.93421,0.93432,0.93405,0.93409,212.0,0,0.0
2025.05.30 09:35,0.93408,0.93438,0.93394,0.93437,237.0,0,0.0
2025.05.30 09:40,0.93438,0.93439,0.93422,0.93436,193.0,0,0.0
2025.05.30 09:45,0.93435,0.93455,0.93425,0.93425,216.0,0,0.0
2025.05.30 09:50,0.93426,0.93433,0.93401,0.93403,238.0,0,0.0
2025.05.30 09:55,0.93404,0.93411,0.93388,0.93411,276.0,0,0.0
2025.05.30 10:00,0.93389,0.93466,0.93342,0.9342,249.0,0,0.0
2025.05.30 10:05,0.93419,0.93433,0.93402,0.93415,239.0,0,0.0
2025.05.30 10:10,0.93411,0.93415,0.93385,0.93395,202.0,0,0.0
2025.05.30 10:15,0.93395,0.934,0.93366,0.93378,203.0,0,0.0
2025.05.30 10:20,0.93378,0.93384,0.93336,0.93338,145.0,0,0.0
2025.05.30 10:25,0.93337,0.93357,0.93335,0.93351,167.0,0,0.0
2025.05.30 10:30,0.93352,0.93396,0.93349,0.93396,206.0,0,0.0
2025.05.30 10:35,0.93396,0.93397,0.93367,0.93375,198.0,0,0.0
2025.05.30 10:40,0.93376,0.93379,0.93364,0.93369,171.0,0,0.0
2025.05.30 10:45,0.93368,0.93388,0.93361,0.93377,155.0,0,0.0
2025.05.30 10:50,0.93377,0.93383,0.93349,0.93351,159.0,0,0.0
2025.05.30 10:55,0.93352,0.93354,0.93295,0.93299,249.0,0,0.0
2025.05.30 11:00,0.93299,0.93322,0.93298,0.93318,204.0,0,0.0
2025.05.30 11:05,0.93319,0.93324,0.93296,0.93301,180.0,0,0.0
2025.05.30 11:10,0.93302,0.93315,0.93289,0.93291,155.0,0,0.0
2025.05.30 11:15,0.93292,0.93298,0.93288,0.93295,167.0,0,0.0
2025.05.30 11:20,0.93291,0.93294,0.93282,0.93284,141.0,0,0.0
2025.05.30 11:25,0.93285,0.933,0.93279,0.93295,163.0,0,0.0
2025.05.30 11:30,0.93295,0.93338,0.93285,0.93337,160.0,0,0.0
2025.05.30 11:35,0.93336,0.93346,0.93309,0.9331,176.0,0,0.0
2025.05.30 11:40,0.9331,0.9334,0.93308,0.9334,172.0,0,0.0
2025.05.30 11:45,0.93342,0.93347,0.93319,0.93334,169.0,0,0.0
2025.05.30 11:50,0.93337,0.93352,0.93315,0.9332,199.0,0,0.0
2025.05.30 11:55,0.93322,0.93349,0.93318,0.93319,209.0,0,0.0
2025.05.30 12:00,0.93318,0.93334,0.93296,0.93322,191.0,0,0.0
2025.05.30 12:05,0.93324,0.93352,0.93324,0.93349,162.0,0,0.0
2025.05.30 12:10,0.93349,0.93357,0.93318,0.93318,186.0,0,0.0
2025.05.30 12:15,0.93319,0.93359,0.93317,0.93359,165.0,0,0.0
2025.05.30 12:20,0.9336,0.93369,0.93349,0.93354,130.0,0,0.0
2025.05.30 12:25,0.93353,0.93384,0.93353,0.93373,189.0,0,0.0
2025.05.30 12:30,0.93373,0.93382,0.93363,0.93381,143.0,0,0.0
2025.05.30 12:35,0.93381,0.93386,0.9337,0.93382,181.0,0,0.0
2025.05.30 12:40,0.93383,0.93389,0.93376,0.93381,159.0,0,0.0
2025.05.30 12:45,0.93381,0.93396,0.93381,0.93394,148.0,0,0.0
2025.05.30 12:50,0.93392,0.93396,0.93379,0.93385,173.0,0,0.0
2025.05.30 12:55,0.93384,0.93398,0.93379,0.93396,207.0,0,0.0
2025.05.30 13:00,0.93397,0.93413,0.93397,0.93413,172.0,0,0.0
2025.05.30 13:05,0.93413,0.93427,0.93411,0.93422,127.0,0,0.0
2025.05.30 13:10,0.93421,0.93423,0.93412,0.93419,183.0,0,0.0
2025.05.30 13:15,0.93419,0.93424,0.934,0.93408,179.0,0,0.0
2025.05.30 13:20,0.93408,0.93411,0.93399,0.934,179.0,0,0.0
2025.05.30 13:25,0.93401,0.93416,0.93401,0.9341,177.0,0,0.0
2025.05.30 13:30,0.9341,0.93422,0.93409,0.93415,141.0,0,0.0
2025.05.30 13:35,0.93416,0.93432,0.93416,0.93432,157.0,0,0.0
2025.05.30 13:40,0.93432,0.93439,0.93419,0.93419,211.0,0,0.0
2025.05.30 13:45,0.93419,0.93433,0.93389,0.93394,159.0,0,0.0
2025.05.30 13:50,0.93395,0.93407,0.93385,0.93398,107.0,0,0.0
2025.05.30 13:55,0.93399,0.93426,0.93398,0.93412,213.0,0,0.0
2025.05.30 14:00,0.9341,0.93427,0.93402,0.93402,193.0,0,0.0
2025.05.30 14:05,0.93399,0.93424,0.93376,0.93399,209.0,0,0.0
2025.05.30 14:10,0.93396,0.93413,0.93336,0.93349,415.0,0,0.0
2025.05.30 14:15,0.93347,0.93383,0.93332,0.93333,343.0,0,0.0
2025.05.30 14:20,0.93333,0.93352,0.9332,0.93352,312.0,0,0.0
2025.05.30 14:25,0.9335,0.93361,0.93317,0.93332,248.0,0,0.0
2025.05.30 14:30,0.93313,0.93369,0.93313,0.9332,300.0,0,0.0
2025.05.30 14:35,0.93321,0.93321,0.9327,0.93274,277.0,0,0.0
2025.05.30 14:40,0.93274,0.93314,0.93267,0.93278,269.0,0,0.0
2025.05.30 14:45,0.93279,0.93298,0.93275,0.93282,256.0,0,0.0
2025.05.30 14:50,0.93282,0.93312,0.93275,0.93307,251.0,0,0.0
2025.05.30 14:55,0.93307,0.93344,0.93307,0.9333,229.0,0,0.0
2025.05.30 15:00,0.93331,0.93335,0.933,0.93326,255.0,0,0.0
2025.05.30 15:05,0.93327,0.9334,0.93314,0.93317,211.0,0,0.0
2025.05.30 15:10,0.93318,0.93319,0.9329,0.93291,196.0,0,0.0
2025.05.30 15:15,0.93292,0.93344,0.9329,0.9334,213.0,0,0.0
2025.05.30 15:20,0.93339,0.93343,0.93311,0.93315,203.0,0,0.0
2025.05.30 15:25,0.93316,0.93336,0.93311,0.93332,216.0,0,0.0
2025.05.30 15:30,0.93331,0.93332,0.93264,0.93306,298.0,0,0.0
2025.05.30 15:45,0.93248,0.93282,0.93229,0.9327,319.0,0,0.0
2025.05.30 16:35,0.93245,0.93353,0.93241,0.93349,273.0,0,0.0
2025.05.30 16:40,0.9335,0.93361,0.9332,0.93332,284.0,0,0.0
2025.05.30 16:45,0.93332,0.93371,0.93317,0.93317,312.0,0,0.0
2025.05.30 17:00,0.9325,0.9336,0.93241,0.93355,430.0,0,0.0
2025.05.30 17:05,0.93355,0.93367,0.93295,0.93308,307.0,0,0.0
2025.05.30 17:10,0.93306,0.93365,0.93297,0.93335,296.0,0,0.0
2025.05.30 17:15,0.93334,0.93338,0.93299,0.93318,274.0,0,0.0
2025.05.30 17:20,0.93316,0.93387,0.93316,0.93381,248.0,0,0.0
2025.05.30 17:25,0.93382,0.93397,0.93368,0.93372,220.0,0,0.0
2025.05.30 17:30,0.93371,0.93386,0.9334,0.93349,244.0,0,0.0
2025.05.30 17:35,0.93348,0.93363,0.93343,0.93357,207.0,0,0.0
2025.05.30 17:40,0.93357,0.93386,0.93326,0.93331,254.0,0,0.0
2025.05.30 17:45,0.9333,0.93366,0.93317,0.9336,233.0,0,0.0
2025.05.30 17:50,0.93359,0.93381,0.93359,0.93375,190.0,0,0.0
2025.05.30 17:55,0.93374,0.93399,0.93373,0.93376,209.0,0,0.0
2025.05.30 18:00,0.93375,0.93381,0.9336,0.93363,215.0,0,0.0
2025.05.30 18:05,0.93364,0.93384,0.93359,0.93371,212.0,0,0.0
2025.05.30 18:10,0.93372,0.93383,0.93367,0.93372,155.0,0,0.0
2025.05.30 18:15,0.93371,0.93376,0.93361,0.93365,158.0,0,0.0
2025.05.30 18:20,0.93366,0.93368,0.93346,0.93348,191.0,0,0.0
2025.05.30 18:25,0.93349,0.9335,0.93317,0.93323,223.0,0,0.0
2025.05.30 18:30,0.93322,0.93325,0.9328,0.93301,253.0,0,0.0
2025.05.30 18:35,0.933,0.93333,0.93298,0.93333,269.0,0,0.0
2025.05.30 18:40,0.93332,0.93365,0.93332,0.9335,207.0,0,0.0
2025.05.30 18:45,0.93349,0.93355,0.9329,0.93304,229.0,0,0.0
2025.05.30 18:50,0.93306,0.93306,0.93282,0.93295,214.0,0,0.0
2025.05.30 18:55,0.93295,0.93318,0.93285,0.93317,198.0,0,0.0
2025.05.30 19:00,0.93315,0.93343,0.93313,0.93342,173.0,0,0.0
2025.05.30 19:05,0.93343,0.93358,0.93338,0.93354,177.0,0,0.0
2025.05.30 19:10,0.93357,0.93357,0.93328,0.93329,189.0,0,0.0
2025.05.30 19:15,0.9333,0.9334,0.93302,0.93336,170.0,0,0.0
2025.05.30 19:20,0.93335,0.93357,0.93335,0.93353,179.0,0,0.0
2025.05.30 19:25,0.93354,0.93363,0.93347,0.93363,112.0,0,0.0
2025.05.30 19:30,0.93362,0.93365,0.93352,0.93362,116.0,0,0.0
2025.05.30 19:35,0.93363,0.93369,0.93362,0.93368,103.0,0,0.0
2025.05.30 19:40,0.93367,0.93369,0.93353,0.93353,124.0,0,0.0
2025.05.30 19:45,0.93353,0.93355,0.93328,0.93335,133.0,0,0.0
2025.05.30 19:50,0.93336,0.93336,0.93318,0.93321,162.0,0,0.0
2025.05.30 19:55,0.9332,0.93326,0.93309,0.93318,161.0,0,0.0
2025.05.30 20:00,0.9332,0.93341,0.93319,0.93334,125.0,0,0.0
2025.05.30 20:05,0.93333,0.93339,0.93326,0.93338,113.0,0,0.0
2025.05.30 20:10,0.93339,0.93342,0.93326,0.93332,111.0,0,0.0
2025.05.30 20:15,0.93333,0.93356,0.93328,0.93348,132.0,0,0.0
2025.05.30 20:20,0.93347,0.93352,0.9334,0.93345,110.0,0,0.0
2025.05.30 20:25,0.93346,0.93352,0.93343,0.93344,111.0,0,0.0
2025.05.30 20:30,0.93345,0.93354,0.93343,0.9335,95.0,0,0.0
2025.05.30 20:35,0.93351,0.93354,0.93349,0.93352,86.0,0,0.0
2025.05.30 20:40,0.93351,0.9337,0.9335,0.9337,101.0,0,0.0
2025.05.30 20:45,0.93371,0.93395,0.93365,0.93388,118.0,0,0.0
2025.05.30 20:50,0.93387,0.93388,0.93379,0.93381,82.0,0,0.0
2025.05.30 20:55,0.93382,0.93402,0.93379,0.93401,140.0,0,0.0
2025.05.30 21:00,0.93402,0.93405,0.93394,0.93404,113.0,0,0.0
2025.05.30 21:05,0.93403,0.93411,0.93401,0.93411,91.0,0,0.0
2025.05.30 21:10,0.9341,0.93419,0.9341,0.93416,106.0,0,0.0
2025.05.30 21:15,0.93417,0.93423,0.9341,0.93422,102.0,0,0.0
2025.05.30 21:20,0.93421,0.93428,0.93421,0.93427,111.0,0,0.0
2025.05.30 21:25,0.93426,0.93428,0.93416,0.93416,99.0,0,0.0
2025.05.30 21:30,0.93415,0.93419,0.93413,0.93417,86.0,0,0.0
2025.05.30 21:35,0.93418,0.9342,0.93406,0.93408,88.0,0,0.0
2025.05.30 21:40,0.93407,0.93408,0.93394,0.93399,102.0,0,0.0
2025.05.30 21:45,0.934,0.93404,0.93393,0.93402,119.0,0,0.0
2025.05.30 21:50,0.93401,0.93422,0.93401,0.93416,77.0,0,0.0
2025.05.30 21:55,0.93415,0.93436,0.93413,0.93424,144.0,0,0.0
2025.06.01 23:10,0.93274,0.93296,0.93274,0.93289,7.0,0,0.0
2025.06.01 23:15,0.933,0.93318,0.933,0.93314,4.0,0,0.0
2025.06.01 23:20,0.933,0.93343,0.933,0.93341,9.0,0,0.0
2025.06.01 23:25,0.9336,0.93369,0.9336,0.93369,4.0,0,0.0
2025.06.01 23:30,0.93346,0.93346,0.93274,0.93274,13.0,0,0.0
2025.06.01 23:35,0.93274,0.93335,0.93274,0.93274,145.0,0,0.0
2025.06.01 23:40,0.93284,0.93339,0.93274,0.93274,313.0,0,0.0
2025.06.01 23:45,0.93294,0.9334,0.93274,0.93299,230.0,0,0.0
2025.06.01 23:50,0.93301,0.93338,0.93296,0.93328,92.0,0,0.0
2025.06.01 23:55,0.93304,0.93389,0.93294,0.93386,233.0,0,0.0
2025.06.02 00:00,0.93369,0.93369,0.93275,0.93322,146.0,0,0.0
2025.06.02 00:05,0.93323,0.93352,0.93318,0.9334,111.0,0,0.0
2025.06.02 00:10,0.93343,0.93354,0.93333,0.93354,102.0,0,0.0
2025.06.02 00:15,0.93355,0.93361,0.93351,0.93359,160.0,0,0.0
2025.06.02 00:20,0.93359,0.93362,0.93351,0.93351,89.0,0,0.0
2025.06.02 00:25,0.93351,0.93352,0.93342,0.9335,172.0,0,0.0
2025.06.02 00:30,0.9335,0.93356,0.93344,0.93352,221.0,0,0.0
2025.06.02 00:35,0.93352,0.93352,0.93345,0.93349,134.0,0,0.0
2025.06.02 00:40,0.93349,0.9335,0.93342,0.93349,127.0,0,0.0
2025.06.02 00:45,0.93349,0.9335,0.93347,0.93349,148.0,0,0.0
2025.06.02 00:50,0.93349,0.93353,0.93334,0.93339,223.0,0,0.0
2025.06.02 00:55,0.93338,0.93338,0.93325,0.93329,122.0,0,0.0
2025.06.02 01:00,0.93328,0.93339,0.93327,0.93332,163.0,0,0.0
2025.06.02 01:05,0.93335,0.93349,0.93333,0.93348,149.0,0,0.0
2025.06.02 01:10,0.93347,0.93352,0.93339,0.93346,140.0,0,0.0
2025.06.02 01:15,0.93345,0.93353,0.93343,0.9335,86.0,0,0.0
2025.06.02 01:20,0.9335,0.93353,0.93346,0.9335,102.0,0,0.0
2025.06.02 01:25,0.93349,0.93352,0.9334,0.93351,79.0,0,0.0
2025.06.02 01:30,0.93352,0.93359,0.93348,0.93358,141.0,0,0.0
2025.06.02 01:35,0.93356,0.93361,0.93351,0.93361,105.0,0,0.0
2025.06.02 01:40,0.9336,0.93369,0.9336,0.93367,106.0,0,0.0
2025.06.02 01:45,0.93367,0.93368,0.93345,0.93355,136.0,0,0.0
2025.06.02 01:50,0.93356,0.93357,0.9334,0.93346,67.0,0,0.0
2025.06.02 01:55,0.93346,0.93349,0.93337,0.93347,141.0,0,0.0
2025.06.02 02:00,0.93348,0.93356,0.93335,0.9334,226.0,0,0.0
2025.06.02 02:05,0.93341,0.93357,0.9334,0.93354,197.0,0,0.0
2025.06.02 02:10,0.93356,0.93367,0.93352,0.93365,242.0,0,0.0
2025.06.02 02:15,0.93365,0.93387,0.93364,0.93385,101.0,0,0.0
2025.06.02 02:20,0.93385,0.9339,0.93382,0.93385,113.0,0,0.0
2025.06.02 02:25,0.93384,0.93386,0.93379,0.93385,153.0,0,0.0
2025.06.02 02:30,0.93384,0.93386,0.93378,0.93384,120.0,0,0.0
2025.06.02 02:35,0.93385,0.93386,0.93377,0.93378,132.0,0,0.0
2025.06.02 02:40,0.93377,0.9338,0.93367,0.93371,149.0,0,0.0
2025.06.02 02:45,0.9337,0.93377,0.93368,0.93369,146.0,0,0.0
2025.06.02 02:50,0.9337,0.93404,0.93368,0.93403,129.0,0,0.0
2025.06.02 02:55,0.93402,0.93421,0.93394,0.93416,213.0,0,0.0
2025.06.02 03:00,0.93417,0.93429,0.93406,0.93414,138.0,0,0.0
2025.06.02 03:05,0.93416,0.93441,0.93415,0.9344,138.0,0,0.0
2025.06.02 03:10,0.93439,0.93452,0.93429,0.93449,165.0,0,0.0
2025.06.02 03:15,0.93448,0.9347,0.93448,0.93469,237.0,0,0.0
2025.06.02 03:20,0.93467,0.93472,0.93461,0.93465,175.0,0,0.0
2025.06.02 03:25,0.93465,0.93465,0.9344,0.93448,226.0,0,0.0
2025.06.02 03:30,0.93446,0.93458,0.93431,0.9345,209.0,0,0.0
2025.06.02 03:35,0.93451,0.93461,0.93447,0.93458,201.0,0,0.0
2025.06.02 03:40,0.93459,0.93459,0.93443,0.93444,168.0,0,0.0
2025.06.02 03:45,0.93443,0.9345,0.93438,0.93441,156.0,0,0.0
2025.06.02 03:50,0.93443,0.93446,0.93441,0.93443,123.0,0,0.0
2025.06.02 03:55,0.93444,0.93446,0.93432,0.93433,192.0,0,0.0
2025.06.02 04:00,0.93434,0.93446,0.93428,0.9344,136.0,0,0.0
2025.06.02 04:05,0.93439,0.93439,0.93431,0.93433,162.0,0,0.0
2025.06.02 04:10,0.93432,0.93439,0.93431,0.93434,101.0,0,0.0
2025.06.02 04:15,0.93433,0.9344,0.93431,0.93439,108.0,0,0.0
2025.06.02 04:20,0.9344,0.93442,0.93433,0.9344,137.0,0,0.0
2025.06.02 04:25,0.93441,0.9345,0.93434,0.93448,147.0,0,0.0
2025.06.02 04:30,0.93449,0.93477,0.93448,0.93474,156.0,0,0.0
2025.06.02 04:35,0.93475,0.93479,0.93468,0.93471,103.0,0,0.0
2025.06.02 04:40,0.93471,0.93471,0.93461,0.93461,101.0,0,0.0
2025.06.02 04:45,0.93462,0.93466,0.93457,0.93457,114.0,0,0.0
2025.06.02 04:50,0.93458,0.93458,0.93438,0.93438,110.0,0,0.0
2025.06.02 04:55,0.93437,0.93458,0.93437,0.93452,164.0,0,0.0
2025.06.02 05:00,0.93452,0.93452,0.93438,0.93441,134.0,0,0.0
2025.06.02 05:05,0.9344,0.93447,0.93436,0.93438,135.0,0,0.0
2025.06.02 05:10,0.93436,0.93442,0.93434,0.93439,121.0,0,0.0
2025.06.02 05:15,0.93438,0.93447,0.93438,0.93444,145.0,0,0.0
2025.06.02 05:20,0.93444,0.93454,0.93442,0.93451,137.0,0,0.0
2025.06.02 05:25,0.9345,0.93453,0.93441,0.93442,122.0,0,0.0
2025.06.02 05:30,0.93443,0.93449,0.93433,0.93433,97.0,0,0.0
2025.06.02 05:35,0.93434,0.93442,0.93432,0.93433,79.0,0,0.0
2025.06.02 05:40,0.93434,0.93441,0.93433,0.9344,78.0,0,0.0
2025.06.02 05:45,0.9344,0.93441,0.93434,0.93439,121.0,0,0.0
2025.06.02 05:50,0.9344,0.93442,0.93435,0.93436,91.0,0,0.0
2025.06.02 05:55,0.93435,0.93438,0.9343,0.93433,94.0,0,0.0
2025.06.02 06:00,0.93429,0.93443,0.93429,0.93439,115.0,0,0.0
2025.06.02 06:05,0.93439,0.93443,0.93439,0.9344,146.0,0,0.0
2025.06.02 06:10,0.9344,0.93451,0.9344,0.93448,90.0,0,0.0
2025.06.02 06:15,0.93448,0.93459,0.93448,0.93452,138.0,0,0.0
2025.06.02 06:20,0.93451,0.93465,0.93451,0.93464,136.0,0,0.0
2025.06.02 06:25,0.93462,0.93464,0.93454,0.93454,130.0,0,0.0
2025.06.02 06:30,0.93453,0.9346,0.93447,0.9345,79.0,0,0.0
2025.06.02 06:35,0.9345,0.93459,0.9345,0.93455,144.0,0,0.0
2025.06.02 06:40,0.93454,0.93459,0.93453,0.93458,134.0,0,0.0
2025.06.02 06:45,0.93459,0.93462,0.93454,0.93459,118.0,0,0.0
2025.06.02 06:50,0.93459,0.93468,0.93457,0.93468,155.0,0,0.0
2025.06.02 06:55,0.93467,0.93473,0.93465,0.93468,147.0,0,0.0
2025.06.02 07:00,0.93468,0.93474,0.93463,0.93464,126.0,0,0.0
2025.06.02 07:05,0.93465,0.93467,0.93458,0.93463,134.0,0,0.0
2025.06.02 07:10,0.93464,0.9347,0.93457,0.93466,195.0,0,0.0
2025.06.02 07:15,0.93465,0.93466,0.93456,0.93458,148.0,0,0.0
2025.06.02 07:20,0.93459,0.93464,0.93454,0.93457,176.0,0,0.0
2025.06.02 07:25,0.93456,0.9346,0.93438,0.93441,187.0,0,0.0
2025.06.02 07:30,0.93442,0.93443,0.93423,0.93424,168.0,0,0.0
2025.06.02 07:35,0.93423,0.93425,0.93417,0.9342,173.0,0,0.0
2025.06.02 07:40,0.93421,0.93436,0.9342,0.93434,177.0,0,0.0
2025.06.02 07:45,0.93435,0.93438,0.93398,0.93407,199.0,0,0.0
2025.06.02 07:50,0.93406,0.93436,0.93401,0.93436,135.0,0,0.0
2025.06.02 07:55,0.93437,0.93437,0.93375,0.93377,191.0,0,0.0
2025.06.02 08:00,0.93375,0.93414,0.93372,0.93407,281.0,0,0.0
2025.06.02 08:05,0.93407,0.93427,0.93397,0.9342,200.0,0,0.0
2025.06.02 08:10,0.93421,0.93421,0.93405,0.93408,240.0,0,0.0
2025.06.02 08:15,0.93406,0.93428,0.93399,0.93416,213.0,0,0.0
2025.06.02 08:20,0.93415,0.93434,0.9341,0.93425,247.0,0,0.0
2025.06.02 08:25,0.93426,0.93448,0.93424,0.93447,258.0,0,0.0
2025.06.02 08:30,0.93445,0.93455,0.93429,0.93432,218.0,0,0.0
2025.06.02 08:35,0.93431,0.93449,0.93431,0.93446,181.0,0,0.0
2025.06.02 08:40,0.9345,0.93475,0.93435,0.93474,238.0,0,0.0
2025.06.02 08:45,0.93473,0.93484,0.93467,0.9347,135.0,0,0.0
2025.06.02 08:50,0.9347,0.93481,0.93459,0.93464,186.0,0,0.0
2025.06.02 08:55,0.93464,0.93488,0.93445,0.93477,270.0,0,0.0
2025.06.02 09:00,0.9347,0.93506,0.9347,0.93479,257.0,0,0.0
2025.06.02 09:05,0.9348,0.93487,0.93461,0.93485,245.0,0,0.0
2025.06.02 09:10,0.93485,0.93495,0.93475,0.93489,246.0,0,0.0
2025.06.02 09:15,0.9349,0.93508,0.93483,0.93508,235.0,0,0.0
2025.06.02 09:20,0.9351,0.93528,0.93505,0.93519,220.0,0,0.0
2025.06.02 09:25,0.9352,0.93521,0.93488,0.93491,236.0,0,0.0
2025.06.02 09:30,0.9349,0.93534,0.93485,0.93514,224.0,0,0.0
2025.06.02 09:35,0.93513,0.93514,0.93489,0.93493,214.0,0,0.0
2025.06.02 09:40,0.93492,0.93502,0.93461,0.9347,230.0,0,0.0
2025.06.02 09:45,0.93468,0.93491,0.93446,0.93472,315.0,0,0.0
2025.06.02 09:50,0.93471,0.93471,0.93438,0.93454,313.0,0,0.0
2025.06.02 09:55,0.93449,0.93465,0.93423,0.9343,268.0,0,0.0
2025.06.02 10:00,0.93433,0.93439,0.93417,0.93429,252.0,0,0.0
2025.06.02 10:05,0.93428,0.93432,0.93415,0.9343,219.0,0,0.0
2025.06.02 10:10,0.93429,0.93439,0.93414,0.93436,260.0,0,0.0
2025.06.02 10:15,0.93437,0.93446,0.93413,0.93417,215.0,0,0.0
2025.06.02 10:20,0.93417,0.93433,0.93383,0.93429,242.0,0,0.0
2025.06.02 10:25,0.93433,0.93458,0.93421,0.93451,175.0,0,0.0
2025.06.02 10:30,0.93453,0.93483,0.93453,0.93467,208.0,0,0.0
2025.06.02 10:35,0.93466,0.9349,0.9346,0.93463,226.0,0,0.0
2025.06.02 10:40,0.93464,0.93466,0.93436,0.93441,187.0,0,0.0
2025.06.02 10:45,0.93439,0.93455,0.93427,0.93428,182.0,0,0.0
2025.06.02 10:50,0.93429,0.93431,0.93385,0.9339,197.0,0,0.0
2025.06.02 10:55,0.93389,0.93406,0.93376,0.93377,196.0,0,0.0
2025.06.02 11:00,0.9338,0.9338,0.93347,0.93356,232.0,0,0.0
2025.06.02 11:05,0.93351,0.93398,0.93351,0.93378,252.0,0,0.0
2025.06.02 11:10,0.93378,0.93386,0.93339,0.93352,230.0,0,0.0
2025.06.02 11:15,0.93352,0.93354,0.93306,0.93307,253.0,0,0.0
2025.06.02 11:20,0.93306,0.93311,0.93272,0.93273,265.0,0,0.0
2025.06.02 11:25,0.93274,0.93311,0.93255,0.93309,237.0,0,0.0
2025.06.02 11:30,0.93307,0.93331,0.93307,0.9333,225.0,0,0.0
2025.06.02 11:35,0.9333,0.93348,0.93318,0.93333,219.0,0,0.0
2025.06.02 11:40,0.93333,0.93346,0.93328,0.93335,201.0,0,0.0
2025.06.02 11:45,0.93335,0.93337,0.93318,0.9333,169.0,0,0.0
2025.06.02 11:50,0.93329,0.93349,0.93325,0.93348,178.0,0,0.0
2025.06.02 11:55,0.93349,0.93354,0.93319,0.93324,213.0,0,0.0
2025.06.02 12:00,0.93325,0.93336,0.9331,0.93335,213.0,0,0.0
2025.06.02 12:05,0.93336,0.93374,0.93324,0.93373,170.0,0,0.0
2025.06.02 12:10,0.93372,0.93391,0.93368,0.93378,191.0,0,0.0
2025.06.02 12:15,0.93379,0.93383,0.93361,0.93361,131.0,0,0.0
2025.06.02 12:20,0.93361,0.93389,0.93351,0.93388,186.0,0,0.0
2025.06.02 12:25,0.93387,0.93397,0.93379,0.93381,136.0,0,0.0
2025.06.02 12:30,0.9338,0.93391,0.93375,0.93383,161.0,0,0.0
2025.06.02 12:35,0.93382,0.93383,0.93363,0.93372,155.0,0,0.0
2025.06.02 12:40,0.93373,0.93405,0.93373,0.93395,166.0,0,0.0
2025.06.02 12:45,0.93395,0.934,0.93393,0.93393,140.0,0,0.0
2025.06.02 12:50,0.93393,0.93393,0.93378,0.93385,140.0,0,0.0
2025.06.02 12:55,0.93387,0.93397,0.9336,0.93397,216.0,0,0.0
2025.06.02 13:00,0.93398,0.93426,0.93397,0.93424,190.0,0,0.0
2025.06.02 13:05,0.93424,0.93424,0.93389,0.93392,196.0,0,0.0
2025.06.02 13:10,0.93392,0.93416,0.93383,0.93406,194.0,0,0.0
2025.06.02 13:15,0.93406,0.93416,0.934,0.93414,180.0,0,0.0
2025.06.02 13:20,0.93415,0.93434,0.93403,0.93407,181.0,0,0.0
2025.06.02 13:25,0.93406,0.93406,0.93361,0.93366,185.0,0,0.0
2025.06.02 13:30,0.93365,0.93401,0.93354,0.93401,214.0,0,0.0
2025.06.02 13:35,0.93399,0.93417,0.93393,0.93414,175.0,0,0.0
2025.06.02 13:40,0.93413,0.93418,0.93385,0.93388,194.0,0,0.0
2025.06.02 13:45,0.93387,0.9339,0.93363,0.93373,165.0,0,0.0
2025.06.02 13:50,0.93371,0.93374,0.93335,0.93343,133.0,0,0.0
2025.06.02 13:55,0.93345,0.9335,0.93333,0.9335,232.0,0,0.0
2025.06.02 14:00,0.93367,0.93411,0.93362,0.93376,290.0,0,0.0
2025.06.02 14:05,0.93376,0.93376,0.93346,0.93357,225.0,0,0.0
2025.06.02 14:10,0.93358,0.93365,0.93334,0.93344,197.0,0,0.0
2025.06.02 14:15,0.93344,0.93355,0.93338,0.93347,164.0,0,0.0
2025.06.02 14:20,0.93345,0.93361,0.93337,0.9336,163.0,0,0.0
2025.06.02 14:25,0.93361,0.9339,0.93352,0.93388,190.0,0,0.0
2025.06.02 14:30,0.93389,0.93398,0.93369,0.93374,184.0,0,0.0
2025.06.02 14:35,0.93376,0.9338,0.93364,0.93371,184.0,0,0.0
2025.06.02 14:40,0.93372,0.93399,0.93371,0.93395,223.0,0,0.0
2025.06.02 14:45,0.93396,0.93408,0.93376,0.93385,177.0,0,0.0
2025.06.02 14:50,0.93384,0.93397,0.93358,0.93393,198.0,0,0.0
2025.06.02 14:55,0.93392,0.93422,0.93392,0.93403,200.0,0,0.0
2025.06.02 15:00,0.93404,0.93428,0.93404,0.93409,187.0,0,0.0
2025.06.02 15:05,0.93408,0.93419,0.93398,0.93403,165.0,0,0.0
2025.06.02 15:10,0.93404,0.93417,0.93395,0.93405,172.0,0,0.0
2025.06.02 15:15,0.93404,0.93422,0.93404,0.93415,173.0,0,0.0
2025.06.02 15:20,0.93415,0.93424,0.93401,0.93413,152.0,0,0.0
2025.06.02 15:25,0.93414,0.93424,0.9339,0.93411,224.0,0,0.0
2025.06.02 15:30,0.9341,0.93427,0.93409,0.93425,209.0,0,0.0
2025.06.02 15:35,0.93425,0.9343,0.93409,0.93416,216.0,0,0.0
2025.06.02 15:40,0.93417,0.93417,0.9336,0.93367,220.0,0,0.0
2025.06.02 15:45,0.93366,0.93376,0.93347,0.93367,250.0,0,0.0
2025.06.02 15:50,0.93367,0.93382,0.93356,0.93381,266.0,0,0.0
2025.06.02 15:55,0.93382,0.934,0.93346,0.93346,215.0,0,0.0
2025.06.02 16:00,0.93335,0.934,0.93325,0.9334,359.0,0,0.0
2025.06.02 16:05,0.93338,0.93396,0.93333,0.93395,350.0,0,0.0
2025.06.02 16:10,0.93395,0.93398,0.93375,0.93395,285.0,0,0.0
2025.06.02 16:15,0.93393,0.93412,0.93383,0.93383,228.0,0,0.0
2025.06.02 16:20,0.93383,0.93423,0.93375,0.93414,254.0,0,0.0
2025.06.02 16:25,0.93416,0.93454,0.93416,0.93454,267.0,0,0.0
2025.06.02 16:30,0.93453,0.93497,0.93453,0.93477,238.0,0,0.0
2025.06.02 16:35,0.93478,0.93501,0.93459,0.93459,301.0,0,0.0
2025.06.02 16:40,0.93457,0.93473,0.93448,0.93449,280.0,0,0.0
2025.06.02 16:45,0.93449,0.93486,0.93443,0.93459,261.0,0,0.0
2025.06.02 16:50,0.93459,0.93473,0.93393,0.93393,284.0,0,0.0
2025.06.02 16:55,0.93393,0.93413,0.93359,0.93381,322.0,0,0.0
2025.06.02 17:00,0.93392,0.93409,0.93383,0.93396,299.0,0,0.0
2025.06.02 17:05,0.93395,0.93398,0.93372,0.93376,240.0,0,0.0
2025.06.02 17:10,0.93375,0.93416,0.93375,0.9341,235.0,0,0.0
2025.06.02 17:15,0.93411,0.93436,0.93409,0.93428,222.0,0,0.0
2025.06.02 17:20,0.93427,0.93447,0.93416,0.93433,201.0,0,0.0
2025.06.02 17:25,0.93432,0.93442,0.93399,0.93403,195.0,0,0.0
2025.06.02 17:30,0.93404,0.93405,0.93375,0.93389,191.0,0,0.0
2025.06.02 17:35,0.93396,0.9343,0.93396,0.93423,215.0,0,0.0
2025.06.02 17:40,0.93424,0.93434,0.93418,0.93434,197.0,0,0.0
2025.06.02 17:45,0.93435,0.93445,0.9343,0.93435,169.0,0,0.0
2025.06.02 17:50,0.93434,0.93455,0.93424,0.93451,176.0,0,0.0
2025.06.02 17:55,0.93452,0.93452,0.9343,0.93434,200.0,0,0.0
2025.06.02 18:00,0.93433,0.93433,0.93414,0.93416,215.0,0,0.0
2025.06.02 18:05,0.93415,0.93425,0.93377,0.93378,166.0,0,0.0
2025.06.02 18:10,0.93379,0.93417,0.93378,0.93415,165.0,0,0.0
2025.06.02 18:15,0.93419,0.93422,0.93401,0.93421,166.0,0,0.0
2025.06.02 18:20,0.93423,0.93436,0.93421,0.93428,161.0,0,0.0
2025.06.02 18:25,0.93427,0.93429,0.93409,0.93414,188.0,0,0.0
2025.06.02 18:30,0.93413,0.93413,0.93384,0.93397,150.0,0,0.0
2025.06.02 18:35,0.93394,0.93395,0.9338,0.93394,114.0,0,0.0
2025.06.02 18:40,0.93393,0.93397,0.93362,0.93369,164.0,0,0.0
2025.06.02 18:45,0.9337,0.93395,0.93369,0.93391,112.0,0,0.0
2025.06.02 18:50,0.9339,0.93416,0.93389,0.93413,144.0,0,0.0
2025.06.02 18:55,0.93413,0.93413,0.93375,0.93375,154.0,0,0.0
2025.06.02 19:00,0.93401,0.93418,0.93398,0.93416,190.0,0,0.0
2025.06.02 19:05,0.93416,0.93425,0.93413,0.93421,123.0,0,0.0
2025.06.02 19:10,0.9342,0.93428,0.93416,0.93422,157.0,0,0.0
2025.06.02 19:15,0.93423,0.93429,0.93415,0.93418,183.0,0,0.0
2025.06.02 19:20,0.93419,0.93435,0.93415,0.93433,168.0,0,0.0
2025.06.02 19:25,0.93434,0.93444,0.93428,0.9343,138.0,0,0.0
2025.06.02 19:30,0.93429,0.93455,0.93429,0.93451,107.0,0,0.0
2025.06.02 19:35,0.9345,0.93452,0.93438,0.93443,91.0,0,0.0
2025.06.02 19:40,0.93442,0.93448,0.93442,0.93447,88.0,0,0.0
2025.06.02 19:45,0.93446,0.9345,0.93437,0.93441,87.0,0,0.0
2025.06.02 19:50,0.93441,0.93458,0.93441,0.93444,102.0,0,0.0
2025.06.02 19:55,0.93445,0.93454,0.93444,0.93446,140.0,0,0.0
2025.06.02 20:00,0.93445,0.93447,0.93423,0.93427,139.0,0,0.0
2025.06.02 20:05,0.93426,0.93441,0.93426,0.93429,108.0,0,0.0
2025.06.02 20:10,0.9343,0.93445,0.9343,0.93444,100.0,0,0.0
2025.06.02 20:15,0.93445,0.93453,0.93443,0.93453,119.0,0,0.0
2025.06.02 20:20,0.93452,0.93462,0.93449,0.93455,109.0,0,0.0
2025.06.02 20:25,0.93457,0.93459,0.93447,0.9345,127.0,0,0.0
2025.06.02 20:30,0.93451,0.93451,0.93432,0.93434,124.0,0,0.0
2025.06.02 20:35,0.93433,0.93457,0.93432,0.93456,90.0,0,0.0
2025.06.02 20:40,0.93454,0.93462,0.93449,0.93461,96.0,0,0.0
2025.06.02 20:45,0.9346,0.93462,0.93455,0.93456,82.0,0,0.0
2025.06.02 20:50,0.93457,0.9347,0.93454,0.93462,76.0,0,0.0
2025.06.02 20:55,0.93464,0.93479,0.93462,0.93463,159.0,0,0.0
2025.06.02 21:00,0.93462,0.93483,0.93457,0.93474,125.0,0,0.0
2025.06.02 21:05,0.93472,0.93478,0.93456,0.93458,115.0,0,0.0
2025.06.02 21:10,0.93457,0.93462,0.93445,0.93449,76.0,0,0.0
2025.06.02 21:15,0.93448,0.93467,0.93448,0.93466,105.0,0,0.0
2025.06.02 21:20,0.93467,0.9347,0.93458,0.93468,76.0,0,0.0
2025.06.02 21:25,0.93469,0.93472,0.93461,0.93462,83.0,0,0.0
2025.06.02 21:30,0.93463,0.93463,0.93447,0.93448,83.0,0,0.0
2025.06.02 21:35,0.93449,0.93456,0.93447,0.93454,78.0,0,0.0
2025.06.02 21:40,0.93452,0.93452,0.93439,0.93448,64.0,0,0.0
2025.06.02 21:45,0.93446,0.93455,0.93442,0.93443,79.0,0,0.0
2025.06.02 21:50,0.93444,0.93455,0.93443,0.93448,81.0,0,0.0
2025.06.02 21:55,0.93447,0.93468,0.93444,0.93467,135.0,0,0.0
2025.06.02 22:00,0.93468,0.9348,0.93465,0.93467,98.0,0,0.0
2025.06.02 22:05,0.93468,0.93476,0.93465,0.93466,64.0,0,0.0
2025.06.02 22:10,0.93465,0.93478,0.93465,0.93477,46.0,0,0.0
2025.06.02 22:15,0.93476,0.93479,0.93476,0.93477,36.0,0,0.0
2025.06.02 22:20,0.93478,0.93488,0.93478,0.93487,21.0,0,0.0
2025.06.02 22:25,0.93486,0.93487,0.93461,0.93466,46.0,0,0.0
2025.06.02 22:30,0.93464,0.93468,0.93455,0.93467,66.0,0,0.0
2025.06.02 22:35,0.93468,0.9347,0.93465,0.9347,43.0,0,0.0
2025.06.02 22:40,0.9347,0.9347,0.93464,0.93469,52.0,0,0.0
2025.06.02 22:45,0.93469,0.9347,0.93463,0.93466,74.0,0,0.0
2025.06.02 22:50,0.93464,0.93475,0.9346,0.93473,57.0,0,0.0
2025.06.02 22:55,0.93473,0.93489,0.93466,0.93466,177.0,0,0.0
2025.06.02 23:00,0.93421,0.93425,0.93413,0.93413,4.0,0,0.0
2025.06.02 23:05,0.93451,0.93479,0.93358,0.93358,29.0,0,0.0
2025.06.02 23:10,0.93358,0.93371,0.93358,0.93366,11.0,0,0.0
2025.06.02 23:15,0.93362,0.93391,0.9335,0.93351,48.0,0,0.0
2025.06.02 23:20,0.93369,0.93386,0.93352,0.93379,49.0,0,0.0
2025.06.02 23:25,0.93383,0.93383,0.93349,0.93352,8.0,0,0.0
2025.06.02 23:30,0.93347,0.93417,0.93347,0.93409,50.0,0,0.0
2025.06.02 23:35,0.93411,0.93411,0.93386,0.93404,10.0,0,0.0
2025.06.02 23:40,0.93404,0.93411,0.934,0.93404,23.0,0,0.0
2025.06.02 23:45,0.93411,0.93418,0.93359,0.93367,28.0,0,0.0
2025.06.02 23:50,0.93381,0.93411,0.93368,0.93406,30.0,0,0.0
2025.06.02 23:55,0.93407,0.93414,0.9337,0.93394,48.0,0,0.0
2025.06.03 00:00,0.93379,0.93468,0.93379,0.93456,143.0,0,0.0
2025.06.03 00:05,0.93458,0.93471,0.93455,0.93458,75.0,0,0.0
2025.06.03 00:10,0.93457,0.9347,0.93453,0.9347,89.0,0,0.0
2025.06.03 00:15,0.9347,0.93478,0.93464,0.93476,114.0,0,0.0
2025.06.03 00:20,0.93476,0.93476,0.93462,0.93468,137.0,0,0.0
2025.06.03 00:25,0.93469,0.93469,0.93448,0.93458,135.0,0,0.0
2025.06.03 00:30,0.93458,0.93463,0.93441,0.9345,66.0,0,0.0
2025.06.03 00:35,0.93451,0.93451,0.93447,0.93449,86.0,0,0.0
2025.06.03 00:40,0.9345,0.9345,0.93447,0.93448,58.0,0,0.0
2025.06.03 00:45,0.93449,0.93458,0.93448,0.93449,57.0,0,0.0
2025.06.03 00:50,0.93449,0.93457,0.93443,0.93455,39.0,0,0.0
2025.06.03 00:55,0.93457,0.93457,0.93441,0.93447,110.0,0,0.0
2025.06.03 01:00,0.93448,0.93464,0.93437,0.9346,93.0,0,0.0
2025.06.03 01:05,0.93459,0.93466,0.93456,0.93457,62.0,0,0.0
2025.06.03 01:10,0.93457,0.93466,0.93457,0.93465,65.0,0,0.0
2025.06.03 01:15,0.93462,0.93466,0.93457,0.9346,96.0,0,0.0
2025.06.03 01:20,0.9346,0.93464,0.93457,0.93458,73.0,0,0.0
2025.06.03 01:25,0.93459,0.93481,0.93443,0.93478,177.0,0,0.0
2025.06.03 01:30,0.93477,0.93477,0.93463,0.93463,78.0,0,0.0
2025.06.03 01:35,0.93462,0.93466,0.93456,0.9346,107.0,0,0.0
2025.06.03 01:40,0.93463,0.93467,0.93457,0.93465,155.0,0,0.0
2025.06.03 01:45,0.93464,0.93468,0.93457,0.93459,73.0,0,0.0
2025.06.03 01:50,0.93456,0.93464,0.93453,0.9346,83.0,0,0.0
2025.06.03 01:55,0.93459,0.93459,0.93444,0.93448,86.0,0,0.0
2025.06.03 02:00,0.93448,0.93461,0.93437,0.93459,154.0,0,0.0
2025.06.03 02:05,0.9346,0.93468,0.93454,0.93458,160.0,0,0.0
2025.06.03 02:10,0.93457,0.9346,0.93448,0.93457,160.0,0,0.0
2025.06.03 02:15,0.93458,0.93472,0.93453,0.93467,149.0,0,0.0
2025.06.03 02:20,0.93468,0.93469,0.93457,0.93457,140.0,0,0.0
2025.06.03 02:25,0.93458,0.93459,0.93445,0.93448,201.0,0,0.0
2025.06.03 02:30,0.93448,0.93453,0.93444,0.93451,118.0,0,0.0
2025.06.03 02:35,0.93452,0.93469,0.93445,0.93469,116.0,0,0.0
2025.06.03 02:40,0.93471,0.93476,0.9346,0.93473,160.0,0,0.0
2025.06.03 02:45,0.93473,0.93481,0.93467,0.93479,159.0,0,0.0
2025.06.03 02:50,0.9348,0.93484,0.93468,0.93484,226.0,0,0.0
2025.06.03 02:55,0.93481,0.93494,0.93477,0.93484,233.0,0,0.0
2025.06.03 03:00,0.93485,0.93486,0.9346,0.93466,213.0,0,0.0
2025.06.03 03:05,0.93465,0.93466,0.93455,0.93457,201.0,0,0.0
2025.06.03 03:10,0.93457,0.93469,0.93457,0.93464,200.0,0,0.0
2025.06.03 03:15,0.93463,0.93477,0.9346,0.93464,181.0,0,0.0
2025.06.03 03:20,0.93463,0.93486,0.93463,0.93476,219.0,0,0.0
2025.06.03 03:25,0.93475,0.93498,0.93475,0.93491,167.0,0,0.0
2025.06.03 03:30,0.93492,0.93516,0.93486,0.93515,197.0,0,0.0
2025.06.03 03:35,0.93515,0.93523,0.93507,0.9352,197.0,0,0.0
2025.06.03 03:40,0.9352,0.93527,0.93509,0.93521,184.0,0,0.0
2025.06.03 03:45,0.9352,0.93529,0.93505,0.93505,175.0,0,0.0
2025.06.03 03:50,0.93505,0.93516,0.93504,0.93507,153.0,0,0.0
2025.06.03 03:55,0.93507,0.9351,0.935,0.93502,211.0,0,0.0
2025.06.03 04:00,0.93501,0.93507,0.93483,0.93491,179.0,0,0.0
2025.06.03 04:05,0.9349,0.93499,0.93489,0.93491,130.0,0,0.0
2025.06.03 04:10,0.9349,0.93498,0.9348,0.93488,147.0,0,0.0
2025.06.03 04:15,0.93488,0.93492,0.93473,0.93486,143.0,0,0.0
2025.06.03 04:20,0.93487,0.93489,0.9347,0.9348,142.0,0,0.0
2025.06.03 04:25,0.93482,0.93486,0.93479,0.93479,132.0,0,0.0
2025.06.03 04:30,0.93479,0.9348,0.93468,0.93478,150.0,0,0.0
2025.06.03 04:35,0.93478,0.93485,0.93477,0.93482,135.0,0,0.0
2025.06.03 04:40,0.93481,0.93486,0.93478,0.93485,114.0,0,0.0
2025.06.03 04:45,0.93486,0.93504,0.93482,0.93502,116.0,0,0.0
2025.06.03 04:50,0.93501,0.93515,0.93501,0.93508,134.0,0,0.0
2025.06.03 04:55,0.93509,0.93509,0.935,0.935,109.0,0,0.0
2025.06.03 05:00,0.935,0.93512,0.935,0.9351,134.0,0,0.0
2025.06.03 05:05,0.93509,0.93515,0.93505,0.93507,92.0,0,0.0
2025.06.03 05:10,0.93505,0.93509,0.93502,0.93503,98.0,0,0.0
2025.06.03 05:15,0.93503,0.93511,0.935,0.935,96.0,0,0.0
2025.06.03 05:20,0.93499,0.935,0.93473,0.93474,81.0,0,0.0
2025.06.03 05:25,0.93475,0.93477,0.93465,0.93469,104.0,0,0.0
2025.06.03 05:30,0.93468,0.93472,0.93467,0.93468,126.0,0,0.0
2025.06.03 05:35,0.93469,0.93482,0.93467,0.93472,121.0,0,0.0
2025.06.03 05:40,0.93473,0.93482,0.93467,0.9348,115.0,0,0.0
2025.06.03 05:45,0.93481,0.93483,0.93475,0.93478,102.0,0,0.0
2025.06.03 05:50,0.93476,0.93478,0.93465,0.93469,67.0,0,0.0
2025.06.03 05:55,0.93468,0.93478,0.93468,0.93472,117.0,0,0.0
2025.06.03 06:00,0.93473,0.93474,0.93466,0.93467,87.0,0,0.0
2025.06.03 06:05,0.93466,0.9347,0.93464,0.93466,79.0,0,0.0
2025.06.03 06:10,0.93467,0.93469,0.93464,0.93464,58.0,0,0.0
2025.06.03 06:15,0.93463,0.93469,0.93462,0.93465,49.0,0,0.0
2025.06.03 06:20,0.93466,0.93468,0.93462,0.93464,25.0,0,0.0
2025.06.03 06:25,0.93465,0.93465,0.9345,0.93451,58.0,0,0.0
2025.06.03 06:30,0.9345,0.93454,0.93442,0.93444,94.0,0,0.0
2025.06.03 06:35,0.93443,0.93454,0.93443,0.93453,64.0,0,0.0
2025.06.03 06:40,0.93451,0.93451,0.93441,0.93442,56.0,0,0.0
2025.06.03 06:45,0.93437,0.9345,0.93437,0.93447,98.0,0,0.0
2025.06.03 06:50,0.93445,0.93447,0.9344,0.93442,75.0,0,0.0
2025.06.03 06:55,0.93441,0.93445,0.93436,0.93439,117.0,0,0.0
2025.06.03 07:00,0.93438,0.9345,0.93433,0.93435,181.0,0,0.0
2025.06.03 07:05,0.93434,0.93439,0.93428,0.93431,121.0,0,0.0
2025.06.03 07:10,0.93429,0.93435,0.9342,0.93423,152.0,0,0.0
2025.06.03 07:15,0.93422,0.93425,0.93417,0.9342,115.0,0,0.0
2025.06.03 07:20,0.9342,0.93428,0.93416,0.93417,157.0,0,0.0
2025.06.03 07:25,0.93418,0.9342,0.93407,0.93411,144.0,0,0.0
2025.06.03 07:30,0.9341,0.93422,0.93407,0.93413,98.0,0,0.0
2025.06.03 07:35,0.93412,0.9342,0.93411,0.93416,135.0,0,0.0
2025.06.03 07:40,0.93416,0.93419,0.9341,0.93415,118.0,0,0.0
2025.06.03 07:45,0.93414,0.93424,0.93407,0.93414,138.0,0,0.0
2025.06.03 07:50,0.93413,0.93424,0.93405,0.9342,138.0,0,0.0
2025.06.03 07:55,0.93421,0.93424,0.93413,0.93419,151.0,0,0.0
2025.06.03 08:00,0.93418,0.93422,0.93404,0.93405,252.0,0,0.0
2025.06.03 08:05,0.93408,0.93428,0.93406,0.93426,154.0,0,0.0
2025.06.03 08:10,0.93424,0.93427,0.93418,0.93422,183.0,0,0.0
2025.06.03 08:15,0.93421,0.93432,0.93418,0.93424,196.0,0,0.0
2025.06.03 08:20,0.93423,0.93425,0.93412,0.9342,215.0,0,0.0
2025.06.03 08:25,0.93421,0.93432,0.93375,0.93375,181.0,0,0.0
2025.06.03 08:30,0.9338,0.93449,0.9338,0.93439,218.0,0,0.0
2025.06.03 08:35,0.9344,0.93451,0.9344,0.93447,165.0,0,0.0
2025.06.03 08:40,0.9345,0.93474,0.93447,0.93471,186.0,0,0.0
2025.06.03 08:45,0.93473,0.93507,0.93473,0.93507,182.0,0,0.0
2025.06.03 08:50,0.93507,0.93514,0.93499,0.93508,186.0,0,0.0
2025.06.03 08:55,0.93506,0.9351,0.935,0.93504,192.0,0,0.0
2025.06.03 09:00,0.93503,0.93506,0.9347,0.93477,242.0,0,0.0
2025.06.03 09:05,0.93478,0.93483,0.93446,0.93453,207.0,0,0.0
2025.06.03 09:10,0.93453,0.93453,0.93434,0.93435,208.0,0,0.0
2025.06.03 09:15,0.93436,0.93442,0.93429,0.93434,209.0,0,0.0
2025.06.03 09:20,0.93435,0.93435,0.9338,0.9338,242.0,0,0.0
2025.06.03 09:25,0.93378,0.93412,0.93359,0.93406,222.0,0,0.0
2025.06.03 09:30,0.93405,0.93435,0.93394,0.93418,227.0,0,0.0
2025.06.03 09:35,0.93418,0.93418,0.93391,0.93394,210.0,0,0.0
2025.06.03 09:40,0.93394,0.93395,0.93371,0.93386,224.0,0,0.0
2025.06.03 09:45,0.93386,0.934,0.93359,0.93359,178.0,0,0.0
2025.06.03 09:50,0.93385,0.93389,0.93357,0.93358,172.0,0,0.0
2025.06.03 09:55,0.93357,0.93365,0.93338,0.93358,197.0,0,0.0
2025.06.03 10:00,0.93357,0.93362,0.93335,0.93359,247.0,0,0.0
2025.06.03 10:05,0.93358,0.93362,0.93344,0.93355,253.0,0,0.0
2025.06.03 10:10,0.93355,0.93355,0.93338,0.93341,198.0,0,0.0
2025.06.03 10:15,0.93339,0.93347,0.93329,0.93331,245.0,0,0.0
2025.06.03 10:20,0.93331,0.93349,0.93328,0.93345,207.0,0,0.0
2025.06.03 10:25,0.93343,0.93373,0.93343,0.9337,222.0,0,0.0
2025.06.03 10:30,0.9337,0.93381,0.93365,0.93379,186.0,0,0.0
2025.06.03 10:35,0.9338,0.9341,0.93379,0.9341,196.0,0,0.0
2025.06.03 10:40,0.9341,0.93444,0.93395,0.93439,173.0,0,0.0
2025.06.03 10:45,0.93438,0.93448,0.93426,0.93447,173.0,0,0.0
2025.06.03 10:50,0.93446,0.9345,0.93425,0.93429,172.0,0,0.0
2025.06.03 10:55,0.93428,0.93448,0.93348,0.93348,153.0,0,0.0
2025.06.03 11:00,0.93427,0.9346,0.93417,0.93424,291.0,0,0.0
2025.06.03 11:05,0.93423,0.93431,0.93418,0.9343,193.0,0,0.0
2025.06.03 11:10,0.9343,0.93444,0.93423,0.93434,211.0,0,0.0
2025.06.03 11:15,0.93435,0.9344,0.93416,0.93424,197.0,0,0.0
2025.06.03 11:20,0.93425,0.9343,0.93402,0.9343,181.0,0,0.0
2025.06.03 11:25,0.9343,0.9345,0.93425,0.93434,159.0,0,0.0
2025.06.03 11:30,0.93433,0.93437,0.93418,0.93433,211.0,0,0.0
2025.06.03 11:35,0.93434,0.9344,0.93427,0.93437,159.0,0,0.0
2025.06.03 11:40,0.93436,0.93437,0.93423,0.93429,162.0,0,0.0
2025.06.03 11:45,0.93427,0.93428,0.93411,0.93412,133.0,0,0.0
2025.06.03 11:50,0.93412,0.93419,0.93411,0.93411,122.0,0,0.0
2025.06.03 11:55,0.93412,0.93425,0.93411,0.93413,185.0,0,0.0
2025.06.03 12:00,0.93414,0.93433,0.93409,0.93411,204.0,0,0.0
2025.06.03 12:05,0.93408,0.93414,0.93404,0.93406,203.0,0,0.0
2025.06.03 12:10,0.93407,0.93416,0.93398,0.93406,179.0,0,0.0
2025.06.03 12:15,0.93405,0.9341,0.93399,0.93407,94.0,0,0.0
2025.06.03 12:20,0.93408,0.9342,0.93405,0.93407,116.0,0,0.0
2025.06.03 12:25,0.93407,0.93422,0.93406,0.93419,166.0,0,0.0
2025.06.03 12:30,0.93419,0.93469,0.93419,0.93463,213.0,0,0.0
2025.06.03 12:35,0.93463,0.93477,0.93449,0.93476,184.0,0,0.0
2025.06.03 12:40,0.93476,0.93497,0.93475,0.93481,167.0,0,0.0
2025.06.03 12:45,0.93482,0.93487,0.93448,0.93458,166.0,0,0.0
2025.06.03 12:50,0.93457,0.93465,0.93441,0.93453,180.0,0,0.0
2025.06.03 12:55,0.93453,0.93491,0.93453,0.93478,212.0,0,0.0
2025.06.03 13:00,0.93479,0.93487,0.93462,0.93481,210.0,0,0.0
2025.06.03 13:05,0.93483,0.93521,0.93471,0.93511,231.0,0,0.0
2025.06.03 13:10,0.93511,0.93526,0.93507,0.93521,213.0,0,0.0
2025.06.03 13:15,0.9352,0.93526,0.93509,0.93523,221.0,0,0.0
2025.06.03 13:20,0.93522,0.93543,0.93512,0.93543,208.0,0,0.0
2025.06.03 13:25,0.93543,0.93562,0.93542,0.93543,189.0,0,0.0
2025.06.03 13:30,0.93542,0.93553,0.93528,0.93529,206.0,0,0.0
2025.06.03 13:35,0.93529,0.93535,0.93518,0.93527,179.0,0,0.0
2025.06.03 13:40,0.93526,0.93547,0.93524,0.9354,200.0,0,0.0
2025.06.03 13:45,0.93539,0.93542,0.93526,0.93528,151.0,0,0.0
2025.06.03 13:50,0.93528,0.93528,0.93499,0.93508,240.0,0,0.0
2025.06.03 13:55,0.93507,0.93528,0.93505,0.93528,219.0,0,0.0
2025.06.03 14:00,0.93529,0.93556,0.93526,0.93526,249.0,0,0.0
2025.06.03 14:05,0.93527,0.93572,0.93526,0.93572,192.0,0,0.0
2025.06.03 14:10,0.93572,0.93589,0.93548,0.9356,250.0,0,0.0
2025.06.03 14:15,0.93561,0.93582,0.93558,0.93571,258.0,0,0.0
2025.06.03 14:20,0.93572,0.93617,0.93572,0.93615,219.0,0,0.0
2025.06.03 14:25,0.93614,0.93627,0.93601,0.93607,198.0,0,0.0
2025.06.03 14:30,0.93609,0.93646,0.93598,0.93643,237.0,0,0.0
2025.06.03 14:35,0.93643,0.93643,0.93594,0.93605,242.0,0,0.0
2025.06.03 14:40,0.93601,0.93616,0.93592,0.93614,234.0,0,0.0
2025.06.03 14:45,0.93616,0.93643,0.93614,0.93622,238.0,0,0.0
2025.06.03 14:50,0.93623,0.93656,0.93608,0.93651,255.0,0,0.0
2025.06.03 14:55,0.93653,0.93695,0.93652,0.93682,275.0,0,0.0
2025.06.03 15:00,0.93682,0.93707,0.93678,0.93695,246.0,0,0.0
2025.06.03 15:05,0.93694,0.93708,0.93659,0.93668,213.0,0,0.0
2025.06.03 15:10,0.93669,0.93677,0.93622,0.93622,256.0,0,0.0
2025.06.03 15:15,0.93623,0.93625,0.93578,0.93582,208.0,0,0.0
2025.06.03 15:20,0.93584,0.93618,0.93578,0.93609,230.0,0,0.0
2025.06.03 15:25,0.93609,0.93629,0.936,0.93622,224.0,0,0.0
2025.06.03 15:30,0.93623,0.93681,0.93623,0.93673,304.0,0,0.0
2025.06.03 15:35,0.93674,0.93697,0.93658,0.93695,252.0,0,0.0
2025.06.03 15:40,0.93695,0.93713,0.93681,0.93708,234.0,0,0.0
2025.06.03 15:45,0.93709,0.93724,0.93699,0.93705,245.0,0,0.0
2025.06.03 15:50,0.93706,0.93716,0.93692,0.93716,220.0,0,0.0
2025.06.03 15:55,0.93714,0.93742,0.93685,0.93685,230.0,0,0.0
2025.06.03 16:00,0.9366,0.93809,0.9366,0.93749,361.0,0,0.0
2025.06.03 16:05,0.93748,0.93759,0.93709,0.93746,338.0,0,0.0
2025.06.03 16:10,0.93745,0.93762,0.93713,0.93728,288.0,0,0.0
2025.06.03 16:15,0.93726,0.93736,0.93692,0.9371,289.0,0,0.0
2025.06.03 16:20,0.93709,0.93754,0.93709,0.93753,243.0,0,0.0
2025.06.03 16:25,0.93753,0.93778,0.93737,0.9377,247.0,0,0.0
2025.06.03 16:30,0.93769,0.93772,0.93746,0.93749,257.0,0,0.0
2025.06.03 16:35,0.93749,0.93751,0.937,0.93715,231.0,0,0.0
2025.06.03 16:40,0.93719,0.9372,0.93696,0.93718,187.0,0,0.0
2025.06.03 16:45,0.93718,0.93735,0.93717,0.93727,211.0,0,0.0
2025.06.03 16:50,0.93726,0.93738,0.93719,0.93736,185.0,0,0.0
2025.06.03 16:55,0.93735,0.93778,0.93735,0.93768,232.0,0,0.0
2025.06.03 17:00,0.93769,0.93769,0.93742,0.93748,274.0,0,0.0
2025.06.03 17:05,0.93747,0.93763,0.93741,0.93746,207.0,0,0.0
2025.06.03 17:10,0.93746,0.93746,0.93722,0.93729,195.0,0,0.0
2025.06.03 17:15,0.93728,0.93732,0.93715,0.9372,212.0,0,0.0
2025.06.03 17:20,0.9372,0.93725,0.93692,0.93703,191.0,0,0.0
2025.06.03 17:25,0.93701,0.93706,0.93689,0.93693,172.0,0,0.0
2025.06.03 17:30,0.93692,0.93714,0.93686,0.93708,196.0,0,0.0
2025.06.03 17:35,0.93708,0.93719,0.93701,0.93718,182.0,0,0.0
2025.06.03 17:40,0.93719,0.93757,0.93715,0.93736,204.0,0,0.0
2025.06.03 17:45,0.93735,0.9377,0.9373,0.93758,199.0,0,0.0
2025.06.03 17:50,0.93758,0.93765,0.9374,0.93764,239.0,0,0.0
2025.06.03 17:55,0.93765,0.93768,0.93728,0.93735,183.0,0,0.0
2025.06.03 18:00,0.93736,0.93739,0.93721,0.93734,177.0,0,0.0
2025.06.03 18:05,0.93736,0.93739,0.93722,0.93725,168.0,0,0.0
2025.06.03 18:10,0.93724,0.93731,0.93719,0.93729,137.0,0,0.0
2025.06.03 18:15,0.93728,0.93736,0.93727,0.93732,89.0,0,0.0
2025.06.03 18:20,0.93731,0.93733,0.93726,0.93732,129.0,0,0.0
2025.06.03 18:25,0.93731,0.93733,0.93717,0.93727,166.0,0,0.0
2025.06.03 18:30,0.93729,0.93731,0.93716,0.93726,221.0,0,0.0
2025.06.03 18:35,0.93726,0.93729,0.93713,0.9372,168.0,0,0.0
2025.06.03 18:40,0.93719,0.93728,0.9371,0.93719,165.0,0,0.0
2025.06.03 18:45,0.93717,0.93727,0.93691,0.93702,202.0,0,0.0
2025.06.03 18:50,0.93701,0.93708,0.93696,0.93708,127.0,0,0.0
2025.06.03 18:55,0.93707,0.93712,0.93701,0.93703,170.0,0,0.0
2025.06.03 19:00,0.93702,0.93717,0.93702,0.93717,172.0,0,0.0
2025.06.03 19:05,0.93716,0.93725,0.93702,0.93705,129.0,0,0.0
2025.06.03 19:10,0.93706,0.93725,0.93705,0.93717,173.0,0,0.0
2025.06.03 19:15,0.93718,0.93725,0.93715,0.93723,137.0,0,0.0
2025.06.03 19:20,0.93724,0.93726,0.93717,0.93718,123.0,0,0.0
2025.06.03 19:25,0.93718,0.93719,0.93706,0.93707,114.0,0,0.0
2025.06.03 19:30,0.93708,0.93718,0.93708,0.93718,121.0,0,0.0
2025.06.03 19:35,0.93718,0.93723,0.93707,0.93721,118.0,0,0.0
2025.06.03 19:40,0.93721,0.93725,0.93711,0.93714,113.0,0,0.0
2025.06.03 19:45,0.93715,0.93725,0.93715,0.9372,128.0,0,0.0
2025.06.03 19:50,0.9372,0.9372,0.9371,0.93711,109.0,0,0.0
2025.06.03 19:55,0.93712,0.93712,0.93685,0.93685,168.0,0,0.0
2025.06.03 20:00,0.93683,0.93686,0.93673,0.93684,127.0,0,0.0
2025.06.03 20:05,0.93685,0.93687,0.93672,0.93673,83.0,0,0.0
2025.06.03 20:10,0.93674,0.93674,0.93664,0.93665,70.0,0,0.0
2025.06.03 20:15,0.93664,0.93672,0.93656,0.93666,78.0,0,0.0
2025.06.03 20:20,0.93665,0.93668,0.93661,0.93661,59.0,0,0.0
2025.06.03 20:25,0.93662,0.93672,0.9366,0.93672,73.0,0,0.0
2025.06.03 20:30,0.93671,0.93679,0.9367,0.93672,57.0,0,0.0
2025.06.03 20:35,0.93671,0.93671,0.93659,0.93663,65.0,0,0.0
2025.06.03 20:40,0.93664,0.93665,0.93659,0.93663,78.0,0,0.0
2025.06.03 20:45,0.93662,0.93671,0.93661,0.93669,92.0,0,0.0
2025.06.03 20:50,0.93668,0.93671,0.93663,0.93666,85.0,0,0.0
2025.06.03 20:55,0.93667,0.93694,0.93663,0.93692,117.0,0,0.0
2025.06.03 21:00,0.93691,0.93692,0.93678,0.9368,112.0,0,0.0
2025.06.03 21:05,0.93681,0.93683,0.93676,0.9368,58.0,0,0.0
2025.06.03 21:10,0.93679,0.93682,0.93673,0.9368,57.0,0,0.0
2025.06.03 21:15,0.93679,0.93685,0.93678,0.93682,38.0,0,0.0
2025.06.03 21:20,0.93681,0.9369,0.9368,0.9369,64.0,0,0.0
2025.06.03 21:25,0.93691,0.93693,0.93688,0.9369,32.0,0,0.0
2025.06.03 21:30,0.93691,0.93697,0.93689,0.93697,52.0,0,0.0
2025.06.03 21:35,0.93696,0.93705,0.93696,0.93702,39.0,0,0.0
2025.06.03 21:40,0.937,0.93702,0.93689,0.93689,71.0,0,0.0
2025.06.03 21:45,0.93688,0.93693,0.93683,0.93683,61.0,0,0.0
2025.06.03 21:50,0.93682,0.93702,0.93681,0.93702,52.0,0,0.0
2025.06.03 21:55,0.937,0.93706,0.93678,0.93694,75.0,0,0.0
2025.06.03 22:00,0.93693,0.93693,0.93682,0.93685,61.0,0,0.0
2025.06.03 22:05,0.93686,0.9371,0.93684,0.93708,62.0,0,0.0
2025.06.03 22:10,0.93707,0.93708,0.93704,0.93708,27.0,0,0.0
2025.06.03 22:15,0.93707,0.93708,0.93694,0.93694,33.0,0,0.0
2025.06.03 22:20,0.93693,0.93694,0.93688,0.93693,37.0,0,0.0
2025.06.03 22:25,0.93692,0.93702,0.93685,0.93694,58.0,0,0.0
2025.06.03 22:30,0.93693,0.93694,0.93689,0.93692,89.0,0,0.0
2025.06.03 22:35,0.93692,0.93696,0.93688,0.93696,62.0,0,0.0
2025.06.03 22:40,0.937,0.93704,0.93699,0.93703,68.0,0,0.0
2025.06.03 22:45,0.93703,0.93704,0.93701,0.93702,64.0,0,0.0
2025.06.03 22:50,0.93701,0.93701,0.93686,0.9369,62.0,0,0.0
2025.06.03 22:55,0.9369,0.93696,0.93656,0.93656,304.0,0,0.0
2025.06.03 23:00,0.9367,0.93674,0.93664,0.93664,3.0,0,0.0
2025.06.03 23:05,0.93663,0.93664,0.93611,0.93611,20.0,0,0.0
2025.06.03 23:10,0.93608,0.93636,0.93596,0.93596,12.0,0,0.0
2025.06.03 23:15,0.93605,0.93647,0.93599,0.9361,16.0,0,0.0
2025.06.03 23:20,0.93572,0.93629,0.93572,0.93603,22.0,0,0.0
2025.06.03 23:25,0.93595,0.93595,0.93589,0.93589,4.0,0,0.0
2025.06.03 23:30,0.93605,0.93617,0.93593,0.93597,11.0,0,0.0
2025.06.03 23:35,0.93609,0.93617,0.93599,0.93609,11.0,0,0.0
2025.06.03 23:40,0.9362,0.9362,0.93591,0.93612,11.0,0,0.0
2025.06.03 23:45,0.93612,0.93633,0.93597,0.93633,14.0,0,0.0
2025.06.03 23:50,0.93633,0.93638,0.9362,0.93625,14.0,0,0.0
2025.06.03 23:55,0.93633,0.93635,0.93618,0.93635,13.0,0,0.0
2025.06.04 00:00,0.93635,0.93681,0.93635,0.93678,55.0,0,0.0
2025.06.04 00:05,0.9368,0.93683,0.93671,0.93681,80.0,0,0.0
2025.06.04 00:10,0.93677,0.93692,0.93677,0.93684,70.0,0,0.0
2025.06.04 00:15,0.93683,0.93686,0.93682,0.93683,70.0,0,0.0
2025.06.04 00:20,0.93685,0.93686,0.93679,0.93683,45.0,0,0.0
2025.06.04 00:25,0.93685,0.93689,0.93681,0.93682,61.0,0,0.0
2025.06.04 00:30,0.93681,0.93693,0.93673,0.93693,78.0,0,0.0
2025.06.04 00:35,0.93692,0.93694,0.93683,0.93683,80.0,0,0.0
2025.06.04 00:40,0.93684,0.93693,0.93682,0.93683,99.0,0,0.0
2025.06.04 00:45,0.93692,0.93694,0.93682,0.93683,51.0,0,0.0
2025.06.04 00:50,0.93686,0.93696,0.93683,0.93694,42.0,0,0.0
2025.06.04 00:55,0.93695,0.93698,0.93693,0.93693,63.0,0,0.0
2025.06.04 01:00,0.93693,0.93694,0.93681,0.93684,65.0,0,0.0
2025.06.04 01:05,0.93683,0.93683,0.93671,0.93674,62.0,0,0.0
2025.06.04 01:10,0.93674,0.93692,0.93674,0.93686,87.0,0,0.0
2025.06.04 01:15,0.93685,0.93694,0.93685,0.9369,80.0,0,0.0
2025.06.04 01:20,0.93688,0.93695,0.93688,0.93693,51.0,0,0.0
2025.06.04 01:25,0.93693,0.93696,0.93689,0.93691,37.0,0,0.0
2025.06.04 01:30,0.93691,0.93694,0.93689,0.93691,53.0,0,0.0
2025.06.04 01:35,0.93691,0.93694,0.93684,0.93686,64.0,0,0.0
2025.06.04 01:40,0.93686,0.93687,0.93674,0.93684,92.0,0,0.0
2025.06.04 01:45,0.93685,0.93691,0.93675,0.93682,157.0,0,0.0
2025.06.04 01:50,0.93681,0.93684,0.93672,0.93674,181.0,0,0.0
2025.06.04 01:55,0.93674,0.93684,0.93674,0.93682,181.0,0,0.0
2025.06.04 02:00,0.93681,0.93719,0.93676,0.93687,187.0,0,0.0
2025.06.04 02:05,0.93688,0.93699,0.93688,0.93695,216.0,0,0.0
2025.06.04 02:10,0.93697,0.93702,0.93682,0.93684,193.0,0,0.0
2025.06.04 02:15,0.93684,0.93694,0.9368,0.93684,185.0,0,0.0
2025.06.04 02:20,0.93684,0.93688,0.93671,0.93687,196.0,0,0.0
2025.06.04 02:25,0.93687,0.93693,0.93682,0.93689,197.0,0,0.0
2025.06.04 02:30,0.93688,0.93694,0.93677,0.93678,155.0,0,0.0
2025.06.04 02:35,0.93679,0.93691,0.93679,0.93684,120.0,0,0.0
2025.06.04 02:40,0.93684,0.9369,0.93681,0.93687,160.0,0,0.0
2025.06.04 02:45,0.93688,0.93696,0.93685,0.93691,145.0,0,0.0
2025.06.04 02:50,0.93691,0.93705,0.93686,0.93704,218.0,0,0.0
2025.06.04 02:55,0.93711,0.9373,0.93706,0.93722,245.0,0,0.0
2025.06.04 03:00,0.93723,0.93746,0.93715,0.93721,239.0,0,0.0
2025.06.04 03:05,0.93722,0.93734,0.93703,0.93711,245.0,0,0.0
2025.06.04 03:10,0.93709,0.93715,0.937,0.937,186.0,0,0.0
2025.06.04 03:15,0.93699,0.93714,0.93699,0.93702,172.0,0,0.0
2025.06.04 03:20,0.93703,0.93706,0.93694,0.93705,193.0,0,0.0
2025.06.04 03:25,0.93704,0.93704,0.93665,0.93665,161.0,0,0.0
2025.06.04 03:30,0.93665,0.93695,0.93665,0.93691,186.0,0,0.0
2025.06.04 03:35,0.93691,0.93704,0.93688,0.93697,199.0,0,0.0
2025.06.04 03:40,0.93698,0.93703,0.93694,0.93702,162.0,0,0.0
2025.06.04 03:45,0.93703,0.93703,0.93693,0.93698,157.0,0,0.0
2025.06.04 03:50,0.93699,0.93701,0.9369,0.93697,152.0,0,0.0
2025.06.04 03:55,0.93696,0.93699,0.93692,0.93698,140.0,0,0.0
2025.06.04 04:00,0.93699,0.93702,0.93691,0.93692,145.0,0,0.0
2025.06.04 04:05,0.93692,0.93695,0.93683,0.93691,167.0,0,0.0
2025.06.04 04:10,0.9369,0.937,0.93683,0.93688,136.0,0,0.0
2025.06.04 04:15,0.93687,0.93692,0.93679,0.93689,129.0,0,0.0
2025.06.04 04:20,0.9369,0.9369,0.93681,0.93688,135.0,0,0.0
2025.06.04 04:25,0.93689,0.9369,0.93686,0.93688,110.0,0,0.0
2025.06.04 04:30,0.93686,0.93689,0.93681,0.93686,113.0,0,0.0
2025.06.04 04:35,0.93685,0.93686,0.93674,0.93676,114.0,0,0.0
2025.06.04 04:40,0.93675,0.93678,0.93666,0.93672,136.0,0,0.0
2025.06.04 04:45,0.93673,0.93679,0.93669,0.93674,133.0,0,0.0
2025.06.04 04:50,0.93672,0.93676,0.93666,0.93669,125.0,0,0.0
2025.06.04 04:55,0.9367,0.9367,0.9366,0.93665,123.0,0,0.0
2025.06.04 05:00,0.93665,0.9367,0.93659,0.93665,127.0,0,0.0
2025.06.04 05:05,0.93666,0.93672,0.9366,0.93664,108.0,0,0.0
2025.06.04 05:10,0.93663,0.9367,0.93657,0.93668,89.0,0,0.0
2025.06.04 05:15,0.93671,0.93683,0.93671,0.93675,70.0,0,0.0
2025.06.04 05:20,0.93676,0.93684,0.9367,0.93682,92.0,0,0.0
2025.06.04 05:25,0.93683,0.93686,0.93678,0.93678,106.0,0,0.0
2025.06.04 05:30,0.93679,0.93685,0.9366,0.93664,202.0,0,0.0
2025.06.04 05:35,0.93664,0.93673,0.93663,0.93666,122.0,0,0.0
2025.06.04 05:40,0.93667,0.93692,0.93644,0.93692,188.0,0,0.0
2025.06.04 05:45,0.93691,0.93692,0.93661,0.9367,176.0,0,0.0
2025.06.04 05:50,0.93669,0.93695,0.93669,0.93694,138.0,0,0.0
2025.06.04 05:55,0.93693,0.93698,0.93691,0.93692,141.0,0,0.0
2025.06.04 06:00,0.93693,0.93714,0.93685,0.9371,160.0,0,0.0
2025.06.04 06:05,0.93708,0.93726,0.93707,0.93724,119.0,0,0.0
2025.06.04 06:10,0.93723,0.93726,0.93719,0.93725,85.0,0,0.0
2025.06.04 06:15,0.93724,0.93725,0.93705,0.93706,109.0,0,0.0
2025.06.04 06:20,0.93706,0.93713,0.93704,0.93708,110.0,0,0.0
2025.06.04 06:25,0.93709,0.93713,0.93697,0.93705,113.0,0,0.0
2025.06.04 06:30,0.93706,0.93708,0.93696,0.93697,92.0,0,0.0
2025.06.04 06:35,0.93696,0.93704,0.93694,0.93698,90.0,0,0.0
2025.06.04 06:40,0.93702,0.93705,0.93696,0.937,79.0,0,0.0
2025.06.04 06:45,0.93699,0.93699,0.93691,0.93691,101.0,0,0.0
2025.06.04 06:50,0.9369,0.93695,0.93684,0.93693,169.0,0,0.0
2025.06.04 06:55,0.93692,0.93702,0.93691,0.93697,128.0,0,0.0
2025.06.04 07:00,0.93698,0.9371,0.93694,0.93704,157.0,0,0.0
2025.06.04 07:05,0.93705,0.93715,0.93703,0.93714,111.0,0,0.0
2025.06.04 07:10,0.93713,0.93714,0.93713,0.93714,48.0,0,0.0
2025.06.04 07:15,0.93713,0.93714,0.93699,0.93703,95.0,0,0.0
2025.06.04 07:20,0.93704,0.93706,0.93697,0.93702,101.0,0,0.0
2025.06.04 07:25,0.937,0.93704,0.93697,0.93701,56.0,0,0.0
2025.06.04 07:30,0.937,0.93709,0.93681,0.93688,108.0,0,0.0
2025.06.04 07:35,0.93685,0.93704,0.93684,0.93689,226.0,0,0.0
2025.06.04 07:40,0.9369,0.937,0.93689,0.93699,187.0,0,0.0
2025.06.04 07:45,0.93698,0.93709,0.93695,0.93696,119.0,0,0.0
2025.06.04 07:50,0.93697,0.937,0.93661,0.93666,151.0,0,0.0
2025.06.04 07:55,0.93666,0.93684,0.93644,0.93647,214.0,0,0.0
2025.06.04 08:00,0.93646,0.9366,0.93644,0.93654,268.0,0,0.0
2025.06.04 08:05,0.93655,0.93657,0.93644,0.93645,233.0,0,0.0
2025.06.04 08:10,0.93643,0.93644,0.9363,0.93637,256.0,0,0.0
2025.06.04 08:15,0.93638,0.93654,0.93623,0.93634,251.0,0,0.0
2025.06.04 08:20,0.93633,0.93633,0.93617,0.93626,187.0,0,0.0
2025.06.04 08:25,0.93624,0.93632,0.9362,0.93623,226.0,0,0.0
2025.06.04 08:30,0.93622,0.93635,0.93618,0.93633,218.0,0,0.0
2025.06.04 08:35,0.93634,0.93639,0.93623,0.93624,230.0,0,0.0
2025.06.04 08:40,0.93623,0.93626,0.93619,0.93623,194.0,0,0.0
2025.06.04 08:45,0.93624,0.93632,0.93622,0.93624,190.0,0,0.0
2025.06.04 08:50,0.93625,0.93638,0.93618,0.93634,171.0,0,0.0
2025.06.04 08:55,0.93635,0.93654,0.93631,0.93638,259.0,0,0.0
2025.06.04 09:00,0.9364,0.93642,0.93614,0.93629,238.0,0,0.0
2025.06.04 09:05,0.9363,0.93653,0.93629,0.93649,228.0,0,0.0
2025.06.04 09:10,0.93649,0.93679,0.93643,0.93672,205.0,0,0.0
2025.06.04 09:15,0.9367,0.93704,0.93658,0.93703,158.0,0,0.0
2025.06.04 09:20,0.93704,0.93773,0.93691,0.93762,214.0,0,0.0
2025.06.04 09:25,0.93764,0.93764,0.93734,0.93744,222.0,0,0.0
2025.06.04 09:30,0.93749,0.93756,0.93734,0.93734,225.0,0,0.0
2025.06.04 09:35,0.93734,0.93738,0.93716,0.9372,210.0,0,0.0
2025.06.04 09:40,0.9372,0.93747,0.93719,0.93746,217.0,0,0.0
2025.06.04 09:45,0.93746,0.93754,0.93736,0.93751,222.0,0,0.0
2025.06.04 09:50,0.93752,0.93761,0.93744,0.93746,275.0,0,0.0
2025.06.04 09:55,0.93744,0.93791,0.93732,0.93733,304.0,0,0.0
2025.06.04 10:00,0.93731,0.93762,0.93731,0.93762,284.0,0,0.0
2025.06.04 10:05,0.93761,0.93763,0.93743,0.93743,215.0,0,0.0
2025.06.04 10:10,0.93742,0.93755,0.93736,0.93737,212.0,0,0.0
2025.06.04 10:15,0.93736,0.9375,0.93731,0.93731,192.0,0,0.0
2025.06.04 10:20,0.93731,0.93745,0.93727,0.9373,197.0,0,0.0
2025.06.04 10:25,0.93728,0.93739,0.93722,0.93723,145.0,0,0.0
2025.06.04 10:30,0.93724,0.9374,0.93716,0.93731,257.0,0,0.0
2025.06.04 10:35,0.9373,0.93735,0.93714,0.93717,202.0,0,0.0
2025.06.04 10:40,0.93716,0.93732,0.93716,0.93732,197.0,0,0.0
2025.06.04 10:45,0.93731,0.93738,0.93719,0.9372,178.0,0,0.0
2025.06.04 10:50,0.93721,0.93729,0.93711,0.93721,200.0,0,0.0
2025.06.04 10:55,0.93722,0.93727,0.93712,0.9372,236.0,0,0.0
2025.06.04 11:00,0.93721,0.93747,0.93719,0.93744,256.0,0,0.0
2025.06.04 11:05,0.93743,0.93745,0.93714,0.93733,249.0,0,0.0
2025.06.04 11:10,0.93732,0.93736,0.93722,0.93728,236.0,0,0.0
2025.06.04 11:15,0.93728,0.93739,0.93725,0.93726,218.0,0,0.0
2025.06.04 11:20,0.93725,0.93731,0.93717,0.93721,154.0,0,0.0
2025.06.04 11:25,0.93723,0.93753,0.93716,0.93751,254.0,0,0.0
2025.06.04 11:30,0.93751,0.93755,0.93734,0.93753,238.0,0,0.0
2025.06.04 11:35,0.93752,0.93753,0.93733,0.93737,190.0,0,0.0
2025.06.04 11:40,0.93737,0.93747,0.93731,0.93743,206.0,0,0.0
2025.06.04 11:45,0.93743,0.93782,0.93743,0.93782,218.0,0,0.0
2025.06.04 11:50,0.93781,0.93791,0.93775,0.93786,177.0,0,0.0
2025.06.04 11:55,0.93787,0.93787,0.9376,0.9377,152.0,0,0.0
2025.06.04 12:00,0.93771,0.93796,0.93759,0.9377,217.0,0,0.0
2025.06.04 12:05,0.93768,0.93768,0.93745,0.93752,237.0,0,0.0
2025.06.04 12:10,0.9375,0.93766,0.93748,0.9376,210.0,0,0.0
2025.06.04 12:15,0.93761,0.93764,0.93741,0.93747,269.0,0,0.0
2025.06.04 12:20,0.93748,0.93749,0.93713,0.93723,190.0,0,0.0
2025.06.04 12:25,0.93722,0.9373,0.93709,0.93711,170.0,0,0.0
2025.06.04 12:30,0.9371,0.93716,0.93699,0.9371,202.0,0,0.0
2025.06.04 12:35,0.93711,0.93732,0.9371,0.93729,199.0,0,0.0
2025.06.04 12:40,0.9373,0.93752,0.93727,0.93743,177.0,0,0.0
2025.06.04 12:45,0.9374,0.93753,0.93737,0.93737,201.0,0,0.0
2025.06.04 12:50,0.93738,0.93764,0.93738,0.93764,215.0,0,0.0
2025.06.04 12:55,0.93763,0.93763,0.9375,0.93757,222.0,0,0.0
2025.06.04 13:00,0.93757,0.93772,0.93754,0.93757,242.0,0,0.0
2025.06.04 13:05,0.93758,0.93762,0.93741,0.93753,179.0,0,0.0
2025.06.04 13:10,0.93752,0.93754,0.93708,0.93708,240.0,0,0.0
2025.06.04 13:15,0.93708,0.93751,0.93704,0.9375,188.0,0,0.0
2025.06.04 13:20,0.93751,0.93761,0.93722,0.93725,168.0,0,0.0
2025.06.04 13:25,0.93724,0.93737,0.93719,0.93736,207.0,0,0.0
2025.06.04 13:30,0.93736,0.93742,0.93729,0.93736,183.0,0,0.0
2025.06.04 13:35,0.93737,0.93746,0.93722,0.93729,190.0,0,0.0
2025.06.04 13:40,0.9373,0.93745,0.93718,0.93737,155.0,0,0.0
2025.06.04 13:45,0.93737,0.93737,0.93717,0.9372,201.0,0,0.0
2025.06.04 13:50,0.93721,0.93721,0.93686,0.93693,172.0,0,0.0
2025.06.04 13:55,0.93691,0.93725,0.93685,0.93719,296.0,0,0.0
2025.06.04 14:00,0.9372,0.93731,0.93686,0.93686,224.0,0,0.0
2025.06.04 14:05,0.93685,0.93708,0.93677,0.93692,259.0,0,0.0
2025.06.04 14:10,0.93692,0.9371,0.93652,0.93655,188.0,0,0.0
2025.06.04 14:15,0.9364,0.93699,0.93625,0.93656,368.0,0,0.0
2025.06.04 14:20,0.93657,0.93687,0.93633,0.93676,381.0,0,0.0
2025.06.04 14:25,0.93677,0.93708,0.93673,0.9368,325.0,0,0.0
2025.06.04 14:30,0.93679,0.93692,0.93661,0.93686,298.0,0,0.0
2025.06.04 14:35,0.93686,0.93687,0.93658,0.93673,303.0,0,0.0
2025.06.04 14:40,0.93657,0.93666,0.93633,0.93664,290.0,0,0.0
2025.06.04 14:45,0.93665,0.93687,0.93664,0.93682,297.0,0,0.0
2025.06.04 14:50,0.93683,0.93685,0.93665,0.93672,279.0,0,0.0
2025.06.04 14:55,0.93671,0.93697,0.93663,0.93687,271.0,0,0.0
2025.06.04 15:00,0.93688,0.93709,0.93679,0.937,245.0,0,0.0
2025.06.04 15:05,0.93699,0.93715,0.93687,0.93715,163.0,0,0.0
2025.06.04 15:10,0.93715,0.93725,0.93687,0.93699,201.0,0,0.0
2025.06.04 15:15,0.937,0.93707,0.93683,0.93689,197.0,0,0.0
2025.06.04 15:20,0.93688,0.93689,0.93657,0.93666,223.0,0,0.0
2025.06.04 15:25,0.93666,0.93679,0.93658,0.93667,174.0,0,0.0
2025.06.04 15:30,0.93669,0.93679,0.93657,0.93677,254.0,0,0.0
2025.06.04 15:35,0.93678,0.93684,0.93662,0.93673,251.0,0,0.0
2025.06.04 15:40,0.93672,0.93673,0.93625,0.93625,234.0,0,0.0
2025.06.04 15:45,0.93625,0.93679,0.93625,0.93674,234.0,0,0.0
2025.06.04 15:50,0.93675,0.93686,0.93651,0.93683,291.0,0,0.0
2025.06.04 15:55,0.93683,0.93685,0.93604,0.93604,246.0,0,0.0
2025.06.04 16:00,0.93605,0.93698,0.9359,0.93631,381.0,0,0.0
2025.06.04 16:05,0.9363,0.93653,0.93593,0.93653,358.0,0,0.0
2025.06.04 16:10,0.93652,0.93676,0.93646,0.93658,329.0,0,0.0
2025.06.04 16:15,0.93657,0.93668,0.93639,0.93642,313.0,0,0.0
2025.06.04 16:20,0.93641,0.93648,0.93629,0.93635,264.0,0,0.0
2025.06.04 16:25,0.93633,0.9364,0.93629,0.93631,200.0,0,0.0
2025.06.04 16:30,0.93605,0.93638,0.93605,0.93621,232.0,0,0.0
2025.06.04 16:35,0.93622,0.93631,0.936,0.93611,270.0,0,0.0
2025.06.04 16:40,0.9361,0.93613,0.93594,0.93612,260.0,0,0.0
2025.06.04 16:45,0.93613,0.93617,0.93555,0.93555,245.0,0,0.0
2025.06.04 16:50,0.93554,0.93554,0.9349,0.93508,278.0,0,0.0
2025.06.04 16:55,0.93508,0.93552,0.93506,0.93552,319.0,0,0.0
2025.06.04 17:00,0.9355,0.93587,0.9355,0.93577,312.0,0,0.0
2025.06.04 17:05,0.93578,0.93584,0.93552,0.93556,261.0,0,0.0
2025.06.04 17:10,0.93557,0.93559,0.93539,0.93539,217.0,0,0.0
2025.06.04 17:15,0.93539,0.9355,0.93514,0.93537,254.0,0,0.0
2025.06.04 17:20,0.93537,0.93538,0.93491,0.93496,245.0,0,0.0
2025.06.04 17:25,0.93496,0.9352,0.9349,0.93514,192.0,0,0.0
2025.06.04 17:30,0.93513,0.93518,0.93494,0.93501,193.0,0,0.0
2025.06.04 17:35,0.93502,0.93506,0.93482,0.9349,205.0,0,0.0
2025.06.04 17:40,0.93491,0.93495,0.93466,0.93469,178.0,0,0.0
2025.06.04 17:45,0.9347,0.93495,0.93469,0.9347,260.0,0,0.0
2025.06.04 17:50,0.93468,0.93495,0.93468,0.93487,179.0,0,0.0
2025.06.04 17:55,0.93486,0.93493,0.93478,0.93479,199.0,0,0.0
2025.06.04 18:00,0.93478,0.93478,0.93439,0.93443,209.0,0,0.0
2025.06.04 18:05,0.93444,0.93444,0.93405,0.93412,218.0,0,0.0
2025.06.04 18:10,0.93411,0.93416,0.93395,0.93416,213.0,0,0.0
2025.06.04 18:15,0.93418,0.93428,0.93402,0.93414,212.0,0,0.0
2025.06.04 18:20,0.93413,0.9343,0.934,0.9343,122.0,0,0.0
2025.06.04 18:25,0.93429,0.93431,0.93414,0.93416,173.0,0,0.0
2025.06.04 18:30,0.93415,0.93419,0.9339,0.934,209.0,0,0.0
2025.06.04 18:35,0.93399,0.93405,0.93385,0.93404,157.0,0,0.0
2025.06.04 18:40,0.93404,0.93422,0.93403,0.93416,164.0,0,0.0
2025.06.04 18:45,0.93415,0.93425,0.9341,0.93415,163.0,0,0.0
2025.06.04 18:50,0.93414,0.93424,0.93409,0.9342,170.0,0,0.0
2025.06.04 18:55,0.9342,0.9343,0.93412,0.93413,192.0,0,0.0
2025.06.04 19:00,0.93413,0.93427,0.93407,0.93409,181.0,0,0.0
2025.06.04 19:05,0.93408,0.93413,0.93405,0.93411,125.0,0,0.0
2025.06.04 19:10,0.93413,0.93415,0.93406,0.93414,160.0,0,0.0
2025.06.04 19:15,0.93415,0.93421,0.93407,0.93411,216.0,0,0.0
2025.06.04 19:20,0.9341,0.93416,0.93405,0.93406,107.0,0,0.0
2025.06.04 19:25,0.93407,0.93407,0.93401,0.93405,214.0,0,0.0
2025.06.04 19:30,0.93405,0.93406,0.93399,0.93403,144.0,0,0.0
2025.06.04 19:35,0.93403,0.93423,0.93403,0.93422,190.0,0,0.0
2025.06.04 19:40,0.93423,0.93429,0.9342,0.93429,197.0,0,0.0
2025.06.04 19:45,0.93428,0.93443,0.93426,0.9344,202.0,0,0.0
2025.06.04 19:50,0.93439,0.9345,0.93435,0.93446,214.0,0,0.0
2025.06.04 19:55,0.93447,0.93447,0.93422,0.93431,258.0,0,0.0
2025.06.04 20:00,0.9343,0.93436,0.93413,0.93419,149.0,0,0.0
2025.06.04 20:05,0.9342,0.93421,0.93403,0.9342,124.0,0,0.0
2025.06.04 20:10,0.93419,0.9342,0.93404,0.93406,108.0,0,0.0
2025.06.04 20:15,0.93405,0.93417,0.93403,0.93413,83.0,0,0.0
2025.06.04 20:20,0.93414,0.93418,0.93399,0.93402,88.0,0,0.0
2025.06.04 20:25,0.93401,0.93402,0.93382,0.93387,65.0,0,0.0
2025.06.04 20:30,0.93386,0.93389,0.93377,0.93381,96.0,0,0.0
2025.06.04 20:35,0.93379,0.93391,0.93378,0.93381,68.0,0,0.0
2025.06.04 20:40,0.93383,0.93396,0.93379,0.93395,101.0,0,0.0
2025.06.04 20:45,0.93396,0.93404,0.93391,0.93397,82.0,0,0.0
2025.06.04 20:50,0.93396,0.93398,0.93386,0.93387,122.0,0,0.0
2025.06.04 20:55,0.93386,0.93392,0.93377,0.93386,123.0,0,0.0
2025.06.04 21:00,0.93387,0.93395,0.93379,0.93392,111.0,0,0.0
2025.06.04 21:05,0.93393,0.93394,0.93382,0.93385,81.0,0,0.0
2025.06.04 21:10,0.93386,0.93389,0.9338,0.93385,88.0,0,0.0
2025.06.04 21:15,0.93384,0.93422,0.93384,0.93417,107.0,0,0.0
2025.06.04 21:20,0.93416,0.9343,0.93416,0.9343,120.0,0,0.0
2025.06.04 21:25,0.93429,0.9345,0.93427,0.93438,148.0,0,0.0
2025.06.04 21:30,0.93435,0.93449,0.9343,0.93439,156.0,0,0.0
2025.06.04 21:35,0.93438,0.93459,0.93438,0.93458,121.0,0,0.0
2025.06.04 21:40,0.93457,0.93462,0.93452,0.9346,108.0,0,0.0
2025.06.04 21:45,0.93461,0.93468,0.93454,0.93465,95.0,0,0.0
2025.06.04 21:50,0.93464,0.93481,0.93459,0.93472,104.0,0,0.0
2025.06.04 21:55,0.93471,0.93471,0.93439,0.93439,106.0,0,0.0
2025.06.04 22:00,0.9344,0.93443,0.93431,0.93436,78.0,0,0.0
2025.06.04 22:05,0.93437,0.93445,0.93436,0.93439,97.0,0,0.0
2025.06.04 22:10,0.9344,0.93454,0.93438,0.93453,80.0,0,0.0
2025.06.04 22:15,0.93454,0.93471,0.93454,0.93469,56.0,0,0.0
2025.06.04 22:20,0.93472,0.93472,0.93466,0.93467,57.0,0,0.0
2025.06.04 22:25,0.93468,0.93476,0.93467,0.93468,67.0,0,0.0
2025.06.04 22:30,0.93467,0.93467,0.93434,0.93434,64.0,0,0.0
2025.06.04 22:35,0.93435,0.93446,0.93434,0.93435,76.0,0,0.0
2025.06.04 22:40,0.93436,0.93439,0.93432,0.93434,59.0,0,0.0
2025.06.04 22:45,0.93435,0.93451,0.93433,0.93447,80.0,0,0.0
2025.06.04 22:50,0.93442,0.93444,0.9343,0.93434,69.0,0,0.0
2025.06.04 22:55,0.93434,0.93473,0.93424,0.93439,241.0,0,0.0
2025.06.04 23:05,0.934,0.934,0.93391,0.93396,8.0,0,0.0
2025.06.04 23:10,0.93399,0.93402,0.93394,0.93399,15.0,0,0.0
2025.06.04 23:15,0.93398,0.93398,0.93393,0.93393,5.0,0,0.0
2025.06.04 23:20,0.93403,0.93403,0.93375,0.93396,6.0,0,0.0
2025.06.04 23:25,0.93393,0.93397,0.93393,0.93396,7.0,0,0.0
2025.06.04 23:30,0.93394,0.93394,0.93351,0.93351,12.0,0,0.0
2025.06.04 23:35,0.93351,0.93378,0.93351,0.93378,7.0,0,0.0
2025.06.04 23:40,0.93376,0.93376,0.93359,0.9336,5.0,0,0.0
2025.06.04 23:45,0.93375,0.93375,0.93362,0.93364,6.0,0,0.0
2025.06.04 23:50,0.93366,0.9338,0.93364,0.9338,8.0,0,0.0
2025.06.04 23:55,0.9338,0.93391,0.93352,0.93372,59.0,0,0.0
2025.06.05 00:00,0.934,0.93442,0.9339,0.93432,147.0,0,0.0
2025.06.05 00:05,0.93438,0.93473,0.93429,0.93471,149.0,0,0.0
2025.06.05 00:10,0.93471,0.93477,0.93453,0.93466,212.0,0,0.0
2025.06.05 00:15,0.93466,0.93471,0.93461,0.93462,115.0,0,0.0
2025.06.05 00:20,0.93464,0.93464,0.93453,0.9346,70.0,0,0.0
2025.06.05 00:25,0.93455,0.9346,0.93454,0.93456,63.0,0,0.0
2025.06.05 00:30,0.93455,0.93462,0.93449,0.93457,88.0,0,0.0
2025.06.05 00:35,0.93457,0.93458,0.9345,0.9345,28.0,0,0.0
2025.06.05 00:40,0.93451,0.93451,0.93442,0.93444,83.0,0,0.0
2025.06.05 00:45,0.93445,0.93455,0.93443,0.93453,107.0,0,0.0
2025.06.05 00:50,0.93454,0.93457,0.93447,0.93448,67.0,0,0.0
2025.06.05 00:55,0.93447,0.93449,0.93445,0.93447,45.0,0,0.0
2025.06.05 01:00,0.93444,0.93451,0.93441,0.93449,78.0,0,0.0
2025.06.05 01:05,0.9345,0.9346,0.93448,0.93457,77.0,0,0.0
2025.06.05 01:10,0.93457,0.93457,0.93447,0.9345,81.0,0,0.0
2025.06.05 01:15,0.93448,0.93448,0.93429,0.93432,44.0,0,0.0
2025.06.05 01:20,0.93431,0.93437,0.9341,0.93416,124.0,0,0.0
2025.06.05 01:25,0.93419,0.93425,0.93416,0.93423,108.0,0,0.0
2025.06.05 01:30,0.93423,0.93439,0.93421,0.93439,90.0,0,0.0
2025.06.05 01:35,0.93439,0.93439,0.93431,0.93438,65.0,0,0.0
2025.06.05 01:40,0.93437,0.9344,0.93431,0.93437,83.0,0,0.0
2025.06.05 01:45,0.93435,0.93447,0.93435,0.93447,77.0,0,0.0
2025.06.05 01:50,0.93443,0.93448,0.93434,0.93434,103.0,0,0.0
2025.06.05 01:55,0.93434,0.93446,0.93423,0.9344,158.0,0,0.0
2025.06.05 02:00,0.93441,0.93461,0.93428,0.93444,220.0,0,0.0
2025.06.05 02:05,0.93445,0.93454,0.93441,0.93452,228.0,0,0.0
2025.06.05 02:10,0.93452,0.93461,0.93443,0.93451,187.0,0,0.0
2025.06.05 02:15,0.93451,0.93455,0.93448,0.93454,183.0,0,0.0
2025.06.05 02:20,0.93454,0.93461,0.93451,0.93454,167.0,0,0.0
2025.06.05 02:25,0.93453,0.93458,0.93448,0.93458,173.0,0,0.0
2025.06.05 02:30,0.93457,0.93461,0.9345,0.93454,228.0,0,0.0
2025.06.05 02:35,0.93454,0.93463,0.93454,0.93463,83.0,0,0.0
2025.06.05 02:40,0.93475,0.93475,0.9346,0.93462,101.0,0,0.0
2025.06.05 02:45,0.9346,0.93464,0.93455,0.93459,123.0,0,0.0
2025.06.05 02:50,0.9346,0.93463,0.93448,0.93448,146.0,0,0.0
2025.06.05 02:55,0.93449,0.93453,0.93437,0.9345,174.0,0,0.0
2025.06.05 03:00,0.93449,0.93465,0.93446,0.93452,207.0,0,0.0
2025.06.05 03:05,0.93452,0.93462,0.93449,0.93457,160.0,0,0.0
2025.06.05 03:10,0.93457,0.93468,0.93456,0.93464,137.0,0,0.0
2025.06.05 03:15,0.93464,0.93472,0.93453,0.93457,196.0,0,0.0
2025.06.05 03:20,0.93458,0.93469,0.93452,0.93467,185.0,0,0.0
2025.06.05 03:25,0.93468,0.93474,0.93465,0.93473,176.0,0,0.0
2025.06.05 03:30,0.93474,0.93482,0.93471,0.93476,173.0,0,0.0
2025.06.05 03:35,0.93477,0.93478,0.93462,0.93469,208.0,0,0.0
2025.06.05 03:40,0.93468,0.93485,0.93467,0.93473,192.0,0,0.0
2025.06.05 03:45,0.93472,0.93476,0.93468,0.93475,151.0,0,0.0
2025.06.05 03:50,0.93472,0.93474,0.93463,0.93464,143.0,0,0.0
2025.06.05 03:55,0.93463,0.93475,0.93462,0.93473,114.0,0,0.0
2025.06.05 04:00,0.93474,0.93475,0.93456,0.9346,99.0,0,0.0
2025.06.05 04:05,0.93459,0.9346,0.93445,0.93455,116.0,0,0.0
2025.06.05 04:10,0.93454,0.93461,0.93447,0.93455,130.0,0,0.0
2025.06.05 04:15,0.93456,0.93464,0.93452,0.93462,163.0,0,0.0
2025.06.05 04:20,0.93462,0.93465,0.93459,0.9346,138.0,0,0.0
2025.06.05 04:25,0.9346,0.9346,0.93447,0.93452,162.0,0,0.0
2025.06.05 04:30,0.93453,0.93459,0.93447,0.93455,131.0,0,0.0
2025.06.05 04:35,0.93456,0.93459,0.9345,0.93453,92.0,0,0.0
2025.06.05 04:40,0.93454,0.93456,0.9345,0.93454,99.0,0,0.0
2025.06.05 04:45,0.93453,0.93456,0.93442,0.93442,101.0,0,0.0
2025.06.05 04:50,0.93443,0.9345,0.93443,0.93448,66.0,0,0.0
2025.06.05 04:55,0.93449,0.93451,0.93446,0.9345,84.0,0,0.0
2025.06.05 05:00,0.93449,0.93452,0.93435,0.93437,134.0,0,0.0
2025.06.05 05:05,0.93437,0.9344,0.93435,0.93438,103.0,0,0.0
2025.06.05 05:10,0.93437,0.93451,0.93434,0.93446,116.0,0,0.0
2025.06.05 05:15,0.93446,0.93458,0.93442,0.93456,108.0,0,0.0
2025.06.05 05:20,0.93455,0.93468,0.9345,0.93467,124.0,0,0.0
2025.06.05 05:25,0.93466,0.93476,0.93464,0.93473,144.0,0,0.0
2025.06.05 05:30,0.93474,0.93477,0.93468,0.93469,142.0,0,0.0
2025.06.05 05:35,0.93468,0.93471,0.93455,0.93465,190.0,0,0.0
2025.06.05 05:40,0.9347,0.93481,0.93465,0.9348,145.0,0,0.0
2025.06.05 05:45,0.93479,0.93485,0.93477,0.93483,157.0,0,0.0
2025.06.05 05:50,0.93482,0.93493,0.93479,0.93482,190.0,0,0.0
2025.06.05 05:55,0.93483,0.93493,0.93475,0.93483,258.0,0,0.0
2025.06.05 06:00,0.93482,0.93487,0.93477,0.93481,161.0,0,0.0
2025.06.05 06:05,0.9348,0.93485,0.93456,0.93457,189.0,0,0.0
2025.06.05 06:10,0.93456,0.93456,0.93437,0.93441,217.0,0,0.0
2025.06.05 06:15,0.9344,0.93475,0.9344,0.93454,164.0,0,0.0
2025.06.05 06:20,0.93454,0.93468,0.93451,0.93463,179.0,0,0.0
2025.06.05 06:25,0.93462,0.93471,0.93457,0.93457,220.0,0,0.0
2025.06.05 06:30,0.93459,0.93477,0.93458,0.93461,160.0,0,0.0
2025.06.05 06:35,0.9346,0.93466,0.93457,0.93462,128.0,0,0.0
2025.06.05 06:40,0.93463,0.93464,0.93457,0.93457,155.0,0,0.0
2025.06.05 06:45,0.93458,0.93462,0.93453,0.93453,146.0,0,0.0
2025.06.05 06:50,0.93453,0.93455,0.93449,0.93453,147.0,0,0.0
2025.06.05 06:55,0.93452,0.93461,0.93445,0.93455,167.0,0,0.0
2025.06.05 07:00,0.93455,0.93463,0.93453,0.93459,185.0,0,0.0
2025.06.05 07:05,0.93458,0.9346,0.93449,0.93452,187.0,0,0.0
2025.06.05 07:10,0.93454,0.93457,0.93448,0.93454,152.0,0,0.0
2025.06.05 07:15,0.93456,0.93465,0.93446,0.93452,152.0,0,0.0
2025.06.05 07:20,0.93453,0.93464,0.93453,0.93463,111.0,0,0.0
2025.06.05 07:25,0.93464,0.93473,0.93462,0.93471,128.0,0,0.0
2025.06.05 07:30,0.93471,0.93476,0.93468,0.9347,132.0,0,0.0
2025.06.05 07:35,0.93471,0.93479,0.93466,0.93473,136.0,0,0.0
2025.06.05 07:40,0.93474,0.93481,0.93473,0.9348,95.0,0,0.0
2025.06.05 07:45,0.93478,0.9348,0.93465,0.93478,122.0,0,0.0
2025.06.05 07:50,0.93478,0.93486,0.93476,0.9348,143.0,0,0.0
2025.06.05 07:55,0.93479,0.9348,0.93456,0.93459,189.0,0,0.0
2025.06.05 08:00,0.93457,0.93462,0.93442,0.93461,167.0,0,0.0
2025.06.05 08:05,0.9346,0.93482,0.93456,0.93481,123.0,0,0.0
2025.06.05 08:10,0.93484,0.93487,0.9347,0.93482,211.0,0,0.0
2025.06.05 08:15,0.93483,0.93491,0.93477,0.93485,135.0,0,0.0
2025.06.05 08:20,0.93486,0.9349,0.93476,0.93476,124.0,0,0.0
2025.06.05 08:25,0.93477,0.93486,0.93476,0.93484,165.0,0,0.0
2025.06.05 08:30,0.93483,0.935,0.93466,0.93499,146.0,0,0.0
2025.06.05 08:35,0.93502,0.93503,0.93479,0.93484,190.0,0,0.0
2025.06.05 08:40,0.93482,0.93513,0.93481,0.93512,171.0,0,0.0
2025.06.05 08:45,0.93512,0.93514,0.93497,0.93509,178.0,0,0.0
2025.06.05 08:50,0.93509,0.93513,0.93499,0.93507,161.0,0,0.0
2025.06.05 08:55,0.93507,0.9351,0.93496,0.93501,155.0,0,0.0
2025.06.05 09:00,0.93501,0.93514,0.93495,0.93499,228.0,0,0.0
2025.06.05 09:05,0.93499,0.93519,0.93489,0.93518,183.0,0,0.0
2025.06.05 09:10,0.9352,0.93549,0.9351,0.93548,225.0,0,0.0
2025.06.05 09:15,0.93548,0.9355,0.93508,0.93529,240.0,0,0.0
2025.06.05 09:20,0.93528,0.93549,0.93527,0.93543,224.0,0,0.0
2025.06.05 09:25,0.93542,0.93565,0.93541,0.93564,176.0,0,0.0
2025.06.05 09:30,0.93565,0.93578,0.93562,0.93573,183.0,0,0.0
2025.06.05 09:35,0.93575,0.9359,0.93569,0.9357,200.0,0,0.0
2025.06.05 09:40,0.93571,0.93593,0.93569,0.93592,187.0,0,0.0
2025.06.05 09:45,0.93592,0.93603,0.93587,0.93598,204.0,0,0.0
2025.06.05 09:50,0.936,0.93616,0.93598,0.93609,182.0,0,0.0
2025.06.05 09:55,0.93609,0.93612,0.93598,0.936,214.0,0,0.0
2025.06.05 10:00,0.93599,0.93602,0.93584,0.93585,227.0,0,0.0
2025.06.05 10:05,0.93588,0.93597,0.9358,0.93591,176.0,0,0.0
2025.06.05 10:10,0.93592,0.93641,0.9359,0.9364,185.0,0,0.0
2025.06.05 10:15,0.93641,0.93651,0.93626,0.93649,227.0,0,0.0
2025.06.05 10:20,0.93648,0.93653,0.93619,0.93624,201.0,0,0.0
2025.06.05 10:25,0.93626,0.93654,0.93626,0.9364,188.0,0,0.0
2025.06.05 10:30,0.9364,0.93673,0.9364,0.9365,174.0,0,0.0
2025.06.05 10:35,0.93651,0.93656,0.93637,0.93637,184.0,0,0.0
2025.06.05 10:40,0.93636,0.93652,0.93626,0.93631,203.0,0,0.0
2025.06.05 10:45,0.9363,0.93635,0.93612,0.93612,237.0,0,0.0
2025.06.05 10:50,0.93614,0.93635,0.93613,0.93624,215.0,0,0.0
2025.06.05 10:55,0.93625,0.93642,0.93625,0.93629,214.0,0,0.0
2025.06.05 11:00,0.93628,0.93638,0.93618,0.93622,237.0,0,0.0
2025.06.05 11:05,0.93623,0.93651,0.93623,0.93642,184.0,0,0.0
2025.06.05 11:10,0.93643,0.93656,0.9362,0.9362,233.0,0,0.0
2025.06.05 11:15,0.93621,0.93638,0.93605,0.93614,230.0,0,0.0
2025.06.05 11:20,0.93614,0.93622,0.93598,0.93617,240.0,0,0.0
2025.06.05 11:25,0.93619,0.93621,0.93603,0.93603,233.0,0,0.0
2025.06.05 11:30,0.93602,0.93633,0.93602,0.9363,218.0,0,0.0
2025.06.05 11:35,0.93633,0.93637,0.9362,0.93623,164.0,0,0.0
2025.06.05 11:40,0.93622,0.93624,0.93599,0.93601,218.0,0,0.0
2025.06.05 11:45,0.936,0.93601,0.93586,0.9359,202.0,0,0.0
2025.06.05 11:50,0.93589,0.93591,0.93573,0.93581,245.0,0,0.0
2025.06.05 11:55,0.93582,0.93603,0.9358,0.936,205.0,0,0.0
2025.06.05 12:00,0.93599,0.93623,0.93597,0.93617,207.0,0,0.0
2025.06.05 12:05,0.93615,0.93621,0.9359,0.93597,190.0,0,0.0
2025.06.05 12:10,0.93596,0.93626,0.93595,0.93625,208.0,0,0.0
2025.06.05 12:15,0.93624,0.93639,0.93622,0.93634,133.0,0,0.0
2025.06.05 12:20,0.93634,0.93636,0.93613,0.93619,150.0,0,0.0
2025.06.05 12:25,0.93617,0.93617,0.93597,0.93607,177.0,0,0.0
2025.06.05 12:30,0.93608,0.93625,0.93604,0.93612,199.0,0,0.0
2025.06.05 12:35,0.9361,0.93628,0.93608,0.93611,152.0,0,0.0
2025.06.05 12:40,0.9361,0.9361,0.93575,0.93589,182.0,0,0.0
2025.06.05 12:45,0.93589,0.93591,0.93573,0.93577,191.0,0,0.0
2025.06.05 12:50,0.93578,0.93589,0.93572,0.93587,194.0,0,0.0
2025.06.05 12:55,0.93587,0.93596,0.93572,0.93576,222.0,0,0.0
2025.06.05 13:00,0.93577,0.93592,0.93572,0.93581,219.0,0,0.0
2025.06.05 13:05,0.9358,0.93596,0.93578,0.9359,145.0,0,0.0
2025.06.05 13:10,0.93587,0.93593,0.9358,0.93586,203.0,0,0.0
2025.06.05 13:15,0.93584,0.936,0.93577,0.93592,196.0,0,0.0
2025.06.05 13:20,0.93591,0.93609,0.9359,0.93609,198.0,0,0.0
2025.06.05 13:25,0.93605,0.93621,0.93598,0.9361,235.0,0,0.0
2025.06.05 13:30,0.93612,0.93631,0.93612,0.93623,220.0,0,0.0
2025.06.05 13:35,0.93622,0.93636,0.93609,0.93631,206.0,0,0.0
2025.06.05 13:40,0.93631,0.93642,0.93622,0.93625,197.0,0,0.0
2025.06.05 13:45,0.93626,0.93652,0.93622,0.93647,173.0,0,0.0
2025.06.05 13:50,0.93645,0.93648,0.93627,0.9363,246.0,0,0.0
2025.06.05 13:55,0.9363,0.93652,0.93627,0.93638,253.0,0,0.0
2025.06.05 14:00,0.93637,0.93655,0.93628,0.93635,227.0,0,0.0
2025.06.05 14:05,0.93634,0.93642,0.93625,0.9364,222.0,0,0.0
2025.06.05 14:10,0.93641,0.93646,0.93562,0.93562,304.0,0,0.0
2025.06.05 14:15,0.93575,0.93675,0.93555,0.93671,311.0,0,0.0
2025.06.05 14:20,0.93671,0.93721,0.93665,0.93719,308.0,0,0.0
2025.06.05 14:25,0.93717,0.93717,0.93578,0.93578,278.0,0,0.0
2025.06.05 14:30,0.936,0.93682,0.936,0.93663,389.0,0,0.0
2025.06.05 14:35,0.93664,0.93689,0.93652,0.93678,326.0,0,0.0
2025.06.05 14:40,0.93678,0.93707,0.93655,0.93655,296.0,0,0.0
2025.06.05 14:45,0.93655,0.93744,0.93655,0.93734,353.0,0,0.0
2025.06.05 14:50,0.93738,0.93857,0.93728,0.93777,473.0,0,0.0
2025.06.05 14:55,0.93774,0.93776,0.93747,0.93761,332.0,0,0.0
2025.06.05 15:00,0.93758,0.93794,0.9375,0.9376,339.0,0,0.0
2025.06.05 15:05,0.93761,0.93826,0.93761,0.93825,373.0,0,0.0
2025.06.05 15:10,0.93825,0.93862,0.93818,0.93857,395.0,0,0.0
2025.06.05 15:15,0.93858,0.9389,0.93854,0.93883,292.0,0,0.0
2025.06.05 15:20,0.93884,0.93947,0.93883,0.93933,367.0,0,0.0
2025.06.05 15:25,0.93932,0.93982,0.9392,0.93968,339.0,0,0.0
2025.06.05 15:30,0.93971,0.93988,0.93958,0.93965,371.0,0,0.0
2025.06.05 15:35,0.93966,0.93982,0.9394,0.93958,371.0,0,0.0
2025.06.05 15:40,0.93958,0.93961,0.93913,0.93913,350.0,0,0.0
2025.06.05 15:45,0.93912,0.93917,0.93847,0.93847,334.0,0,0.0
2025.06.05 15:50,0.93846,0.93873,0.93846,0.93871,336.0,0,0.0
2025.06.05 15:55,0.93873,0.93881,0.93831,0.93852,298.0,0,0.0
2025.06.05 16:00,0.93854,0.93858,0.93792,0.93821,332.0,0,0.0
2025.06.05 16:05,0.93817,0.93868,0.93795,0.93833,320.0,0,0.0
2025.06.05 16:10,0.93834,0.93869,0.93825,0.93832,266.0,0,0.0
2025.06.05 16:15,0.93833,0.93862,0.93832,0.93835,220.0,0,0.0
2025.06.05 16:20,0.93834,0.93872,0.93823,0.93871,259.0,0,0.0
2025.06.05 16:25,0.93872,0.93885,0.93862,0.93864,276.0,0,0.0
2025.06.05 16:30,0.93864,0.93881,0.93852,0.93865,262.0,0,0.0
2025.06.05 16:35,0.93864,0.93887,0.93824,0.93868,342.0,0,0.0
2025.06.05 16:40,0.93866,0.93953,0.93835,0.93881,413.0,0,0.0
2025.06.05 16:45,0.93881,0.9396,0.93876,0.9394,384.0,0,0.0
2025.06.05 16:50,0.93937,0.93942,0.93856,0.93877,369.0,0,0.0
2025.06.05 16:55,0.93875,0.93935,0.93875,0.93933,328.0,0,0.0
2025.06.05 17:00,0.93934,0.93938,0.93886,0.93891,301.0,0,0.0
2025.06.05 17:05,0.93891,0.93892,0.93845,0.93864,310.0,0,0.0
2025.06.05 17:10,0.93864,0.93903,0.93861,0.93901,295.0,0,0.0
2025.06.05 17:15,0.939,0.9392,0.93883,0.93886,302.0,0,0.0
2025.06.05 17:20,0.93885,0.93917,0.93882,0.93896,257.0,0,0.0
2025.06.05 17:25,0.93896,0.93902,0.93877,0.93885,198.0,0,0.0
2025.06.05 17:30,0.93883,0.939,0.93878,0.93886,201.0,0,0.0
2025.06.05 17:35,0.93887,0.93918,0.93886,0.93911,194.0,0,0.0
2025.06.05 17:40,0.93909,0.93935,0.93909,0.93915,209.0,0,0.0
2025.06.05 17:45,0.93915,0.93939,0.93894,0.93937,219.0,0,0.0
2025.06.05 17:50,0.93938,0.93941,0.93922,0.93935,211.0,0,0.0
2025.06.05 17:55,0.93937,0.93944,0.93911,0.93918,220.0,0,0.0
2025.06.05 18:00,0.93919,0.93924,0.93899,0.93916,218.0,0,0.0
2025.06.05 18:05,0.93917,0.93936,0.93917,0.93934,155.0,0,0.0
2025.06.05 18:10,0.93935,0.93953,0.93922,0.93951,200.0,0,0.0
2025.06.05 18:15,0.9395,0.9395,0.93901,0.93901,244.0,0,0.0
2025.06.05 18:20,0.93902,0.93915,0.93893,0.93898,220.0,0,0.0
2025.06.05 18:25,0.93899,0.93908,0.93889,0.93902,176.0,0,0.0
2025.06.05 18:30,0.93903,0.93903,0.93883,0.93885,149.0,0,0.0
2025.06.05 18:35,0.93885,0.93885,0.9384,0.93841,184.0,0,0.0
2025.06.05 18:40,0.93842,0.93849,0.93812,0.93819,189.0,0,0.0
2025.06.05 18:45,0.93814,0.93814,0.93794,0.93796,277.0,0,0.0
2025.06.05 18:50,0.93795,0.938,0.93758,0.93759,228.0,0,0.0
2025.06.05 18:55,0.93759,0.93787,0.93751,0.93779,228.0,0,0.0
2025.06.05 19:00,0.93778,0.93807,0.93771,0.93803,221.0,0,0.0
2025.06.05 19:05,0.93805,0.93817,0.93799,0.93812,153.0,0,0.0
2025.06.05 19:10,0.93813,0.93848,0.93812,0.93847,179.0,0,0.0
2025.06.05 19:15,0.93848,0.93857,0.93847,0.93854,180.0,0,0.0
2025.06.05 19:20,0.93854,0.93874,0.93851,0.93861,165.0,0,0.0
2025.06.05 19:25,0.93862,0.93864,0.9384,0.93844,201.0,0,0.0
2025.06.05 19:30,0.93844,0.93872,0.93836,0.93872,178.0,0,0.0
2025.06.05 19:35,0.93872,0.93879,0.93867,0.93879,178.0,0,0.0
2025.06.05 19:40,0.93878,0.93878,0.93858,0.93864,170.0,0,0.0
2025.06.05 19:45,0.93863,0.93863,0.93843,0.9385,133.0,0,0.0
2025.06.05 19:50,0.9385,0.93851,0.93836,0.93842,158.0,0,0.0
2025.06.05 19:55,0.93842,0.93843,0.93825,0.93838,216.0,0,0.0
2025.06.05 20:00,0.93837,0.93845,0.93832,0.93845,120.0,0,0.0
2025.06.05 20:05,0.93844,0.93844,0.93828,0.93829,130.0,0,0.0
2025.06.05 20:10,0.93831,0.93834,0.93826,0.93831,124.0,0,0.0
2025.06.05 20:15,0.9383,0.93843,0.93803,0.93824,129.0,0,0.0
2025.06.05 20:20,0.93825,0.93834,0.93822,0.93825,121.0,0,0.0
2025.06.05 20:25,0.93824,0.93831,0.93819,0.93831,143.0,0,0.0
2025.06.05 20:30,0.9383,0.93859,0.9383,0.93857,152.0,0,0.0
2025.06.05 20:35,0.93856,0.9386,0.93842,0.93854,133.0,0,0.0
2025.06.05 20:40,0.93857,0.93859,0.93842,0.93852,95.0,0,0.0
2025.06.05 20:45,0.93855,0.93871,0.93837,0.93837,94.0,0,0.0
2025.06.05 20:50,0.93838,0.93861,0.93838,0.93856,130.0,0,0.0
2025.06.05 20:55,0.93858,0.9388,0.93854,0.93872,134.0,0,0.0
2025.06.05 21:00,0.93873,0.93885,0.93871,0.93879,118.0,0,0.0
2025.06.05 21:05,0.93878,0.93895,0.93872,0.93894,145.0,0,0.0
2025.06.05 21:10,0.93895,0.93901,0.9388,0.93888,120.0,0,0.0
2025.06.05 21:15,0.93887,0.93892,0.93834,0.93852,178.0,0,0.0
2025.06.05 21:20,0.93849,0.93857,0.93813,0.93814,233.0,0,0.0
2025.06.05 21:25,0.93815,0.93822,0.938,0.93818,205.0,0,0.0
2025.06.05 21:30,0.93819,0.93837,0.938,0.93805,193.0,0,0.0
2025.06.05 21:35,0.93806,0.93842,0.93802,0.93836,143.0,0,0.0
2025.06.05 21:40,0.93837,0.93846,0.93832,0.93837,136.0,0,0.0
2025.06.05 21:45,0.93838,0.93843,0.93831,0.93834,106.0,0,0.0
2025.06.05 21:50,0.93833,0.93833,0.9382,0.93823,139.0,0,0.0
2025.06.05 21:55,0.93821,0.93825,0.93805,0.93815,113.0,0,0.0
2025.06.05 22:00,0.93814,0.93822,0.9379,0.93806,116.0,0,0.0
2025.06.05 22:05,0.93805,0.93806,0.93799,0.93803,109.0,0,0.0
2025.06.05 22:10,0.93802,0.93812,0.938,0.93808,55.0,0,0.0
2025.06.05 22:15,0.93807,0.93807,0.93767,0.93773,120.0,0,0.0
2025.06.05 22:20,0.93772,0.93775,0.93763,0.93769,68.0,0,0.0
2025.06.05 22:25,0.93768,0.938,0.93768,0.93797,103.0,0,0.0
2025.06.05 22:30,0.93798,0.93798,0.93777,0.93779,57.0,0,0.0
2025.06.05 22:35,0.93779,0.93782,0.93773,0.93779,51.0,0,0.0
2025.06.05 22:40,0.93781,0.93782,0.93767,0.93776,107.0,0,0.0
2025.06.05 22:45,0.93774,0.93785,0.93773,0.93782,98.0,0,0.0
2025.06.05 22:50,0.93781,0.93793,0.93776,0.93788,84.0,0,0.0
2025.06.05 22:55,0.93786,0.9381,0.93773,0.93777,200.0,0,0.0
2025.06.05 23:05,0.93775,0.93775,0.93774,0.93774,4.0,0,0.0
2025.06.05 23:10,0.93758,0.93765,0.93746,0.93765,7.0,0,0.0
2025.06.05 23:15,0.93769,0.93794,0.93768,0.93794,15.0,0,0.0
2025.06.05 23:20,0.93797,0.938,0.93725,0.9374,23.0,0,0.0
2025.06.05 23:25,0.93741,0.93762,0.93725,0.93725,45.0,0,0.0
2025.06.05 23:30,0.93725,0.93725,0.93725,0.93725,7.0,0,0.0
2025.06.05 23:35,0.93725,0.93734,0.93725,0.93725,11.0,0,0.0
2025.06.05 23:40,0.93731,0.93731,0.93725,0.93725,9.0,0,0.0
2025.06.05 23:45,0.93725,0.93732,0.93725,0.93729,8.0,0,0.0
2025.06.05 23:50,0.93735,0.93736,0.93725,0.93725,15.0,0,0.0
2025.06.05 23:55,0.93725,0.9374,0.93725,0.93725,44.0,0,0.0
2025.06.06 00:00,0.93725,0.93795,0.93725,0.93779,106.0,0,0.0
2025.06.06 00:05,0.93778,0.9378,0.93772,0.93777,28.0,0,0.0
2025.06.06 00:10,0.93777,0.93785,0.93774,0.93782,62.0,0,0.0
2025.06.06 00:15,0.93782,0.93786,0.93769,0.93775,161.0,0,0.0
2025.06.06 00:20,0.93775,0.93784,0.93774,0.93784,74.0,0,0.0
2025.06.06 00:25,0.93783,0.93783,0.93773,0.93776,71.0,0,0.0
2025.06.06 00:30,0.93776,0.93796,0.93774,0.93795,100.0,0,0.0
2025.06.06 00:35,0.93795,0.93799,0.93795,0.93796,20.0,0,0.0
2025.06.06 00:40,0.93795,0.93805,0.93794,0.93805,32.0,0,0.0
2025.06.06 00:45,0.93803,0.93815,0.93801,0.93815,67.0,0,0.0
2025.06.06 00:50,0.93815,0.93825,0.93805,0.93823,91.0,0,0.0
2025.06.06 00:55,0.93821,0.93836,0.93813,0.93835,128.0,0,0.0
2025.06.06 01:00,0.93837,0.93838,0.93826,0.93835,117.0,0,0.0
2025.06.06 01:05,0.93836,0.93837,0.93831,0.93834,85.0,0,0.0
2025.06.06 01:10,0.93832,0.93836,0.93827,0.93835,66.0,0,0.0
2025.06.06 01:15,0.93834,0.93836,0.93823,0.93823,59.0,0,0.0
2025.06.06 01:20,0.93822,0.93826,0.93817,0.93819,38.0,0,0.0
2025.06.06 01:25,0.93816,0.93824,0.93816,0.93824,68.0,0,0.0
2025.06.06 01:30,0.93821,0.93836,0.93821,0.93833,103.0,0,0.0
2025.06.06 01:35,0.93831,0.93836,0.93825,0.9383,50.0,0,0.0
2025.06.06 01:40,0.93825,0.93844,0.93825,0.93838,59.0,0,0.0
2025.06.06 01:45,0.93837,0.93843,0.93834,0.93838,92.0,0,0.0
2025.06.06 01:50,0.93839,0.93848,0.93837,0.93843,116.0,0,0.0
2025.06.06 01:55,0.93845,0.93846,0.93836,0.93843,119.0,0,0.0
2025.06.06 02:00,0.93844,0.93863,0.93844,0.93854,167.0,0,0.0
2025.06.06 02:05,0.93855,0.93899,0.93855,0.93897,192.0,0,0.0
2025.06.06 02:10,0.93898,0.93903,0.93886,0.93893,97.0,0,0.0
2025.06.06 02:15,0.93892,0.939,0.93887,0.93897,127.0,0,0.0
2025.06.06 02:20,0.939,0.93904,0.93889,0.93897,107.0,0,0.0
2025.06.06 02:25,0.93897,0.93904,0.93896,0.939,85.0,0,0.0
2025.06.06 02:30,0.93901,0.93907,0.93895,0.93899,156.0,0,0.0
2025.06.06 02:35,0.93898,0.939,0.93893,0.93894,137.0,0,0.0
2025.06.06 02:40,0.93893,0.93908,0.93893,0.93902,117.0,0,0.0
2025.06.06 02:45,0.93904,0.93914,0.93897,0.93905,131.0,0,0.0
2025.06.06 02:50,0.93906,0.93919,0.93904,0.93919,132.0,0,0.0
2025.06.06 02:55,0.93915,0.93916,0.93905,0.9391,100.0,0,0.0
2025.06.06 03:00,0.93909,0.93923,0.93909,0.9391,122.0,0,0.0
2025.06.06 03:05,0.93909,0.93918,0.93908,0.93911,93.0,0,0.0
2025.06.06 03:10,0.93909,0.93913,0.93894,0.93899,76.0,0,0.0
2025.06.06 03:15,0.939,0.93905,0.93897,0.93904,91.0,0,0.0
2025.06.06 03:20,0.93903,0.93905,0.93884,0.93884,109.0,0,0.0
2025.06.06 03:25,0.93883,0.93888,0.93879,0.93884,117.0,0,0.0
2025.06.06 03:30,0.93883,0.93883,0.9387,0.9387,141.0,0,0.0
2025.06.06 03:35,0.93871,0.93885,0.93867,0.93883,141.0,0,0.0
2025.06.06 03:40,0.93885,0.93892,0.93878,0.93887,125.0,0,0.0
2025.06.06 03:45,0.93886,0.93892,0.93882,0.93886,167.0,0,0.0
2025.06.06 03:50,0.93885,0.93892,0.93884,0.93888,148.0,0,0.0
2025.06.06 03:55,0.93887,0.93889,0.93872,0.93875,160.0,0,0.0
2025.06.06 04:00,0.93876,0.93877,0.93859,0.93865,120.0,0,0.0
2025.06.06 04:05,0.93864,0.93864,0.93855,0.93856,115.0,0,0.0
2025.06.06 04:10,0.93855,0.93858,0.93848,0.93855,94.0,0,0.0
2025.06.06 04:15,0.93856,0.93857,0.93846,0.93847,74.0,0,0.0
2025.06.06 04:20,0.93848,0.9385,0.93834,0.93839,105.0,0,0.0
2025.06.06 04:25,0.93844,0.93845,0.93837,0.93843,98.0,0,0.0
2025.06.06 04:30,0.93844,0.93849,0.93844,0.93849,92.0,0,0.0
2025.06.06 04:35,0.93849,0.93855,0.93846,0.93851,118.0,0,0.0
2025.06.06 04:40,0.93853,0.93855,0.9385,0.93854,54.0,0,0.0
2025.06.06 04:45,0.93854,0.93858,0.93853,0.93855,138.0,0,0.0
2025.06.06 04:50,0.93856,0.93857,0.93846,0.93849,118.0,0,0.0
2025.06.06 04:55,0.9385,0.93856,0.93847,0.93849,90.0,0,0.0
2025.06.06 05:00,0.93849,0.93849,0.93833,0.93836,109.0,0,0.0
2025.06.06 05:05,0.93835,0.93837,0.93832,0.93832,89.0,0,0.0
2025.06.06 05:10,0.93834,0.93838,0.93826,0.93833,89.0,0,0.0
2025.06.06 05:15,0.93834,0.93842,0.93825,0.93826,64.0,0,0.0
2025.06.06 05:20,0.93825,0.93829,0.93822,0.93825,77.0,0,0.0
2025.06.06 05:25,0.93826,0.93828,0.93822,0.93823,84.0,0,0.0
2025.06.06 05:30,0.93823,0.93833,0.93822,0.93829,148.0,0,0.0
2025.06.06 05:35,0.93829,0.93841,0.93827,0.93839,91.0,0,0.0
2025.06.06 05:40,0.93839,0.93847,0.93832,0.93845,116.0,0,0.0
2025.06.06 05:45,0.93844,0.93845,0.93831,0.93837,89.0,0,0.0
2025.06.06 05:50,0.93837,0.93838,0.93832,0.93833,109.0,0,0.0
2025.06.06 05:55,0.93832,0.93839,0.93829,0.93829,122.0,0,0.0
2025.06.06 06:00,0.93829,0.93834,0.93827,0.93827,70.0,0,0.0
2025.06.06 06:05,0.93828,0.93834,0.93827,0.9383,61.0,0,0.0
2025.06.06 06:10,0.93831,0.93854,0.93829,0.93854,102.0,0,0.0
2025.06.06 06:15,0.93849,0.93856,0.93844,0.93845,76.0,0,0.0
2025.06.06 06:20,0.93844,0.93849,0.93841,0.93841,85.0,0,0.0
2025.06.06 06:25,0.93842,0.93845,0.9384,0.93843,73.0,0,0.0
2025.06.06 06:30,0.93841,0.93842,0.93833,0.93836,66.0,0,0.0
2025.06.06 06:35,0.93836,0.93845,0.93835,0.93845,80.0,0,0.0
2025.06.06 06:40,0.93844,0.9385,0.93842,0.93844,56.0,0,0.0
2025.06.06 06:45,0.93847,0.93852,0.93845,0.93847,123.0,0,0.0
2025.06.06 06:50,0.93848,0.93849,0.93838,0.93842,88.0,0,0.0
2025.06.06 06:55,0.9384,0.93845,0.93837,0.93843,83.0,0,0.0
2025.06.06 07:00,0.93841,0.93842,0.93834,0.93842,124.0,0,0.0
2025.06.06 07:05,0.93842,0.93852,0.93837,0.93848,124.0,0,0.0
2025.06.06 07:10,0.93849,0.93852,0.93843,0.93844,108.0,0,0.0
2025.06.06 07:15,0.93844,0.93846,0.9384,0.93844,102.0,0,0.0
2025.06.06 07:20,0.93843,0.93848,0.93838,0.9384,100.0,0,0.0
2025.06.06 07:25,0.93841,0.93842,0.93836,0.93841,84.0,0,0.0
2025.06.06 07:30,0.93842,0.93849,0.9384,0.93843,87.0,0,0.0
2025.06.06 07:35,0.93844,0.93849,0.9384,0.93846,85.0,0,0.0
2025.06.06 07:40,0.93845,0.93858,0.93845,0.93858,79.0,0,0.0
2025.06.06 07:45,0.93857,0.93863,0.93856,0.93859,74.0,0,0.0
2025.06.06 07:50,0.9386,0.93871,0.93856,0.93871,88.0,0,0.0
2025.06.06 07:55,0.93872,0.93875,0.93859,0.93862,133.0,0,0.0
2025.06.06 08:00,0.93856,0.93861,0.93838,0.93851,192.0,0,0.0
2025.06.06 08:05,0.93852,0.93864,0.93848,0.9386,186.0,0,0.0
2025.06.06 08:10,0.93859,0.93865,0.93853,0.9386,152.0,0,0.0
2025.06.06 08:15,0.93861,0.93867,0.93849,0.93854,182.0,0,0.0
2025.06.06 08:20,0.93855,0.93888,0.93853,0.93887,206.0,0,0.0
2025.06.06 08:25,0.93888,0.93915,0.93887,0.93913,179.0,0,0.0
2025.06.06 08:30,0.93913,0.93947,0.93912,0.93942,204.0,0,0.0
2025.06.06 08:35,0.93937,0.9394,0.93913,0.93917,152.0,0,0.0
2025.06.06 08:40,0.93918,0.93925,0.93912,0.93922,198.0,0,0.0
2025.06.06 08:45,0.93922,0.93944,0.93916,0.93943,159.0,0,0.0
2025.06.06 08:50,0.93939,0.93961,0.93939,0.93954,167.0,0,0.0
2025.06.06 08:55,0.93955,0.93956,0.93942,0.93949,219.0,0,0.0
2025.06.06 09:00,0.93946,0.93967,0.9391,0.93913,256.0,0,0.0
2025.06.06 09:05,0.93913,0.93913,0.93891,0.93904,243.0,0,0.0
2025.06.06 09:10,0.93903,0.93906,0.93845,0.93854,223.0,0,0.0
2025.06.06 09:15,0.93854,0.93854,0.93824,0.93826,187.0,0,0.0
2025.06.06 09:20,0.93827,0.9383,0.93789,0.938,158.0,0,0.0
2025.06.06 09:25,0.938,0.93812,0.93793,0.93798,172.0,0,0.0
2025.06.06 09:30,0.93797,0.93803,0.9379,0.93793,161.0,0,0.0
2025.06.06 09:35,0.93792,0.93798,0.93785,0.93788,164.0,0,0.0
2025.06.06 09:40,0.93786,0.93788,0.93763,0.93775,160.0,0,0.0
2025.06.06 09:45,0.93779,0.93796,0.93778,0.93783,170.0,0,0.0
2025.06.06 09:50,0.93781,0.93793,0.93778,0.93785,153.0,0,0.0
2025.06.06 09:55,0.93786,0.93792,0.93774,0.93786,180.0,0,0.0
2025.06.06 10:00,0.93787,0.93792,0.93771,0.93788,186.0,0,0.0
2025.06.06 10:05,0.93789,0.93804,0.93785,0.9379,203.0,0,0.0
2025.06.06 10:10,0.93789,0.93807,0.93782,0.93804,150.0,0,0.0
2025.06.06 10:15,0.93805,0.93812,0.93796,0.93807,162.0,0,0.0
2025.06.06 10:20,0.93806,0.93809,0.93793,0.93795,150.0,0,0.0
2025.06.06 10:25,0.93798,0.93821,0.93795,0.93814,166.0,0,0.0
2025.06.06 10:30,0.93817,0.9385,0.93815,0.9385,144.0,0,0.0
2025.06.06 10:35,0.93851,0.93865,0.93829,0.93835,123.0,0,0.0
2025.06.06 10:40,0.93835,0.93843,0.93826,0.93832,155.0,0,0.0
2025.06.06 10:45,0.93834,0.93837,0.93797,0.93815,197.0,0,0.0
2025.06.06 10:50,0.93814,0.93826,0.93807,0.9382,131.0,0,0.0
2025.06.06 10:55,0.93819,0.93837,0.93813,0.93823,153.0,0,0.0
2025.06.06 11:00,0.93831,0.93847,0.93806,0.93806,178.0,0,0.0
2025.06.06 11:05,0.93807,0.93809,0.93795,0.93795,159.0,0,0.0
2025.06.06 11:10,0.93794,0.93806,0.93789,0.93798,222.0,0,0.0
2025.06.06 11:15,0.93796,0.93804,0.93792,0.93799,157.0,0,0.0
2025.06.06 11:20,0.93797,0.93801,0.93792,0.93794,96.0,0,0.0
2025.06.06 11:25,0.93793,0.93799,0.93788,0.93794,148.0,0,0.0
2025.06.06 11:30,0.93795,0.93806,0.93787,0.93804,153.0,0,0.0
2025.06.06 11:35,0.93802,0.93804,0.93776,0.93778,125.0,0,0.0
2025.06.06 11:40,0.93776,0.93788,0.93768,0.93786,219.0,0,0.0
2025.06.06 11:45,0.93787,0.93823,0.93786,0.93823,138.0,0,0.0
2025.06.06 11:50,0.93822,0.93823,0.93803,0.93823,171.0,0,0.0
2025.06.06 11:55,0.93824,0.93829,0.93804,0.93806,94.0,0,0.0
2025.06.06 12:00,0.93806,0.9382,0.93799,0.93804,184.0,0,0.0
2025.06.06 12:05,0.93803,0.93807,0.93784,0.93786,154.0,0,0.0
2025.06.06 12:10,0.93785,0.93786,0.93776,0.93785,120.0,0,0.0
2025.06.06 12:15,0.93784,0.93791,0.93775,0.93777,177.0,0,0.0
2025.06.06 12:20,0.93777,0.93791,0.93774,0.93791,112.0,0,0.0
2025.06.06 12:25,0.9379,0.938,0.93781,0.93791,183.0,0,0.0
2025.06.06 12:30,0.9379,0.93808,0.93788,0.93806,98.0,0,0.0
2025.06.06 12:35,0.93805,0.93811,0.93798,0.93811,85.0,0,0.0
2025.06.06 12:40,0.9381,0.93816,0.93804,0.93808,105.0,0,0.0
2025.06.06 12:45,0.93807,0.93817,0.93805,0.93817,154.0,0,0.0
2025.06.06 12:50,0.93817,0.93828,0.93817,0.93826,161.0,0,0.0
2025.06.06 12:55,0.93827,0.93832,0.9382,0.93821,202.0,0,0.0
2025.06.06 13:00,0.93822,0.93837,0.93805,0.93809,191.0,0,0.0
2025.06.06 13:05,0.93808,0.9382,0.93794,0.93813,87.0,0,0.0
2025.06.06 13:10,0.93811,0.93812,0.93786,0.93792,193.0,0,0.0
2025.06.06 13:15,0.93791,0.93815,0.93785,0.93814,112.0,0,0.0
2025.06.06 13:20,0.93815,0.93824,0.93808,0.93822,131.0,0,0.0
2025.06.06 13:25,0.93824,0.93825,0.93802,0.93819,112.0,0,0.0
2025.06.06 13:30,0.9382,0.93855,0.93819,0.93849,205.0,0,0.0
2025.06.06 13:35,0.93849,0.93851,0.93834,0.93843,180.0,0,0.0
2025.06.06 13:40,0.93844,0.93858,0.93843,0.93843,162.0,0,0.0
2025.06.06 13:45,0.93844,0.9385,0.93838,0.93848,130.0,0,0.0
2025.06.06 13:50,0.93847,0.93864,0.93844,0.93848,216.0,0,0.0
2025.06.06 13:55,0.93849,0.93875,0.93846,0.93867,266.0,0,0.0
2025.06.06 14:00,0.93866,0.93866,0.9383,0.93831,185.0,0,0.0
2025.06.06 14:05,0.9383,0.93833,0.93808,0.93821,202.0,0,0.0
2025.06.06 14:10,0.93822,0.93826,0.93805,0.93826,217.0,0,0.0
2025.06.06 14:15,0.93827,0.93842,0.93817,0.93825,260.0,0,0.0
2025.06.06 14:20,0.93826,0.93842,0.93822,0.93835,198.0,0,0.0
2025.06.06 14:25,0.93833,0.93857,0.93772,0.93775,217.0,0,0.0
2025.06.06 14:30,0.93799,0.93872,0.93741,0.93862,438.0,0,0.0
2025.06.06 14:35,0.9386,0.93907,0.93851,0.93862,383.0,0,0.0
2025.06.06 14:40,0.93863,0.93869,0.93809,0.93818,352.0,0,0.0
2025.06.06 14:45,0.93817,0.9388,0.93817,0.93875,337.0,0,0.0
2025.06.06 14:50,0.93876,0.93896,0.93865,0.93886,315.0,0,0.0
2025.06.06 14:55,0.93886,0.93896,0.93867,0.9388,283.0,0,0.0
2025.06.06 15:00,0.9388,0.93904,0.93857,0.93864,297.0,0,0.0
2025.06.06 15:05,0.9386,0.93867,0.93785,0.93787,290.0,0,0.0
2025.06.06 15:10,0.93786,0.93801,0.93762,0.93793,271.0,0,0.0
2025.06.06 15:15,0.93794,0.93826,0.93794,0.93806,241.0,0,0.0
2025.06.06 15:20,0.93807,0.93837,0.93791,0.93807,251.0,0,0.0
2025.06.06 15:25,0.93807,0.93813,0.93785,0.9379,235.0,0,0.0
2025.06.06 15:30,0.93793,0.93822,0.93786,0.93791,278.0,0,0.0
2025.06.06 15:35,0.93792,0.93849,0.93786,0.93835,269.0,0,0.0
2025.06.06 15:40,0.93836,0.93859,0.93835,0.93839,281.0,0,0.0
2025.06.06 15:45,0.93838,0.93857,0.93836,0.93854,247.0,0,0.0
2025.06.06 15:50,0.93855,0.93866,0.93826,0.93841,299.0,0,0.0
2025.06.06 15:55,0.93842,0.9386,0.93823,0.93847,304.0,0,0.0
2025.06.06 16:00,0.93851,0.93887,0.93851,0.93878,319.0,0,0.0
2025.06.06 16:05,0.93879,0.93896,0.93864,0.93878,256.0,0,0.0
2025.06.06 16:10,0.93877,0.93896,0.93866,0.93894,278.0,0,0.0
2025.06.06 16:15,0.93897,0.93922,0.93892,0.93916,266.0,0,0.0
2025.06.06 16:20,0.93916,0.93921,0.93892,0.93897,250.0,0,0.0
2025.06.06 16:25,0.93896,0.93896,0.93863,0.93877,249.0,0,0.0
2025.06.06 16:30,0.93879,0.93884,0.93857,0.9386,244.0,0,0.0
2025.06.06 16:35,0.9386,0.93862,0.93846,0.93855,205.0,0,0.0
2025.06.06 16:40,0.93857,0.93861,0.93827,0.93829,198.0,0,0.0
2025.06.06 16:45,0.9383,0.93831,0.93798,0.93802,257.0,0,0.0
2025.06.06 16:50,0.93805,0.9383,0.93795,0.93802,242.0,0,0.0
2025.06.06 16:55,0.938,0.93806,0.93763,0.9377,352.0,0,0.0
2025.06.06 17:00,0.9377,0.93795,0.93761,0.93787,291.0,0,0.0
2025.06.06 17:05,0.93786,0.938,0.9377,0.93784,270.0,0,0.0
2025.06.06 17:10,0.93784,0.93829,0.93783,0.93825,240.0,0,0.0
2025.06.06 17:15,0.93826,0.93834,0.93792,0.93796,310.0,0,0.0
2025.06.06 17:20,0.93794,0.93795,0.93761,0.93776,280.0,0,0.0
2025.06.06 17:25,0.93775,0.93779,0.93737,0.93741,261.0,0,0.0
2025.06.06 17:30,0.93739,0.93739,0.93683,0.93702,256.0,0,0.0
2025.06.06 17:35,0.937,0.9371,0.93677,0.93679,266.0,0,0.0
2025.06.06 17:40,0.93685,0.93698,0.93647,0.93647,279.0,0,0.0
2025.06.06 17:45,0.93647,0.93712,0.93638,0.93712,258.0,0,0.0
2025.06.06 17:50,0.93712,0.93727,0.93695,0.93701,203.0,0,0.0
2025.06.06 17:55,0.93702,0.93704,0.9368,0.93686,210.0,0,0.0
2025.06.06 18:00,0.93687,0.93713,0.93685,0.93707,192.0,0,0.0
2025.06.06 18:05,0.93707,0.93707,0.93676,0.93682,197.0,0,0.0
2025.06.06 18:10,0.93682,0.93689,0.93668,0.93688,192.0,0,0.0
2025.06.06 18:15,0.93689,0.93697,0.93681,0.93685,190.0,0,0.0
2025.06.06 18:20,0.93686,0.93694,0.9368,0.93692,143.0,0,0.0
2025.06.06 18:25,0.93692,0.93703,0.93691,0.93702,145.0,0,0.0
2025.06.06 18:30,0.93703,0.93715,0.93697,0.93714,181.0,0,0.0
2025.06.06 18:35,0.93715,0.9373,0.93715,0.93727,184.0,0,0.0
2025.06.06 18:40,0.93727,0.93743,0.93723,0.93737,183.0,0,0.0
2025.06.06 18:45,0.93736,0.93748,0.93735,0.93748,152.0,0,0.0
2025.06.06 18:50,0.93748,0.9375,0.93724,0.93739,192.0,0,0.0
2025.06.06 18:55,0.93738,0.93738,0.93713,0.93729,227.0,0,0.0
2025.06.06 19:00,0.93729,0.93734,0.93707,0.93708,202.0,0,0.0
2025.06.06 19:05,0.93708,0.9371,0.93704,0.93708,124.0,0,0.0
2025.06.06 19:10,0.93709,0.93721,0.93709,0.93719,160.0,0,0.0
2025.06.06 19:15,0.9372,0.9373,0.93718,0.9373,131.0,0,0.0
2025.06.06 19:20,0.9373,0.9374,0.93729,0.93737,107.0,0,0.0
2025.06.06 19:25,0.93736,0.93738,0.93731,0.93732,139.0,0,0.0
2025.06.06 19:30,0.93733,0.93734,0.93727,0.9373,138.0,0,0.0
2025.06.06 19:35,0.9373,0.9373,0.93712,0.93714,158.0,0,0.0
2025.06.06 19:40,0.93714,0.9372,0.93706,0.93717,138.0,0,0.0
2025.06.06 19:45,0.93716,0.93725,0.93715,0.93716,131.0,0,0.0
2025.06.06 19:50,0.93715,0.93716,0.93706,0.93707,89.0,0,0.0
2025.06.06 19:55,0.93708,0.93713,0.93694,0.93695,177.0,0,0.0
2025.06.06 20:00,0.93695,0.93699,0.93686,0.9369,117.0,0,0.0
2025.06.06 20:05,0.93689,0.9369,0.9367,0.93671,86.0,0,0.0
2025.06.06 20:10,0.9367,0.93671,0.93651,0.93651,109.0,0,0.0
2025.06.06 20:15,0.93652,0.93657,0.93647,0.93654,79.0,0,0.0
2025.06.06 20:20,0.93655,0.93673,0.93653,0.93673,51.0,0,0.0
2025.06.06 20:25,0.93671,0.93696,0.93671,0.93696,114.0,0,0.0
2025.06.06 20:30,0.93698,0.93707,0.93694,0.93699,132.0,0,0.0
2025.06.06 20:35,0.93697,0.93699,0.93691,0.93693,74.0,0,0.0
2025.06.06 20:40,0.93692,0.93697,0.93683,0.93692,114.0,0,0.0
2025.06.06 20:45,0.93691,0.93711,0.9369,0.9371,113.0,0,0.0
2025.06.06 20:50,0.93709,0.93709,0.9368,0.93697,112.0,0,0.0
2025.06.06 20:55,0.93698,0.93704,0.93687,0.93704,125.0,0,0.0
2025.06.06 21:00,0.93705,0.93705,0.93692,0.93697,89.0,0,0.0
2025.06.06 21:05,0.93698,0.93707,0.93692,0.93692,69.0,0,0.0
2025.06.06 21:10,0.93688,0.9369,0.93675,0.93688,127.0,0,0.0
2025.06.06 21:15,0.93687,0.93702,0.93686,0.937,114.0,0,0.0
2025.06.06 21:20,0.93699,0.93705,0.93697,0.93698,95.0,0,0.0
2025.06.06 21:25,0.93699,0.93702,0.93697,0.93697,114.0,0,0.0
2025.06.06 21:30,0.93698,0.937,0.93692,0.93692,82.0,0,0.0
2025.06.06 21:35,0.93691,0.93699,0.93689,0.93699,83.0,0,0.0
2025.06.06 21:40,0.937,0.93701,0.93693,0.93697,67.0,0,0.0
2025.06.06 21:45,0.93696,0.93706,0.93695,0.937,79.0,0,0.0
2025.06.06 21:50,0.93701,0.93701,0.9369,0.9369,91.0,0,0.0
2025.06.06 21:55,0.93689,0.93689,0.93656,0.93656,107.0,0,0.0
2025.06.18 19:25,0.9404,0.94044,0.9403,0.94034,157.0,0,0.0
2025.06.18 19:30,0.94035,0.94035,0.94024,0.94028,169.0,0,0.0
2025.06.18 19:35,0.94028,0.94032,0.94013,0.94017,144.0,0,0.0
2025.06.18 19:40,0.94016,0.94025,0.93998,0.9402,196.0,0,0.0
2025.06.18 19:45,0.94019,0.94022,0.94006,0.94007,200.0,0,0.0
2025.06.18 19:50,0.94002,0.94013,0.93999,0.94005,216.0,0,0.0
2025.06.18 19:55,0.94005,0.94023,0.9394,0.93958,170.0,0,0.0
2025.06.18 20:40,0.94055,0.94086,0.94028,0.94031,264.0,0,0.0
2025.06.18 20:45,0.94029,0.94044,0.93994,0.94003,262.0,0,0.0
2025.06.18 20:50,0.94004,0.94006,0.93965,0.93971,268.0,0,0.0
2025.06.18 20:55,0.9397,0.94003,0.9397,0.93984,250.0,0,0.0
2025.06.18 21:00,0.93985,0.94002,0.93948,0.93962,300.0,0,0.0
2025.06.18 21:05,0.93961,0.93984,0.93945,0.93958,247.0,0,0.0
2025.06.18 21:15,0.94048,0.94053,0.93994,0.94009,249.0,0,0.0
2025.06.18 21:20,0.9401,0.94011,0.93986,0.93993,236.0,0,0.0
2025.06.18 21:25,0.93989,0.93995,0.93963,0.93974,189.0,0,0.0
2025.06.18 21:30,0.93976,0.94017,0.93969,0.94012,221.0,0,0.0
2025.06.18 21:35,0.94011,0.94018,0.94001,0.94009,146.0,0,0.0
2025.06.18 21:40,0.94008,0.9401,0.93997,0.94,124.0,0,0.0
2025.06.18 21:45,0.93998,0.94,0.93994,0.93997,117.0,0,0.0
2025.06.18 21:50,0.93996,0.94002,0.93981,0.93982,143.0,0,0.0
2025.06.18 21:55,0.93984,0.93999,0.93977,0.93999,125.0,0,0.0
2025.06.18 22:00,0.93998,0.94027,0.93994,0.94016,107.0,0,0.0
2025.06.18 22:05,0.94015,0.9402,0.94003,0.94013,82.0,0,0.0
2025.06.18 22:10,0.94014,0.9402,0.94011,0.94014,69.0,0,0.0
2025.06.18 22:15,0.94015,0.9402,0.94011,0.9402,69.0,0,0.0
2025.06.18 22:20,0.94021,0.94021,0.94006,0.94007,48.0,0,0.0
2025.06.18 22:25,0.94006,0.94006,0.93986,0.93994,61.0,0,0.0
2025.06.18 22:30,0.93993,0.93993,0.93973,0.93975,46.0,0,0.0
2025.06.18 22:35,0.93974,0.93984,0.93967,0.9398,85.0,0,0.0
2025.06.18 22:40,0.93979,0.93979,0.93971,0.93974,68.0,0,0.0
2025.06.18 22:45,0.93975,0.93982,0.93975,0.9398,49.0,0,0.0
2025.06.18 22:50,0.93983,0.93983,0.93965,0.93966,90.0,0,0.0
2025.06.18 22:55,0.93965,0.94003,0.93938,0.93962,118.0,0,0.0
2025.06.18 23:05,0.93965,0.93974,0.93942,0.93942,72.0,0,0.0
2025.06.18 23:10,0.9393,0.93943,0.93922,0.93932,15.0,0,0.0
2025.06.18 23:15,0.93934,0.93934,0.93929,0.93932,6.0,0,0.0
2025.06.18 23:20,0.9393,0.93961,0.93903,0.93961,21.0,0,0.0
2025.06.18 23:25,0.93948,0.93989,0.9392,0.9392,22.0,0,0.0
2025.06.18 23:30,0.93913,0.93932,0.939,0.93919,31.0,0,0.0
2025.06.18 23:35,0.93921,0.93925,0.93921,0.93922,6.0,0,0.0
2025.06.18 23:40,0.93928,0.93928,0.939,0.9392,8.0,0,0.0
2025.06.18 23:45,0.93918,0.93918,0.939,0.939,6.0,0,0.0
2025.06.18 23:50,0.939,0.93942,0.939,0.93942,10.0,0,0.0
2025.06.18 23:55,0.93937,0.93937,0.93923,0.93923,2.0,0,0.0
2025.06.19 00:00,0.93936,0.93982,0.93923,0.93952,141.0,0,0.0
2025.06.19 00:05,0.93952,0.93983,0.93952,0.93976,36.0,0,0.0
2025.06.19 00:10,0.93977,0.93996,0.93972,0.93991,136.0,0,0.0
2025.06.19 00:15,0.93992,0.93992,0.93984,0.93988,271.0,0,0.0
2025.06.19 00:20,0.93989,0.93989,0.93978,0.93981,102.0,0,0.0
2025.06.19 00:25,0.93981,0.93983,0.93981,0.93981,68.0,0,0.0
2025.06.19 00:30,0.93981,0.93984,0.93974,0.93982,115.0,0,0.0
2025.06.19 00:35,0.93982,0.9399,0.9398,0.93983,104.0,0,0.0
2025.06.19 00:40,0.93983,0.93984,0.93945,0.93945,104.0,0,0.0
2025.06.19 00:45,0.93972,0.93987,0.93972,0.93982,107.0,0,0.0
2025.06.19 00:50,0.93982,0.93982,0.93962,0.93973,124.0,0,0.0
2025.06.19 00:55,0.93974,0.93974,0.93971,0.93973,78.0,0,0.0
2025.06.19 01:00,0.93973,0.93974,0.93972,0.93974,108.0,0,0.0
2025.06.19 01:05,0.93974,0.93974,0.93961,0.93964,89.0,0,0.0
2025.06.19 01:10,0.93968,0.93976,0.93959,0.93974,68.0,0,0.0
2025.06.19 01:15,0.93973,0.93974,0.93958,0.93963,95.0,0,0.0
2025.06.19 01:20,0.93964,0.93981,0.93958,0.93971,123.0,0,0.0
2025.06.19 01:25,0.93972,0.93972,0.93948,0.93951,112.0,0,0.0
2025.06.19 01:30,0.93953,0.93964,0.93942,0.93953,117.0,0,0.0
2025.06.19 01:35,0.93952,0.93967,0.93952,0.93964,85.0,0,0.0
2025.06.19 01:40,0.93966,0.93983,0.93963,0.93976,155.0,0,0.0
2025.06.19 01:45,0.93977,0.93999,0.93974,0.93991,141.0,0,0.0
2025.06.19 01:50,0.9399,0.94,0.93989,0.93995,102.0,0,0.0
2025.06.19 01:55,0.93993,0.94007,0.93991,0.94007,142.0,0,0.0
2025.06.19 02:00,0.94006,0.94014,0.93995,0.94001,194.0,0,0.0
2025.06.19 02:05,0.94,0.94004,0.93989,0.94002,153.0,0,0.0
2025.06.19 02:10,0.94,0.94004,0.93987,0.93988,195.0,0,0.0
2025.06.19 02:15,0.93989,0.93989,0.93964,0.93969,167.0,0,0.0
2025.06.19 02:20,0.9397,0.93982,0.93969,0.93982,160.0,0,0.0
2025.06.19 02:25,0.93981,0.93989,0.93975,0.93984,161.0,0,0.0
2025.06.19 02:30,0.93985,0.94003,0.93984,0.94,175.0,0,0.0
2025.06.19 02:35,0.93999,0.94011,0.93993,0.9401,185.0,0,0.0
2025.06.19 02:40,0.94009,0.94023,0.94007,0.94023,186.0,0,0.0
2025.06.19 02:45,0.94025,0.94025,0.94008,0.94015,174.0,0,0.0
2025.06.19 02:50,0.94018,0.94022,0.94012,0.94018,194.0,0,0.0
2025.06.19 02:55,0.94016,0.94032,0.94016,0.94024,178.0,0,0.0
2025.06.19 03:00,0.94025,0.94025,0.93949,0.93949,176.0,0,0.0
2025.06.19 03:05,0.93948,0.93992,0.93923,0.93989,352.0,0,0.0
2025.06.19 03:10,0.93991,0.94011,0.93986,0.94008,204.0,0,0.0
2025.06.19 03:15,0.94009,0.94017,0.93989,0.9399,210.0,0,0.0
2025.06.19 03:20,0.9399,0.93992,0.93954,0.93961,212.0,0,0.0
2025.06.19 03:25,0.9396,0.93972,0.93945,0.93945,150.0,0,0.0
2025.06.19 03:30,0.93935,0.93974,0.93935,0.93974,162.0,0,0.0
2025.06.19 03:35,0.93973,0.93974,0.93947,0.9395,165.0,0,0.0
2025.06.19 03:40,0.93951,0.93956,0.93945,0.93946,170.0,0,0.0
2025.06.19 03:45,0.93947,0.93959,0.93943,0.93955,161.0,0,0.0
2025.06.19 03:50,0.93954,0.9396,0.93949,0.93959,140.0,0,0.0
2025.06.19 03:55,0.93958,0.93967,0.93934,0.93941,203.0,0,0.0
2025.06.19 04:00,0.9394,0.93951,0.93915,0.93926,169.0,0,0.0
2025.06.19 04:05,0.93927,0.93936,0.93922,0.93922,154.0,0,0.0
2025.06.19 04:10,0.93923,0.93924,0.93904,0.93906,168.0,0,0.0
2025.06.19 04:15,0.93905,0.9393,0.93905,0.93926,183.0,0,0.0
2025.06.19 04:20,0.93925,0.93931,0.93915,0.93919,141.0,0,0.0
2025.06.19 04:25,0.9392,0.93922,0.93905,0.93909,169.0,0,0.0
2025.06.19 04:30,0.93908,0.93917,0.93904,0.93909,105.0,0,0.0
2025.06.19 04:35,0.93908,0.93911,0.93903,0.93909,116.0,0,0.0
2025.06.19 04:40,0.93908,0.93925,0.93908,0.93924,96.0,0,0.0
2025.06.19 04:45,0.93922,0.93929,0.93922,0.93926,109.0,0,0.0
2025.06.19 04:50,0.93925,0.93938,0.93921,0.93936,70.0,0,0.0
2025.06.19 04:55,0.93937,0.93939,0.93932,0.93937,95.0,0,0.0
2025.06.19 05:00,0.93936,0.93965,0.93936,0.93963,131.0,0,0.0
2025.06.19 05:05,0.93962,0.93979,0.93962,0.93976,120.0,0,0.0
2025.06.19 05:10,0.93977,0.93991,0.93973,0.93979,119.0,0,0.0
2025.06.19 05:15,0.9398,0.9398,0.9397,0.93979,113.0,0,0.0
2025.06.19 05:20,0.9398,0.93984,0.93975,0.93975,162.0,0,0.0
2025.06.19 05:25,0.93976,0.94003,0.93973,0.93989,190.0,0,0.0
2025.06.19 05:30,0.9399,0.93998,0.93985,0.93996,206.0,0,0.0
2025.06.19 05:35,0.93995,0.94,0.93969,0.9397,169.0,0,0.0
2025.06.19 05:40,0.9397,0.93977,0.93969,0.93973,149.0,0,0.0
2025.06.19 05:45,0.93974,0.93975,0.93969,0.9397,76.0,0,0.0
2025.06.19 05:50,0.93972,0.9399,0.9397,0.93989,162.0,0,0.0
2025.06.19 05:55,0.93988,0.93991,0.93983,0.93986,150.0,0,0.0
2025.06.19 06:00,0.93985,0.9399,0.93977,0.93979,171.0,0,0.0
2025.06.19 06:05,0.93978,0.93982,0.93973,0.93977,120.0,0,0.0
2025.06.19 06:10,0.93978,0.93989,0.93975,0.93989,109.0,0,0.0
2025.06.19 06:15,0.9399,0.9399,0.93979,0.93984,85.0,0,0.0
2025.06.19 06:20,0.93983,0.93983,0.93973,0.9398,80.0,0,0.0
2025.06.19 06:25,0.93979,0.9398,0.93973,0.93974,105.0,0,0.0
2025.06.19 06:30,0.93975,0.93975,0.9396,0.93965,105.0,0,0.0
2025.06.19 06:35,0.93964,0.93981,0.93963,0.93965,108.0,0,0.0
2025.06.19 06:40,0.93964,0.93976,0.93963,0.93974,94.0,0,0.0
2025.06.19 06:45,0.93976,0.93977,0.93968,0.93969,104.0,0,0.0
2025.06.19 06:50,0.9397,0.93979,0.93967,0.93977,112.0,0,0.0
2025.06.19 06:55,0.93976,0.94003,0.93975,0.94002,123.0,0,0.0
2025.06.19 07:00,0.94003,0.94005,0.93987,0.9399,86.0,0,0.0
2025.06.19 07:05,0.93989,0.94005,0.93989,0.93996,127.0,0,0.0
2025.06.19 07:10,0.93997,0.93997,0.93978,0.93989,115.0,0,0.0
2025.06.19 07:15,0.93988,0.93997,0.93986,0.93989,87.0,0,0.0
2025.06.19 07:20,0.9399,0.93999,0.93985,0.93986,134.0,0,0.0
2025.06.19 07:25,0.93985,0.93988,0.93975,0.93975,124.0,0,0.0
2025.06.19 07:30,0.93976,0.93982,0.93974,0.93976,116.0,0,0.0
2025.06.19 07:35,0.93977,0.93989,0.93977,0.93986,166.0,0,0.0
2025.06.19 07:40,0.93987,0.93994,0.93984,0.9399,115.0,0,0.0
2025.06.19 07:45,0.93989,0.93991,0.93971,0.93972,152.0,0,0.0
2025.06.19 07:50,0.93973,0.93985,0.93963,0.93984,204.0,0,0.0
2025.06.19 07:55,0.93985,0.9399,0.9397,0.93974,132.0,0,0.0
2025.06.19 08:00,0.93973,0.94036,0.93969,0.94034,229.0,0,0.0
2025.06.19 08:05,0.94035,0.94039,0.94001,0.9401,218.0,0,0.0
2025.06.19 08:10,0.94009,0.94031,0.94005,0.94031,252.0,0,0.0
2025.06.19 08:15,0.9403,0.94044,0.94019,0.94037,233.0,0,0.0
2025.06.19 08:30,0.94034,0.94048,0.94025,0.94032,210.0,0,0.0
2025.06.19 08:35,0.9403,0.94039,0.94012,0.94014,222.0,0,0.0
2025.06.19 08:40,0.94015,0.94034,0.94009,0.94031,233.0,0,0.0
2025.06.19 09:30,0.94048,0.94088,0.93847,0.93967,455.0,0,0.0
2025.06.19 09:35,0.93966,0.94054,0.93952,0.93952,309.0,0,0.0
2025.06.19 09:40,0.93953,0.93965,0.93918,0.93959,317.0,0,0.0
2025.06.19 09:45,0.93959,0.93968,0.93854,0.93854,255.0,0,0.0
2025.06.19 09:50,0.93855,0.9387,0.93798,0.93855,269.0,0,0.0
2025.06.19 09:55,0.93856,0.93866,0.93805,0.93805,294.0,0,0.0
2025.06.19 10:00,0.93795,0.93884,0.93785,0.93877,304.0,0,0.0
2025.06.19 10:05,0.93878,0.93925,0.93875,0.9392,227.0,0,0.0
2025.06.19 10:10,0.93918,0.93931,0.93834,0.93834,241.0,0,0.0
2025.06.19 10:15,0.93835,0.93841,0.93782,0.93788,295.0,0,0.0
2025.06.19 10:20,0.93788,0.93811,0.93775,0.93806,251.0,0,0.0
2025.06.19 10:25,0.93807,0.93808,0.9374,0.93741,258.0,0,0.0
2025.06.19 10:30,0.9374,0.9375,0.93706,0.93713,245.0,0,0.0
2025.06.19 10:35,0.93712,0.9375,0.93706,0.93706,212.0,0,0.0
2025.06.19 10:40,0.93707,0.93709,0.93665,0.93671,255.0,0,0.0
2025.06.19 10:45,0.93672,0.93675,0.93632,0.93649,241.0,0,0.0
2025.06.19 10:50,0.93648,0.93702,0.93642,0.93694,258.0,0,0.0
2025.06.19 10:55,0.93695,0.93696,0.93636,0.93649,273.0,0,0.0
2025.06.19 11:00,0.9365,0.9365,0.93605,0.93641,246.0,0,0.0
2025.06.19 11:05,0.93639,0.9366,0.9362,0.93642,258.0,0,0.0
2025.06.19 11:10,0.93642,0.93665,0.9363,0.93662,267.0,0,0.0
2025.06.19 11:15,0.93663,0.93703,0.93657,0.93682,266.0,0,0.0
2025.06.19 11:20,0.93683,0.93692,0.93669,0.93686,292.0,0,0.0
2025.06.19 11:25,0.93685,0.93698,0.93682,0.9369,197.0,0,0.0
2025.06.19 11:30,0.9369,0.9371,0.93673,0.93707,243.0,0,0.0
2025.06.19 11:35,0.93706,0.93721,0.93682,0.93714,234.0,0,0.0
2025.06.19 11:40,0.93715,0.9372,0.93692,0.9372,192.0,0,0.0
2025.06.19 11:45,0.93719,0.9374,0.9371,0.93735,205.0,0,0.0
2025.06.19 11:50,0.93735,0.93766,0.93719,0.93758,269.0,0,0.0
2025.06.19 11:55,0.93757,0.93776,0.93753,0.93772,211.0,0,0.0
2025.06.19 12:00,0.93773,0.93809,0.93745,0.93807,264.0,0,0.0
2025.06.19 12:05,0.93805,0.93814,0.93784,0.93804,211.0,0,0.0
2025.06.19 12:10,0.93805,0.93816,0.93789,0.93809,230.0,0,0.0
2025.06.19 12:15,0.9381,0.93819,0.93783,0.93814,221.0,0,0.0
2025.06.19 12:20,0.93814,0.93825,0.93795,0.93824,235.0,0,0.0
2025.06.19 12:25,0.93821,0.93848,0.93812,0.93839,177.0,0,0.0
2025.06.19 12:30,0.9384,0.93889,0.93839,0.93886,161.0,0,0.0
2025.06.19 12:35,0.93885,0.93894,0.9387,0.9387,252.0,0,0.0
2025.06.19 12:40,0.93867,0.93872,0.9384,0.93845,127.0,0,0.0
2025.06.19 12:45,0.93845,0.9385,0.93815,0.93825,197.0,0,0.0
2025.06.19 12:50,0.93824,0.93867,0.93817,0.93866,184.0,0,0.0
2025.06.19 12:55,0.93865,0.93876,0.93805,0.93805,230.0,0,0.0
2025.06.19 13:00,0.93795,0.93869,0.93795,0.9386,281.0,0,0.0
2025.06.19 13:05,0.93861,0.93877,0.93846,0.93862,234.0,0,0.0
2025.06.19 13:10,0.93863,0.93868,0.93835,0.93853,244.0,0,0.0
2025.06.19 13:15,0.93852,0.9388,0.9385,0.93877,154.0,0,0.0
2025.06.19 13:20,0.93876,0.9388,0.93852,0.93862,169.0,0,0.0
2025.06.19 13:25,0.9386,0.93886,0.93857,0.93886,175.0,0,0.0
2025.06.19 13:30,0.93886,0.93892,0.93871,0.93883,231.0,0,0.0
2025.06.19 13:35,0.93881,0.9389,0.93877,0.93881,207.0,0,0.0
2025.06.19 13:40,0.93883,0.93888,0.93869,0.93869,182.0,0,0.0
2025.06.19 13:45,0.93871,0.93879,0.93866,0.93866,172.0,0,0.0
2025.06.19 13:50,0.93865,0.93901,0.93858,0.93899,199.0,0,0.0
2025.06.19 13:55,0.939,0.939,0.93849,0.9385,271.0,0,0.0
2025.06.19 14:00,0.9385,0.93868,0.93834,0.93856,309.0,0,0.0
2025.06.19 14:05,0.93856,0.93888,0.93856,0.93885,257.0,0,0.0
2025.06.19 14:10,0.93885,0.9389,0.93863,0.93868,264.0,0,0.0
2025.06.19 14:15,0.93869,0.93869,0.93831,0.93836,241.0,0,0.0
2025.06.19 14:20,0.93837,0.93845,0.93834,0.93842,272.0,0,0.0
2025.06.19 14:25,0.93841,0.9387,0.93837,0.93867,307.0,0,0.0
2025.06.19 14:30,0.93868,0.93871,0.93821,0.93821,197.0,0,0.0
2025.06.19 14:35,0.93821,0.93822,0.93802,0.93806,266.0,0,0.0
2025.06.19 14:40,0.93805,0.93818,0.93795,0.93818,252.0,0,0.0
2025.06.19 14:45,0.93817,0.9382,0.93807,0.93819,211.0,0,0.0
2025.06.19 14:50,0.93818,0.93841,0.93818,0.93838,266.0,0,0.0
2025.06.19 14:55,0.93837,0.9384,0.93819,0.93826,198.0,0,0.0
2025.06.19 15:00,0.93816,0.93822,0.93804,0.93811,194.0,0,0.0
2025.06.19 15:05,0.9381,0.93831,0.93797,0.93809,207.0,0,0.0
2025.06.19 15:10,0.93807,0.93822,0.93801,0.93818,215.0,0,0.0
2025.06.19 15:15,0.93819,0.93836,0.93813,0.93834,155.0,0,0.0
2025.06.19 15:20,0.93835,0.93837,0.93799,0.93799,208.0,0,0.0
2025.06.19 15:25,0.93799,0.93817,0.93797,0.93817,221.0,0,0.0
2025.06.19 15:30,0.93817,0.9382,0.93803,0.93819,209.0,0,0.0
2025.06.19 15:35,0.93819,0.93829,0.93802,0.93827,207.0,0,0.0
2025.06.19 15:40,0.93826,0.93829,0.93802,0.93802,207.0,0,0.0
2025.06.19 15:45,0.93801,0.93808,0.93794,0.93808,209.0,0,0.0
2025.06.19 15:50,0.93807,0.93819,0.93797,0.93797,180.0,0,0.0
2025.06.19 15:55,0.93796,0.93826,0.93796,0.93817,200.0,0,0.0
2025.06.19 16:00,0.93818,0.93857,0.93816,0.93848,212.0,0,0.0
2025.06.19 16:05,0.93848,0.93862,0.9384,0.9386,213.0,0,0.0
2025.06.19 16:10,0.93859,0.93861,0.93855,0.93857,123.0,0,0.0
2025.06.19 16:15,0.93856,0.93861,0.93852,0.93857,173.0,0,0.0
2025.06.19 16:20,0.93858,0.93894,0.93856,0.93894,173.0,0,0.0
2025.06.19 16:25,0.93893,0.93931,0.93888,0.93888,225.0,0,0.0
2025.06.19 16:30,0.93889,0.93902,0.93862,0.93865,214.0,0,0.0
2025.06.19 16:35,0.93866,0.93872,0.93864,0.93867,259.0,0,0.0
2025.06.19 16:40,0.93866,0.9392,0.93857,0.9392,242.0,0,0.0
2025.06.19 16:45,0.93919,0.93952,0.93914,0.93921,214.0,0,0.0
2025.06.19 16:50,0.9392,0.93927,0.93883,0.93915,260.0,0,0.0
2025.06.19 16:55,0.93916,0.93938,0.93903,0.93919,272.0,0,0.0
2025.06.19 17:00,0.9392,0.93938,0.93914,0.93932,253.0,0,0.0
2025.06.19 17:05,0.93931,0.93958,0.93921,0.93921,213.0,0,0.0
2025.06.19 17:10,0.9392,0.93924,0.93895,0.93897,221.0,0,0.0
2025.06.19 17:15,0.93898,0.93912,0.93892,0.93912,237.0,0,0.0
2025.06.19 17:20,0.9391,0.93913,0.93898,0.93907,157.0,0,0.0
2025.06.19 17:25,0.93907,0.9391,0.93879,0.93887,108.0,0,0.0
2025.06.19 17:30,0.93887,0.93889,0.9387,0.93881,82.0,0,0.0
2025.06.19 17:35,0.93879,0.93879,0.93855,0.93863,56.0,0,0.0
2025.06.19 17:40,0.93863,0.93873,0.93859,0.93872,154.0,0,0.0
2025.06.19 17:45,0.93873,0.93876,0.9386,0.93874,184.0,0,0.0
2025.06.19 17:50,0.93875,0.9388,0.93865,0.93873,173.0,0,0.0
2025.06.19 17:55,0.93874,0.93876,0.93849,0.93852,165.0,0,0.0
2025.06.19 18:00,0.93851,0.93854,0.93824,0.93827,130.0,0,0.0
2025.06.19 18:05,0.9383,0.93845,0.9383,0.93839,134.0,0,0.0
2025.06.19 18:10,0.9384,0.93847,0.93839,0.93843,123.0,0,0.0
2025.06.19 18:15,0.93843,0.93863,0.93843,0.93855,177.0,0,0.0
2025.06.19 18:20,0.93855,0.93869,0.93854,0.93864,161.0,0,0.0
2025.06.19 18:25,0.93864,0.93864,0.93827,0.93835,120.0,0,0.0
2025.06.19 18:30,0.93833,0.93837,0.93821,0.93824,154.0,0,0.0
2025.06.19 18:35,0.93824,0.93826,0.93815,0.93817,86.0,0,0.0
2025.06.19 18:40,0.93816,0.93821,0.93816,0.93819,104.0,0,0.0
2025.06.19 18:45,0.93817,0.93818,0.93809,0.93813,62.0,0,0.0
2025.06.19 18:50,0.93812,0.93813,0.93802,0.93808,89.0,0,0.0
2025.06.19 18:55,0.93809,0.93815,0.93804,0.93804,78.0,0,0.0
2025.06.19 19:00,0.93804,0.93811,0.93801,0.93811,79.0,0,0.0
2025.06.19 19:05,0.9381,0.9381,0.93804,0.93806,77.0,0,0.0
2025.06.19 19:10,0.93807,0.93811,0.93799,0.93809,93.0,0,0.0
2025.06.19 19:15,0.93808,0.93826,0.93808,0.93823,47.0,0,0.0
2025.06.19 19:20,0.93824,0.93837,0.93823,0.9383,88.0,0,0.0
2025.06.19 19:25,0.93829,0.93832,0.93825,0.93829,54.0,0,0.0
2025.06.19 19:30,0.9383,0.9386,0.9383,0.9386,83.0,0,0.0
2025.06.19 19:35,0.93859,0.93869,0.93841,0.93855,104.0,0,0.0
2025.06.19 19:40,0.93853,0.93883,0.93853,0.9388,93.0,0,0.0
2025.06.19 19:45,0.93879,0.93905,0.93874,0.93889,151.0,0,0.0
2025.06.19 19:50,0.93888,0.93908,0.93885,0.93903,124.0,0,0.0
2025.06.19 19:55,0.93902,0.93903,0.93893,0.93896,156.0,0,0.0
2025.06.19 20:00,0.93896,0.93934,0.93891,0.93934,104.0,0,0.0
2025.06.19 20:05,0.93933,0.93939,0.93919,0.93928,84.0,0,0.0
2025.06.19 20:10,0.93929,0.93936,0.93914,0.93924,71.0,0,0.0
2025.06.19 20:15,0.93923,0.93924,0.93915,0.93917,52.0,0,0.0
2025.06.19 20:20,0.93916,0.93917,0.93898,0.93909,62.0,0,0.0
2025.06.19 20:25,0.93908,0.93912,0.93903,0.93903,50.0,0,0.0
2025.06.19 20:30,0.93904,0.93905,0.93897,0.93899,55.0,0,0.0
2025.06.19 20:35,0.93898,0.93898,0.93882,0.93883,56.0,0,0.0
2025.06.19 20:40,0.93882,0.93894,0.9388,0.93888,46.0,0,0.0
2025.06.19 20:45,0.93887,0.93891,0.93885,0.93891,23.0,0,0.0
2025.06.19 20:50,0.9389,0.93891,0.93886,0.9389,32.0,0,0.0
2025.06.19 20:55,0.93889,0.93895,0.93887,0.93891,46.0,0,0.0
2025.06.19 21:00,0.9389,0.9389,0.93858,0.93862,67.0,0,0.0
2025.06.19 21:05,0.93861,0.93863,0.93844,0.93845,96.0,0,0.0
2025.06.19 21:10,0.93843,0.93843,0.93823,0.93841,115.0,0,0.0
2025.06.19 21:15,0.93842,0.93852,0.9381,0.93829,122.0,0,0.0
2025.06.19 21:20,0.93828,0.93844,0.93823,0.93844,114.0,0,0.0
2025.06.19 21:25,0.93845,0.93896,0.93844,0.93885,101.0,0,0.0
2025.06.19 21:30,0.93884,0.93899,0.93881,0.93882,102.0,0,0.0
2025.06.19 21:35,0.93886,0.93886,0.93825,0.93836,193.0,0,0.0
2025.06.19 21:40,0.93835,0.93837,0.93814,0.93819,164.0,0,0.0
2025.06.19 21:45,0.93818,0.93831,0.93815,0.93825,130.0,0,0.0
2025.06.19 21:50,0.93826,0.93837,0.93803,0.93813,152.0,0,0.0
2025.06.19 21:55,0.93812,0.93834,0.93798,0.93833,73.0,0,0.0
2025.06.19 22:00,0.93832,0.93839,0.93832,0.93836,54.0,0,0.0
2025.06.19 22:05,0.93835,0.93841,0.93835,0.9384,39.0,0,0.0
2025.06.19 22:10,0.93841,0.93841,0.93832,0.93835,57.0,0,0.0
2025.06.19 22:15,0.93834,0.93836,0.93834,0.93835,12.0,0,0.0
2025.06.19 22:20,0.93839,0.93851,0.93838,0.9385,35.0,0,0.0
2025.06.19 22:25,0.93851,0.93857,0.93849,0.93857,24.0,0,0.0
2025.06.19 22:30,0.93858,0.93867,0.93857,0.93867,57.0,0,0.0
2025.06.19 22:35,0.93866,0.93867,0.93864,0.93867,34.0,0,0.0
2025.06.19 22:40,0.93866,0.93869,0.93862,0.93864,93.0,0,0.0
2025.06.19 22:45,0.93864,0.93874,0.93861,0.93874,123.0,0,0.0
2025.06.19 22:50,0.93866,0.9387,0.93853,0.93861,28.0,0,0.0
2025.06.19 22:55,0.93865,0.93869,0.93832,0.93832,205.0,0,0.0
2025.06.19 23:10,0.93796,0.93796,0.93795,0.93795,2.0,0,0.0
2025.06.19 23:15,0.93798,0.93802,0.93789,0.93799,5.0,0,0.0
2025.06.19 23:20,0.938,0.938,0.93788,0.93798,5.0,0,0.0
2025.06.19 23:25,0.93788,0.93801,0.93755,0.93799,75.0,0,0.0
2025.06.19 23:30,0.9379,0.93795,0.93786,0.93786,4.0,0,0.0
2025.06.19 23:35,0.93787,0.93792,0.93768,0.93768,32.0,0,0.0
2025.06.19 23:40,0.93763,0.9378,0.93763,0.93779,11.0,0,0.0
2025.06.19 23:45,0.93787,0.93788,0.93772,0.9378,15.0,0,0.0
2025.06.19 23:50,0.93775,0.93791,0.93769,0.93789,21.0,0,0.0
2025.06.19 23:55,0.9378,0.93789,0.93773,0.93781,6.0,0,0.0
2025.06.20 00:00,0.93775,0.93882,0.93755,0.93853,122.0,0,0.0
2025.06.20 00:05,0.93854,0.939,0.93846,0.93878,101.0,0,0.0
2025.06.20 00:10,0.93879,0.93897,0.93869,0.93892,105.0,0,0.0
2025.06.20 00:15,0.93893,0.93895,0.93879,0.93894,134.0,0,0.0
2025.06.20 00:20,0.93894,0.93894,0.93885,0.93892,113.0,0,0.0
2025.06.20 00:25,0.93892,0.939,0.93885,0.93893,52.0,0,0.0
2025.06.20 00:30,0.93894,0.93906,0.93891,0.93894,92.0,0,0.0
2025.06.20 00:35,0.93893,0.93912,0.93892,0.93893,92.0,0,0.0
2025.06.20 00:40,0.93896,0.93906,0.93894,0.93903,82.0,0,0.0
2025.06.20 00:45,0.93903,0.93913,0.93901,0.93912,57.0,0,0.0
2025.06.20 00:50,0.93913,0.93925,0.93907,0.93922,102.0,0,0.0
2025.06.20 00:55,0.93923,0.93929,0.93914,0.93914,125.0,0,0.0
2025.06.20 01:00,0.93916,0.93935,0.93915,0.93931,115.0,0,0.0
2025.06.20 01:05,0.93927,0.93951,0.93927,0.93951,80.0,0,0.0
2025.06.20 01:10,0.9395,0.93953,0.93931,0.93944,79.0,0,0.0
2025.06.20 01:15,0.93944,0.93948,0.93941,0.93947,84.0,0,0.0
2025.06.20 01:20,0.93948,0.93956,0.93945,0.93948,76.0,0,0.0
2025.06.20 01:25,0.9395,0.9396,0.93947,0.93953,58.0,0,0.0
2025.06.20 01:30,0.93954,0.93961,0.93943,0.93956,124.0,0,0.0
2025.06.20 01:35,0.93955,0.93959,0.93951,0.93954,79.0,0,0.0
2025.06.20 01:40,0.93956,0.9396,0.93949,0.93955,102.0,0,0.0
2025.06.20 01:45,0.93954,0.93962,0.93951,0.93953,107.0,0,0.0
2025.06.20 01:50,0.93953,0.93973,0.93953,0.9397,85.0,0,0.0
2025.06.20 01:55,0.93969,0.93978,0.93966,0.93976,109.0,0,0.0
2025.06.20 02:00,0.93975,0.93979,0.93966,0.93975,149.0,0,0.0
2025.06.20 02:05,0.93974,0.93989,0.93971,0.93988,105.0,0,0.0
2025.06.20 02:10,0.93989,0.94012,0.93987,0.94009,97.0,0,0.0
2025.06.20 02:15,0.94008,0.94012,0.93999,0.9401,148.0,0,0.0
2025.06.20 02:20,0.94011,0.94016,0.94006,0.94009,149.0,0,0.0
2025.06.20 02:25,0.9401,0.94014,0.94004,0.94006,134.0,0,0.0
2025.06.20 02:30,0.94007,0.94009,0.93996,0.94003,128.0,0,0.0
2025.06.20 02:35,0.94002,0.94008,0.93999,0.94006,124.0,0,0.0
2025.06.20 02:40,0.94007,0.9401,0.94003,0.94006,112.0,0,0.0
2025.06.20 02:45,0.94005,0.94009,0.94001,0.94005,115.0,0,0.0
2025.06.20 02:50,0.94006,0.94028,0.94,0.94024,125.0,0,0.0
2025.06.20 02:55,0.9402,0.94024,0.9401,0.94015,134.0,0,0.0
2025.06.20 03:00,0.94011,0.94021,0.93995,0.94015,134.0,0,0.0
2025.06.20 03:05,0.94016,0.94021,0.94003,0.94012,143.0,0,0.0
2025.06.20 03:10,0.94011,0.94021,0.93999,0.94016,168.0,0,0.0
2025.06.20 03:30,0.94046,0.9405,0.94034,0.94035,155.0,0,0.0
2025.06.20 03:35,0.94034,0.94036,0.9401,0.94014,150.0,0,0.0
2025.06.20 03:40,0.94012,0.94014,0.94003,0.9401,172.0,0,0.0
2025.06.20 03:45,0.9401,0.94019,0.93991,0.93994,188.0,0,0.0
2025.06.20 03:50,0.93996,0.94003,0.93988,0.93995,208.0,0,0.0
2025.06.20 03:55,0.93994,0.93994,0.93974,0.93989,192.0,0,0.0
2025.06.20 04:00,0.93989,0.94023,0.93977,0.94016,211.0,0,0.0
2025.06.20 04:05,0.94015,0.94023,0.93978,0.93978,140.0,0,0.0
2025.06.20 04:10,0.93979,0.94021,0.93966,0.94006,339.0,0,0.0
2025.06.20 04:15,0.94006,0.9403,0.94005,0.94017,228.0,0,0.0
2025.06.20 04:20,0.94019,0.94026,0.94012,0.94023,167.0,0,0.0
2025.06.20 05:10,0.9407,0.94083,0.94037,0.94037,248.0,0,0.0
2025.06.20 07:45,0.94052,0.94056,0.94014,0.94014,215.0,0,0.0
2025.06.20 08:15,0.94044,0.94046,0.94018,0.9402,254.0,0,0.0
2025.06.20 08:20,0.94019,0.9402,0.94003,0.94006,190.0,0,0.0
2025.06.20 08:25,0.94008,0.94012,0.93981,0.94001,203.0,0,0.0
2025.06.20 08:30,0.94,0.94001,0.9397,0.93973,213.0,0,0.0
2025.06.20 08:35,0.93973,0.9398,0.93915,0.93915,224.0,0,0.0
2025.06.20 08:40,0.93925,0.93953,0.93925,0.93937,188.0,0,0.0
2025.06.20 08:45,0.93937,0.93941,0.93899,0.93916,211.0,0,0.0
2025.06.20 08:50,0.93916,0.93961,0.93914,0.93952,205.0,0,0.0
2025.06.20 08:55,0.93951,0.93955,0.93935,0.93948,212.0,0,0.0
2025.06.20 09:00,0.93941,0.93954,0.93915,0.93921,210.0,0,0.0
2025.06.20 09:05,0.93919,0.93957,0.93914,0.93956,217.0,0,0.0
2025.06.20 09:10,0.93959,0.9397,0.9394,0.93952,212.0,0,0.0
2025.06.20 09:15,0.93951,0.93956,0.93927,0.93945,147.0,0,0.0
2025.06.20 09:20,0.93945,0.93967,0.93943,0.93944,133.0,0,0.0
2025.06.20 09:25,0.93952,0.9398,0.93951,0.93978,190.0,0,0.0
2025.06.20 09:30,0.93978,0.93995,0.93977,0.93982,132.0,0,0.0
2025.06.20 09:35,0.93982,0.94002,0.93981,0.93997,165.0,0,0.0
2025.06.20 09:40,0.93998,0.94004,0.93983,0.93992,179.0,0,0.0
2025.06.20 09:45,0.93989,0.94001,0.93983,0.93998,139.0,0,0.0
2025.06.20 09:50,0.93997,0.94006,0.93984,0.93988,175.0,0,0.0
2025.06.20 09:55,0.93989,0.93995,0.93978,0.9398,132.0,0,0.0
2025.06.20 10:00,0.9398,0.93994,0.93967,0.93983,188.0,0,0.0
2025.06.20 10:05,0.93983,0.9399,0.9397,0.93982,190.0,0,0.0
2025.06.20 10:10,0.93981,0.93987,0.93972,0.93976,162.0,0,0.0
2025.06.20 10:15,0.93977,0.94019,0.93977,0.93995,145.0,0,0.0
2025.06.20 10:20,0.93996,0.94006,0.93991,0.94005,190.0,0,0.0
2025.06.20 10:25,0.94006,0.94019,0.93996,0.94008,171.0,0,0.0
2025.06.20 10:30,0.9401,0.9401,0.93991,0.94005,222.0,0,0.0
2025.06.20 10:35,0.94006,0.94015,0.93995,0.94006,137.0,0,0.0
2025.06.20 10:40,0.94005,0.94017,0.93999,0.93999,210.0,0,0.0
2025.06.20 10:45,0.93999,0.94014,0.93999,0.94009,181.0,0,0.0
2025.06.20 10:50,0.94007,0.94019,0.93997,0.94015,187.0,0,0.0
2025.06.20 10:55,0.94016,0.94027,0.94011,0.94017,198.0,0,0.0
2025.06.20 15:05,0.94052,0.94053,0.94021,0.94028,184.0,0,0.0
2025.06.22 23:00,0.93575,0.93627,0.93562,0.93627,22.0,0,0.0
2025.06.22 23:05,0.93645,0.93774,0.93627,0.93774,87.0,0,0.0
2025.06.22 23:10,0.93774,0.93774,0.93774,0.93774,3.0,0,0.0
2025.06.22 23:15,0.93774,0.93774,0.93774,0.93774,10.0,0,0.0
2025.06.22 23:20,0.93774,0.93774,0.93774,0.93774,9.0,0,0.0
2025.06.22 23:25,0.93774,0.93774,0.93595,0.93714,4.0,0,0.0
2025.06.22 23:30,0.93714,0.93714,0.93714,0.93714,22.0,0,0.0
2025.06.22 23:35,0.93714,0.93714,0.93714,0.93714,3.0,0,0.0
2025.06.22 23:40,0.93714,0.93714,0.93714,0.93714,20.0,0,0.0
2025.06.22 23:45,0.93714,0.93714,0.93714,0.93714,26.0,0,0.0
2025.06.22 23:50,0.93714,0.93714,0.93714,0.93714,30.0,0,0.0
2025.06.22 23:55,0.93714,0.9377,0.93714,0.9375,27.0,0,0.0
2025.06.23 00:00,0.93765,0.93946,0.93765,0.93852,249.0,0,0.0
2025.06.23 00:05,0.93852,0.93955,0.9385,0.93955,210.0,0,0.0
2025.06.23 00:10,0.93952,0.93956,0.93914,0.93925,265.0,0,0.0
2025.06.23 00:15,0.93925,0.93938,0.9389,0.93903,310.0,0,0.0
2025.06.23 00:20,0.93903,0.93914,0.93895,0.93913,269.0,0,0.0
2025.06.23 00:25,0.93913,0.93924,0.93902,0.93919,345.0,0,0.0
2025.06.23 00:30,0.9392,0.93975,0.93918,0.93958,315.0,0,0.0
2025.06.23 00:35,0.93959,0.94006,0.93956,0.94,204.0,0,0.0
2025.06.23 00:40,0.94001,0.9402,0.94,0.94018,127.0,0,0.0
2025.06.23 00:45,0.94018,0.94029,0.94012,0.94014,172.0,0,0.0
2025.06.23 00:50,0.94013,0.94018,0.93999,0.9401,133.0,0,0.0
2025.06.23 00:55,0.94009,0.94011,0.93993,0.94001,146.0,0,0.0
2025.06.23 01:00,0.94003,0.94004,0.9399,0.94001,187.0,0,0.0
2025.06.23 01:05,0.93999,0.94012,0.93997,0.9401,131.0,0,0.0
2025.06.23 01:10,0.9401,0.94024,0.94005,0.94017,142.0,0,0.0
2025.06.23 01:15,0.94018,0.94033,0.94009,0.94033,162.0,0,0.0
2025.06.23 01:20,0.94031,0.94035,0.94018,0.9403,161.0,0,0.0
2025.06.23 01:25,0.9403,0.9404,0.94011,0.94022,165.0,0,0.0
2025.06.23 02:00,0.94043,0.94046,0.94031,0.94036,191.0,0,0.0
2025.06.23 03:00,0.9405,0.94059,0.94028,0.94028,100.0,0,0.0
2025.06.23 03:05,0.94025,0.94036,0.94016,0.94025,105.0,0,0.0
2025.06.23 03:10,0.94026,0.9403,0.94,0.94001,120.0,0,0.0
2025.06.23 03:15,0.94004,0.94006,0.94,0.94002,155.0,0,0.0
2025.06.23 03:20,0.94001,0.94009,0.93999,0.94001,127.0,0,0.0
2025.06.23 03:25,0.94002,0.94005,0.93998,0.94,112.0,0,0.0
2025.06.23 03:30,0.93999,0.94006,0.93998,0.94003,67.0,0,0.0
2025.06.23 03:40,0.94039,0.94039,0.94025,0.94025,154.0,0,0.0
2025.06.23 04:30,0.94055,0.94056,0.94029,0.94032,192.0,0,0.0
2025.06.23 04:35,0.94032,0.94033,0.9402,0.94023,101.0,0,0.0
2025.06.23 04:40,0.94022,0.94025,0.94008,0.94015,105.0,0,0.0
2025.06.23 04:45,0.94013,0.94019,0.94013,0.94014,103.0,0,0.0
2025.06.23 04:50,0.94016,0.94017,0.9401,0.94015,96.0,0,0.0
2025.06.23 04:55,0.94014,0.94019,0.94011,0.94016,85.0,0,0.0
2025.06.23 05:00,0.94017,0.9403,0.94016,0.94025,205.0,0,0.0
2025.06.23 05:05,0.94026,0.94049,0.94025,0.94027,216.0,0,0.0
2025.06.23 05:10,0.94028,0.94028,0.94016,0.94019,195.0,0,0.0
2025.06.23 05:15,0.94021,0.94028,0.94016,0.94018,193.0,0,0.0
2025.06.23 05:20,0.94017,0.94022,0.94002,0.94004,178.0,0,0.0
2025.06.23 05:25,0.94003,0.94008,0.93971,0.93972,174.0,0,0.0
2025.06.23 05:30,0.93974,0.93992,0.93956,0.9399,147.0,0,0.0
2025.06.23 05:35,0.93989,0.94011,0.93989,0.93998,116.0,0,0.0
2025.06.23 05:40,0.93996,0.94006,0.93993,0.94002,129.0,0,0.0
2025.06.23 05:45,0.94003,0.94009,0.93985,0.93992,163.0,0,0.0
2025.06.23 05:50,0.93991,0.93998,0.93989,0.93989,146.0,0,0.0
2025.06.23 05:55,0.93988,0.93988,0.93978,0.93985,130.0,0,0.0
2025.06.23 06:00,0.93986,0.94001,0.93983,0.93988,196.0,0,0.0
2025.06.23 06:05,0.93987,0.94002,0.93982,0.93994,161.0,0,0.0
2025.06.23 06:10,0.93993,0.94003,0.93992,0.93994,133.0,0,0.0
2025.06.23 06:15,0.93993,0.94012,0.9399,0.94012,99.0,0,0.0
2025.06.23 06:20,0.94012,0.94017,0.93997,0.94004,189.0,0,0.0
2025.06.23 06:25,0.94003,0.9401,0.94001,0.94006,153.0,0,0.0
2025.06.23 06:30,0.94007,0.94035,0.94007,0.94019,131.0,0,0.0
2025.06.23 06:35,0.94018,0.94019,0.93999,0.94,113.0,0,0.0
2025.06.23 06:40,0.93999,0.94007,0.93991,0.93993,96.0,0,0.0
2025.06.23 06:45,0.93994,0.93999,0.93977,0.93983,123.0,0,0.0
2025.06.23 06:50,0.93982,0.93992,0.93979,0.93991,82.0,0,0.0
2025.06.23 06:55,0.9399,0.94018,0.9399,0.94007,118.0,0,0.0
2025.06.23 07:00,0.94008,0.94031,0.94008,0.94029,169.0,0,0.0
2025.06.23 08:30,0.94075,0.94085,0.94037,0.94037,203.0,0,0.0
2025.06.23 08:40,0.94059,0.94065,0.94032,0.94035,205.0,0,0.0
2025.06.23 08:45,0.94038,0.94042,0.94013,0.94018,222.0,0,0.0
2025.06.23 08:50,0.94016,0.94022,0.94005,0.94012,177.0,0,0.0
2025.06.23 08:55,0.94012,0.94012,0.93951,0.93958,257.0,0,0.0
2025.06.23 09:00,0.93964,0.93988,0.93918,0.93943,312.0,0,0.0
2025.06.23 09:05,0.93943,0.93943,0.9387,0.93883,222.0,0,0.0
2025.06.23 09:10,0.93886,0.93988,0.93885,0.9391,281.0,0,0.0
2025.06.23 09:15,0.93888,0.93945,0.93872,0.9392,270.0,0,0.0
2025.06.23 09:20,0.9392,0.93948,0.93919,0.93943,198.0,0,0.0
2025.06.23 09:25,0.93942,0.9397,0.93905,0.93917,246.0,0,0.0
2025.06.23 09:30,0.93898,0.93986,0.93898,0.93973,253.0,0,0.0
2025.06.23 09:35,0.93972,0.9399,0.93961,0.93966,226.0,0,0.0
2025.06.23 09:40,0.93965,0.93967,0.93924,0.93949,239.0,0,0.0
2025.06.23 09:45,0.93946,0.93962,0.93921,0.93934,256.0,0,0.0
2025.06.23 09:50,0.93934,0.93935,0.9387,0.93871,230.0,0,0.0
2025.06.23 09:55,0.93872,0.93925,0.9387,0.93907,280.0,0,0.0
2025.06.23 10:00,0.93921,0.93924,0.93877,0.93893,272.0,0,0.0
2025.06.23 10:05,0.93895,0.93942,0.93891,0.93938,225.0,0,0.0
2025.06.23 10:10,0.93938,0.93959,0.93928,0.93941,193.0,0,0.0
2025.06.23 10:15,0.9394,0.93943,0.93891,0.93909,210.0,0,0.0
2025.06.23 10:20,0.9391,0.93928,0.93902,0.93919,172.0,0,0.0
2025.06.23 10:25,0.93918,0.9392,0.93903,0.93916,172.0,0,0.0
2025.06.23 10:30,0.93918,0.9394,0.93918,0.93937,214.0,0,0.0
2025.06.23 10:35,0.93935,0.93943,0.93905,0.93929,147.0,0,0.0
2025.06.23 10:40,0.93928,0.93929,0.93901,0.93905,192.0,0,0.0
2025.06.23 10:45,0.93906,0.93942,0.939,0.93935,218.0,0,0.0
2025.06.23 10:50,0.93934,0.93957,0.93905,0.93923,248.0,0,0.0
2025.06.23 10:55,0.93924,0.93933,0.93904,0.93906,239.0,0,0.0
2025.06.23 11:00,0.93907,0.93949,0.93886,0.93886,237.0,0,0.0
2025.06.23 11:05,0.93882,0.93905,0.93858,0.93876,280.0,0,0.0
2025.06.23 11:10,0.93875,0.93877,0.93835,0.93856,300.0,0,0.0
2025.06.23 11:15,0.93857,0.93878,0.9385,0.93868,241.0,0,0.0
2025.06.23 11:20,0.9387,0.93871,0.9383,0.9384,197.0,0,0.0
2025.06.23 11:25,0.93839,0.93851,0.93793,0.93817,248.0,0,0.0
2025.06.23 11:30,0.93818,0.93819,0.93775,0.93817,239.0,0,0.0
2025.06.23 11:35,0.93816,0.93843,0.93803,0.9381,206.0,0,0.0
2025.06.23 11:40,0.9381,0.93818,0.93778,0.93793,236.0,0,0.0
2025.06.23 11:45,0.93793,0.93837,0.93793,0.93809,184.0,0,0.0
2025.06.23 11:50,0.93809,0.93831,0.93803,0.9383,146.0,0,0.0
2025.06.23 11:55,0.93829,0.93861,0.93827,0.93855,224.0,0,0.0
2025.06.23 12:00,0.93854,0.93867,0.93835,0.9385,250.0,0,0.0
2025.06.23 12:05,0.93851,0.93877,0.93848,0.93877,195.0,0,0.0
2025.06.23 12:10,0.93876,0.93884,0.93862,0.93873,184.0,0,0.0
2025.06.23 12:15,0.93872,0.93887,0.93849,0.9386,204.0,0,0.0
2025.06.23 12:20,0.93859,0.93865,0.93846,0.93853,193.0,0,0.0
2025.06.23 12:25,0.93853,0.93886,0.9385,0.93858,192.0,0,0.0
2025.06.23 12:30,0.93857,0.93893,0.9385,0.93881,250.0,0,0.0
2025.06.23 12:35,0.93882,0.93892,0.9386,0.93861,176.0,0,0.0
2025.06.23 12:40,0.9386,0.93869,0.93845,0.93847,203.0,0,0.0
2025.06.23 12:45,0.93846,0.93853,0.93833,0.93837,186.0,0,0.0
2025.06.23 12:50,0.93838,0.9384,0.9382,0.93824,204.0,0,0.0
2025.06.23 12:55,0.93823,0.93834,0.93804,0.9383,179.0,0,0.0
2025.06.23 13:00,0.9383,0.93833,0.93807,0.93816,206.0,0,0.0
2025.06.23 13:05,0.93817,0.9384,0.93799,0.93837,192.0,0,0.0
2025.06.23 13:10,0.93838,0.9384,0.93801,0.93811,196.0,0,0.0
2025.06.23 13:15,0.93809,0.93821,0.93796,0.93819,133.0,0,0.0
2025.06.23 13:20,0.93817,0.93823,0.93804,0.93816,178.0,0,0.0
2025.06.23 13:25,0.93815,0.93872,0.93814,0.93867,187.0,0,0.0
2025.06.23 13:30,0.93867,0.93868,0.93823,0.93823,190.0,0,0.0
2025.06.23 13:35,0.93822,0.93842,0.93818,0.93821,158.0,0,0.0
2025.06.23 13:40,0.9382,0.93821,0.93795,0.93811,193.0,0,0.0
2025.06.23 13:45,0.93809,0.93814,0.93796,0.93796,213.0,0,0.0
2025.06.23 13:50,0.93795,0.93795,0.93753,0.93787,256.0,0,0.0
2025.06.23 13:55,0.93792,0.93797,0.93755,0.93797,303.0,0,0.0
2025.06.23 14:00,0.93796,0.9383,0.93786,0.93817,253.0,0,0.0
2025.06.23 14:05,0.9382,0.93868,0.9382,0.93859,238.0,0,0.0
2025.06.23 14:10,0.93859,0.93911,0.93859,0.93908,192.0,0,0.0
2025.06.23 14:15,0.93906,0.93927,0.93884,0.93891,164.0,0,0.0
2025.06.23 14:20,0.93893,0.93895,0.9386,0.93882,211.0,0,0.0
2025.06.23 14:25,0.9388,0.93884,0.93866,0.93871,165.0,0,0.0
2025.06.23 14:30,0.93872,0.93884,0.93837,0.93842,249.0,0,0.0
2025.06.23 14:35,0.93842,0.93878,0.93837,0.93848,240.0,0,0.0
2025.06.23 14:40,0.93849,0.93854,0.93822,0.93829,187.0,0,0.0
2025.06.23 14:45,0.93828,0.93841,0.93796,0.93805,235.0,0,0.0
2025.06.23 14:50,0.93804,0.93827,0.93797,0.93812,216.0,0,0.0
2025.06.23 14:55,0.93811,0.93835,0.93792,0.9383,220.0,0,0.0
2025.06.23 15:00,0.93832,0.93871,0.93827,0.93871,219.0,0,0.0
2025.06.23 15:05,0.9387,0.93891,0.9387,0.93889,201.0,0,0.0
2025.06.23 15:10,0.93887,0.93892,0.9386,0.93866,228.0,0,0.0
2025.06.23 15:15,0.93866,0.9389,0.93862,0.93877,178.0,0,0.0
2025.06.23 15:20,0.93877,0.93879,0.93856,0.9386,175.0,0,0.0
2025.06.23 15:25,0.9386,0.93861,0.93825,0.93827,222.0,0,0.0
2025.06.23 15:30,0.93828,0.93835,0.9379,0.93835,277.0,0,0.0
2025.06.23 15:35,0.93831,0.93882,0.93827,0.93878,284.0,0,0.0
2025.06.23 15:40,0.93877,0.93913,0.93792,0.93794,232.0,0,0.0
2025.06.23 15:45,0.93835,0.93899,0.93835,0.93868,339.0,0,0.0
2025.06.23 15:50,0.93869,0.93887,0.93839,0.93887,296.0,0,0.0
2025.06.23 15:55,0.93886,0.93912,0.93869,0.93903,282.0,0,0.0
2025.06.23 16:00,0.93903,0.9397,0.93902,0.9396,377.0,0,0.0
2025.06.23 16:05,0.93961,0.93974,0.93946,0.93955,296.0,0,0.0
2025.06.23 16:10,0.93956,0.9398,0.93945,0.93968,318.0,0,0.0
2025.06.23 16:15,0.93969,0.93981,0.93964,0.93973,251.0,0,0.0
2025.06.23 16:20,0.93973,0.94027,0.93973,0.9401,285.0,0,0.0
2025.06.23 16:25,0.94011,0.94056,0.94004,0.94037,320.0,0,0.0
2025.06.23 16:30,0.94037,0.94052,0.93987,0.94003,296.0,0,0.0
2025.06.23 16:35,0.94002,0.94002,0.93929,0.93932,287.0,0,0.0
2025.06.23 16:40,0.93935,0.93958,0.9391,0.9392,267.0,0,0.0
2025.06.23 16:45,0.93921,0.93922,0.93834,0.93847,336.0,0,0.0
2025.06.23 16:50,0.93846,0.93855,0.93775,0.93777,329.0,0,0.0
2025.06.23 16:55,0.93778,0.93827,0.93753,0.93825,312.0,0,0.0
2025.06.23 17:00,0.93826,0.93893,0.93814,0.93888,282.0,0,0.0
2025.06.23 17:05,0.93889,0.93893,0.93836,0.9384,235.0,0,0.0
2025.06.23 17:10,0.93838,0.93877,0.93812,0.93853,238.0,0,0.0
2025.06.23 17:15,0.93854,0.93877,0.93827,0.93827,237.0,0,0.0
2025.06.23 17:20,0.93828,0.93858,0.93786,0.93805,263.0,0,0.0
2025.06.23 17:25,0.93806,0.93829,0.93778,0.93829,282.0,0,0.0
2025.06.23 17:30,0.93827,0.93833,0.9379,0.93804,273.0,0,0.0
2025.06.23 17:35,0.93805,0.93843,0.93797,0.93838,204.0,0,0.0
2025.06.23 17:40,0.9384,0.93842,0.93827,0.93837,208.0,0,0.0
2025.06.23 17:45,0.93837,0.93842,0.9381,0.9384,151.0,0,0.0
2025.06.23 17:50,0.93839,0.93848,0.93828,0.93829,219.0,0,0.0
2025.06.23 17:55,0.9383,0.93841,0.93826,0.93833,188.0,0,0.0
2025.06.23 18:00,0.93836,0.93845,0.93828,0.93841,239.0,0,0.0
2025.06.23 18:05,0.93837,0.93839,0.93798,0.93798,184.0,0,0.0
2025.06.23 18:10,0.93799,0.93817,0.93784,0.93816,184.0,0,0.0
2025.06.23 18:15,0.93815,0.93826,0.93806,0.93824,227.0,0,0.0
2025.06.23 18:20,0.93823,0.93842,0.93814,0.9382,250.0,0,0.0
2025.06.23 18:25,0.93818,0.93825,0.93793,0.93819,243.0,0,0.0
2025.06.23 18:30,0.93819,0.9385,0.93806,0.93844,273.0,0,0.0
2025.06.23 18:35,0.93845,0.93845,0.93781,0.93814,356.0,0,0.0
2025.06.23 18:40,0.93812,0.93882,0.93796,0.93871,335.0,0,0.0
2025.06.23 18:45,0.93872,0.93906,0.9387,0.93879,349.0,0,0.0
2025.06.23 18:50,0.93879,0.93879,0.93859,0.93864,241.0,0,0.0
2025.06.23 18:55,0.93864,0.9387,0.93845,0.93865,257.0,0,0.0
2025.06.23 19:00,0.93864,0.93892,0.93858,0.93892,320.0,0,0.0
2025.06.23 19:05,0.93892,0.93898,0.93878,0.93896,221.0,0,0.0
2025.06.23 19:10,0.93897,0.93912,0.93895,0.93907,223.0,0,0.0
2025.06.23 19:15,0.9391,0.93927,0.93906,0.9392,225.0,0,0.0
2025.06.23 19:20,0.93921,0.93959,0.93919,0.93937,249.0,0,0.0
2025.06.23 19:25,0.93938,0.93944,0.93917,0.93924,273.0,0,0.0
2025.06.23 19:30,0.93926,0.93946,0.93915,0.93933,289.0,0,0.0
2025.06.23 19:35,0.93935,0.93957,0.93929,0.93953,244.0,0,0.0
2025.06.23 19:40,0.93951,0.93953,0.93927,0.93942,243.0,0,0.0
2025.06.23 19:45,0.93944,0.93965,0.93941,0.93961,218.0,0,0.0
2025.06.23 19:50,0.93962,0.93979,0.93949,0.93969,200.0,0,0.0
2025.06.23 19:55,0.93968,0.93984,0.93967,0.93974,192.0,0,0.0
2025.06.23 20:00,0.93975,0.93984,0.93951,0.93959,153.0,0,0.0
2025.06.23 20:05,0.93958,0.93966,0.93947,0.93948,122.0,0,0.0
2025.06.23 20:10,0.93947,0.9395,0.93931,0.93942,115.0,0,0.0
2025.06.23 20:15,0.93939,0.93944,0.93922,0.93941,174.0,0,0.0
2025.06.23 20:20,0.9394,0.93974,0.93939,0.93974,121.0,0,0.0
2025.06.23 20:25,0.93973,0.93976,0.93959,0.93967,105.0,0,0.0
2025.06.23 20:30,0.93966,0.93988,0.93965,0.93983,149.0,0,0.0
2025.06.23 20:35,0.93985,0.9399,0.93975,0.93988,148.0,0,0.0
2025.06.23 20:40,0.93987,0.94009,0.93985,0.94006,145.0,0,0.0
2025.06.23 20:45,0.94005,0.9402,0.94004,0.94013,112.0,0,0.0
2025.06.23 20:50,0.94012,0.94031,0.94009,0.9403,108.0,0,0.0
2025.06.23 20:55,0.94028,0.94028,0.94014,0.94026,173.0,0,0.0
2025.06.23 21:00,0.94025,0.94025,0.94005,0.9401,157.0,0,0.0
2025.06.23 21:05,0.94011,0.94012,0.93994,0.93997,107.0,0,0.0
2025.06.23 21:10,0.93994,0.93995,0.93983,0.93985,91.0,0,0.0
2025.06.23 21:15,0.93987,0.93992,0.93973,0.93974,126.0,0,0.0
2025.06.23 21:20,0.93975,0.93978,0.93968,0.93969,100.0,0,0.0
2025.06.23 21:25,0.93968,0.93985,0.93968,0.93982,98.0,0,0.0
2025.06.23 21:30,0.93983,0.93993,0.93981,0.93987,119.0,0,0.0
2025.06.23 21:35,0.93989,0.93993,0.93982,0.93988,108.0,0,0.0
2025.06.23 21:40,0.93987,0.93993,0.93981,0.93987,111.0,0,0.0
2025.06.23 21:45,0.93988,0.94001,0.93987,0.93995,78.0,0,0.0
2025.06.23 21:50,0.93994,0.94002,0.93984,0.93988,133.0,0,0.0
2025.06.23 21:55,0.93989,0.94006,0.93986,0.93993,147.0,0,0.0
2025.06.23 22:00,0.93998,0.94001,0.93971,0.93983,102.0,0,0.0
2025.06.23 22:05,0.93984,0.93985,0.93968,0.93968,37.0,0,0.0
2025.06.23 22:10,0.93965,0.93999,0.93965,0.93998,65.0,0,0.0
2025.06.23 22:15,0.93995,0.94012,0.93993,0.94012,80.0,0,0.0
2025.06.23 22:20,0.94014,0.94041,0.94012,0.94021,87.0,0,0.0
2025.06.23 22:25,0.94025,0.94025,0.93999,0.94012,76.0,0,0.0
2025.06.23 22:55,0.9407,0.94081,0.94011,0.94011,165.0,0,0.0
2025.06.23 23:00,0.94014,0.94014,0.94014,0.94014,1.0,0,0.0
2025.06.23 23:05,0.9392,0.93946,0.93898,0.9392,33.0,0,0.0
2025.06.23 23:10,0.93928,0.93955,0.93888,0.9393,17.0,0,0.0
2025.06.23 23:15,0.93925,0.93981,0.93925,0.93981,11.0,0,0.0
2025.06.23 23:20,0.9399,0.9399,0.93955,0.93958,5.0,0,0.0
2025.06.23 23:25,0.93952,0.93964,0.93952,0.93957,5.0,0,0.0
2025.06.23 23:30,0.93953,0.93964,0.93933,0.93933,10.0,0,0.0
2025.06.23 23:35,0.9394,0.93953,0.93935,0.93935,7.0,0,0.0
2025.06.23 23:40,0.93957,0.93979,0.93935,0.93941,52.0,0,0.0
2025.06.23 23:45,0.93938,0.93938,0.93922,0.93922,7.0,0,0.0
2025.06.23 23:50,0.93913,0.93931,0.93913,0.93927,5.0,0,0.0
2025.06.23 23:55,0.93921,0.93929,0.93921,0.93921,3.0,0,0.0
2025.06.24 12:05,0.94051,0.94051,0.94032,0.94033,143.0,0,0.0
2025.06.24 12:10,0.94034,0.94036,0.94017,0.94025,87.0,0,0.0
2025.06.24 12:15,0.94026,0.94026,0.9401,0.94012,114.0,0,0.0
2025.06.24 12:20,0.94011,0.94015,0.94,0.94,111.0,0,0.0
2025.06.24 12:25,0.94,0.94001,0.93982,0.93991,112.0,0,0.0
2025.06.24 12:30,0.9399,0.94007,0.93985,0.94004,90.0,0,0.0
2025.06.24 12:35,0.94002,0.94006,0.93995,0.93997,103.0,0,0.0
2025.06.24 12:40,0.93998,0.94,0.93988,0.93991,125.0,0,0.0
2025.06.24 12:45,0.93991,0.93994,0.93983,0.93986,116.0,0,0.0
2025.06.24 12:50,0.93985,0.93985,0.9395,0.93954,331.0,0,0.0
2025.06.24 12:55,0.93954,0.93965,0.93938,0.93956,208.0,0,0.0
2025.06.24 13:00,0.93954,0.93967,0.93948,0.93957,176.0,0,0.0
2025.06.24 13:05,0.93958,0.93965,0.93956,0.93962,168.0,0,0.0
2025.06.24 13:10,0.93962,0.93965,0.93921,0.93934,182.0,0,0.0
2025.06.24 13:15,0.93934,0.93949,0.93902,0.93904,185.0,0,0.0
2025.06.24 13:20,0.93906,0.9396,0.93893,0.9396,189.0,0,0.0
2025.06.24 13:25,0.93961,0.93981,0.93934,0.93941,250.0,0,0.0
2025.06.24 13:30,0.93943,0.93955,0.93919,0.93921,231.0,0,0.0
2025.06.24 13:35,0.9392,0.9393,0.93913,0.9393,170.0,0,0.0
2025.06.24 13:40,0.93929,0.93931,0.93897,0.93899,209.0,0,0.0
2025.06.24 13:45,0.939,0.93906,0.93888,0.93888,170.0,0,0.0
2025.06.24 13:50,0.93888,0.93905,0.93868,0.93879,223.0,0,0.0
2025.06.24 13:55,0.93882,0.93885,0.93852,0.93856,263.0,0,0.0
2025.06.24 14:00,0.93866,0.93876,0.93836,0.93855,220.0,0,0.0
2025.06.24 14:05,0.93855,0.93886,0.93853,0.93858,171.0,0,0.0
2025.06.24 14:10,0.93857,0.93869,0.93841,0.93842,286.0,0,0.0
2025.06.24 14:15,0.93842,0.93848,0.9383,0.93835,230.0,0,0.0
2025.06.24 14:20,0.93836,0.93858,0.93829,0.9383,200.0,0,0.0
2025.06.24 14:25,0.93831,0.93854,0.93829,0.9383,205.0,0,0.0
2025.06.24 14:30,0.9383,0.93866,0.9383,0.93832,246.0,0,0.0
2025.06.24 14:35,0.93833,0.9384,0.93816,0.93817,187.0,0,0.0
2025.06.24 14:40,0.93818,0.93829,0.93782,0.93784,234.0,0,0.0
2025.06.24 14:45,0.93783,0.93789,0.93771,0.93772,223.0,0,0.0
2025.06.24 14:50,0.93773,0.93773,0.93725,0.93728,197.0,0,0.0
2025.06.24 14:55,0.93728,0.93756,0.93719,0.93752,194.0,0,0.0
2025.06.24 15:00,0.93754,0.93771,0.93716,0.93727,234.0,0,0.0
2025.06.24 15:05,0.93726,0.93772,0.93723,0.93768,223.0,0,0.0
2025.06.24 15:10,0.93767,0.9377,0.93728,0.93729,216.0,0,0.0
2025.06.24 15:15,0.93728,0.9376,0.93724,0.93742,242.0,0,0.0
2025.06.24 15:20,0.93742,0.93745,0.93694,0.93696,217.0,0,0.0
2025.06.24 15:25,0.93695,0.93695,0.93659,0.93669,214.0,0,0.0
2025.06.24 15:30,0.93667,0.93685,0.93656,0.93678,237.0,0,0.0
2025.06.24 15:35,0.93675,0.93734,0.93672,0.93734,254.0,0,0.0
2025.06.24 15:40,0.93735,0.93764,0.93728,0.93745,261.0,0,0.0
2025.06.24 15:45,0.93744,0.93789,0.93735,0.93741,270.0,0,0.0
2025.06.24 15:50,0.93742,0.93748,0.93691,0.93691,263.0,0,0.0
2025.06.24 15:55,0.93692,0.93702,0.93657,0.93657,234.0,0,0.0
2025.06.24 16:00,0.93663,0.93708,0.9362,0.93624,271.0,0,0.0
2025.06.24 16:05,0.93625,0.93632,0.93524,0.93603,315.0,0,0.0
2025.06.24 16:10,0.93603,0.93617,0.93529,0.93573,304.0,0,0.0
2025.06.24 16:15,0.93574,0.93588,0.93565,0.93579,286.0,0,0.0
2025.06.24 16:20,0.9358,0.93629,0.93537,0.93619,331.0,0,0.0
2025.06.24 16:25,0.9362,0.93669,0.93592,0.93627,381.0,0,0.0
2025.06.24 16:30,0.93628,0.93634,0.93562,0.93568,353.0,0,0.0
2025.06.24 16:35,0.93568,0.93603,0.93554,0.93594,324.0,0,0.0
2025.06.24 16:40,0.93596,0.93619,0.93578,0.93582,262.0,0,0.0
2025.06.24 16:45,0.93583,0.93583,0.93538,0.93541,244.0,0,0.0
2025.06.24 16:50,0.93541,0.93558,0.93493,0.93498,307.0,0,0.0
2025.06.24 16:55,0.935,0.93544,0.93495,0.93542,306.0,0,0.0
2025.06.24 17:00,0.93543,0.93551,0.93495,0.93518,318.0,0,0.0
2025.06.24 17:05,0.93516,0.93516,0.93468,0.93498,295.0,0,0.0
2025.06.24 17:10,0.93499,0.93509,0.93469,0.93503,231.0,0,0.0
2025.06.24 17:15,0.93502,0.93512,0.93488,0.93509,223.0,0,0.0
2025.06.24 17:20,0.9351,0.93553,0.9351,0.93521,187.0,0,0.0
2025.06.24 17:25,0.93521,0.93528,0.93509,0.93517,192.0,0,0.0
2025.06.24 17:30,0.93519,0.93553,0.93514,0.93544,211.0,0,0.0
2025.06.24 17:35,0.93545,0.93552,0.93508,0.9351,206.0,0,0.0
2025.06.24 17:40,0.93511,0.93525,0.9349,0.93493,218.0,0,0.0
2025.06.24 17:45,0.93493,0.93498,0.93463,0.93474,227.0,0,0.0
2025.06.24 17:50,0.93473,0.93473,0.93436,0.93441,198.0,0,0.0
2025.06.24 17:55,0.93441,0.93445,0.93393,0.93426,273.0,0,0.0
2025.06.24 18:00,0.93429,0.93479,0.93426,0.93474,248.0,0,0.0
2025.06.24 18:05,0.93475,0.9349,0.93459,0.93467,260.0,0,0.0
2025.06.24 18:10,0.93466,0.93467,0.9345,0.93457,229.0,0,0.0
2025.06.24 18:15,0.93457,0.93519,0.93457,0.93516,224.0,0,0.0
2025.06.24 18:20,0.93518,0.93548,0.93514,0.93548,234.0,0,0.0
2025.06.24 18:25,0.93546,0.93571,0.93535,0.93535,244.0,0,0.0
2025.06.24 18:30,0.93535,0.93536,0.93519,0.93521,197.0,0,0.0
2025.06.24 18:35,0.9352,0.93529,0.9351,0.93524,147.0,0,0.0
2025.06.24 18:40,0.93524,0.93526,0.93449,0.93449,242.0,0,0.0
2025.06.24 18:45,0.9345,0.9347,0.93432,0.93435,244.0,0,0.0
2025.06.24 18:50,0.93435,0.93454,0.93432,0.93442,216.0,0,0.0
2025.06.24 18:55,0.93441,0.93471,0.9344,0.93471,230.0,0,0.0
2025.06.24 19:00,0.93471,0.93471,0.93451,0.93456,263.0,0,0.0
2025.06.24 19:05,0.93458,0.9348,0.93456,0.9347,188.0,0,0.0
2025.06.24 19:10,0.9347,0.93515,0.93469,0.93515,181.0,0,0.0
2025.06.24 19:15,0.93516,0.93521,0.9349,0.93512,207.0,0,0.0
2025.06.24 19:20,0.93512,0.93517,0.93447,0.93494,257.0,0,0.0
2025.06.24 19:25,0.93493,0.93503,0.9349,0.9349,164.0,0,0.0
2025.06.24 19:30,0.93491,0.93506,0.9349,0.93502,192.0,0,0.0
2025.06.24 19:35,0.93503,0.9352,0.93497,0.93518,217.0,0,0.0
2025.06.24 19:40,0.93518,0.93521,0.93502,0.93506,152.0,0,0.0
2025.06.24 19:45,0.93505,0.93514,0.93498,0.93504,162.0,0,0.0
2025.06.24 19:50,0.93504,0.93521,0.93498,0.9352,146.0,0,0.0
2025.06.24 19:55,0.93521,0.9353,0.93494,0.93497,199.0,0,0.0
2025.06.24 20:00,0.93501,0.93526,0.9349,0.9349,147.0,0,0.0
2025.06.24 20:05,0.93489,0.9349,0.93474,0.93479,104.0,0,0.0
2025.06.24 20:10,0.93478,0.93494,0.93478,0.93482,104.0,0,0.0
2025.06.24 20:15,0.93481,0.93489,0.93474,0.93474,82.0,0,0.0
2025.06.24 20:20,0.93473,0.93484,0.93448,0.93479,146.0,0,0.0
2025.06.24 20:25,0.9348,0.93482,0.9347,0.93479,96.0,0,0.0
2025.06.24 20:30,0.9348,0.93482,0.93469,0.9347,91.0,0,0.0
2025.06.24 20:35,0.93471,0.93474,0.93459,0.93461,84.0,0,0.0
2025.06.24 20:40,0.93459,0.93462,0.93449,0.93454,116.0,0,0.0
2025.06.24 20:45,0.93455,0.93457,0.93449,0.93453,91.0,0,0.0
2025.06.24 20:50,0.93452,0.93463,0.93449,0.93461,76.0,0,0.0
2025.06.24 20:55,0.93462,0.93495,0.93458,0.93492,158.0,0,0.0
2025.06.24 21:00,0.93493,0.93496,0.93479,0.93488,115.0,0,0.0
2025.06.24 21:05,0.93489,0.93495,0.93483,0.93494,73.0,0,0.0
2025.06.24 21:10,0.93496,0.93513,0.93494,0.9351,110.0,0,0.0
2025.06.24 21:15,0.93511,0.93518,0.935,0.9351,105.0,0,0.0
2025.06.24 21:20,0.93509,0.93509,0.93483,0.935,109.0,0,0.0
2025.06.24 21:25,0.93501,0.93509,0.93493,0.93509,89.0,0,0.0
2025.06.24 21:30,0.9351,0.93527,0.93507,0.93517,85.0,0,0.0
2025.06.24 21:35,0.93516,0.93517,0.93509,0.93513,75.0,0,0.0
2025.06.24 21:40,0.93514,0.93515,0.935,0.93504,90.0,0,0.0
2025.06.24 21:45,0.93505,0.9353,0.93505,0.93528,102.0,0,0.0
2025.06.24 21:50,0.93529,0.93529,0.93511,0.93517,98.0,0,0.0
2025.06.24 21:55,0.93516,0.93523,0.93491,0.93496,174.0,0,0.0
2025.06.24 22:00,0.93497,0.93515,0.93495,0.93511,138.0,0,0.0
2025.06.24 22:05,0.93512,0.93517,0.93501,0.93503,60.0,0,0.0
2025.06.24 22:10,0.93505,0.93513,0.93502,0.93507,42.0,0,0.0
2025.06.24 22:15,0.93506,0.93508,0.93499,0.935,53.0,0,0.0
2025.06.24 22:20,0.93501,0.93513,0.93501,0.93509,66.0,0,0.0
2025.06.24 22:25,0.93508,0.93509,0.93487,0.93489,66.0,0,0.0
2025.06.24 22:30,0.93488,0.93489,0.93482,0.93488,42.0,0,0.0
2025.06.24 22:35,0.93487,0.9349,0.93482,0.93487,30.0,0,0.0
2025.06.24 22:40,0.93488,0.93514,0.93485,0.93514,89.0,0,0.0
2025.06.24 22:45,0.93515,0.93515,0.93495,0.93498,63.0,0,0.0
2025.06.24 22:50,0.93498,0.93498,0.93478,0.9348,49.0,0,0.0
2025.06.24 22:55,0.9348,0.93491,0.93462,0.9348,194.0,0,0.0
2025.06.24 23:00,0.9348,0.9348,0.9348,0.9348,1.0,0,0.0
2025.06.24 23:05,0.93483,0.93483,0.93426,0.93426,15.0,0,0.0
2025.06.24 23:10,0.9341,0.93418,0.9341,0.93413,5.0,0,0.0
2025.06.24 23:15,0.93433,0.93443,0.93433,0.93442,6.0,0,0.0
2025.06.24 23:20,0.93441,0.93448,0.93426,0.93448,35.0,0,0.0
2025.06.24 23:25,0.93448,0.93452,0.93394,0.93394,39.0,0,0.0
2025.06.24 23:30,0.93394,0.93414,0.93394,0.93395,12.0,0,0.0
2025.06.24 23:35,0.93401,0.93418,0.93398,0.93406,13.0,0,0.0
2025.06.24 23:40,0.93411,0.93411,0.934,0.93403,10.0,0,0.0
2025.06.24 23:45,0.93404,0.93405,0.93401,0.93403,11.0,0,0.0
2025.06.24 23:50,0.93404,0.93422,0.93403,0.93422,12.0,0,0.0
2025.06.24 23:55,0.93422,0.93425,0.93396,0.93413,50.0,0,0.0
2025.06.25 00:00,0.93444,0.93487,0.93434,0.9348,45.0,0,0.0
2025.06.25 00:05,0.9348,0.93488,0.93465,0.93467,38.0,0,0.0
2025.06.25 00:10,0.93473,0.93494,0.93456,0.93493,126.0,0,0.0
2025.06.25 00:15,0.93491,0.93498,0.9347,0.93472,245.0,0,0.0
2025.06.25 00:20,0.93471,0.93488,0.93469,0.93471,91.0,0,0.0
2025.06.25 00:25,0.93471,0.93472,0.93464,0.93469,83.0,0,0.0
2025.06.25 00:30,0.93468,0.93468,0.93453,0.93454,95.0,0,0.0
2025.06.25 00:35,0.93455,0.93463,0.93455,0.93457,122.0,0,0.0
2025.06.25 00:40,0.93455,0.93457,0.93443,0.93445,76.0,0,0.0
2025.06.25 00:45,0.93448,0.93464,0.93448,0.9346,54.0,0,0.0
2025.06.25 00:50,0.93459,0.9347,0.93459,0.93469,52.0,0,0.0
2025.06.25 00:55,0.9347,0.9347,0.9346,0.9346,46.0,0,0.0
2025.06.25 01:00,0.93461,0.93481,0.9346,0.93472,102.0,0,0.0
2025.06.25 01:05,0.93473,0.93478,0.93471,0.93472,66.0,0,0.0
2025.06.25 01:10,0.93473,0.93476,0.93465,0.93472,46.0,0,0.0
2025.06.25 01:15,0.93473,0.93474,0.93462,0.93462,103.0,0,0.0
2025.06.25 01:20,0.93462,0.93464,0.93455,0.9346,86.0,0,0.0
2025.06.25 01:25,0.93462,0.93462,0.93455,0.93456,42.0,0,0.0
2025.06.25 01:30,0.93455,0.93459,0.93453,0.93455,86.0,0,0.0
2025.06.25 01:35,0.93454,0.93462,0.93454,0.93459,82.0,0,0.0
2025.06.25 01:40,0.93456,0.93462,0.93455,0.93461,55.0,0,0.0
2025.06.25 01:45,0.93461,0.93475,0.93459,0.93474,98.0,0,0.0
2025.06.25 01:50,0.93474,0.9348,0.93472,0.93477,52.0,0,0.0
2025.06.25 01:55,0.93478,0.93498,0.93477,0.93496,85.0,0,0.0
2025.06.25 02:00,0.93497,0.93509,0.93488,0.93491,175.0,0,0.0
2025.06.25 02:05,0.93492,0.93503,0.93488,0.93502,168.0,0,0.0
2025.06.25 02:10,0.93498,0.93506,0.93487,0.93502,162.0,0,0.0
2025.06.25 02:15,0.93506,0.93512,0.93495,0.93507,151.0,0,0.0
2025.06.25 02:20,0.93506,0.93518,0.93505,0.93517,121.0,0,0.0
2025.06.25 02:25,0.93516,0.93522,0.93513,0.93519,151.0,0,0.0
2025.06.25 02:30,0.9352,0.93523,0.93515,0.93519,92.0,0,0.0
2025.06.25 02:35,0.93518,0.93551,0.93517,0.93541,87.0,0,0.0
2025.06.25 02:40,0.9354,0.93542,0.9353,0.93531,112.0,0,0.0
2025.06.25 02:45,0.93529,0.93535,0.93529,0.93534,168.0,0,0.0
2025.06.25 02:50,0.93533,0.93535,0.9352,0.9353,163.0,0,0.0
2025.06.25 02:55,0.93533,0.93541,0.93523,0.93529,137.0,0,0.0
2025.06.25 03:00,0.9353,0.9353,0.93517,0.93526,153.0,0,0.0
2025.06.25 03:05,0.93527,0.9354,0.93523,0.93525,139.0,0,0.0
2025.06.25 03:10,0.93524,0.93552,0.93524,0.93548,202.0,0,0.0
2025.06.25 03:15,0.93547,0.93557,0.93545,0.93551,175.0,0,0.0
2025.06.25 03:20,0.9355,0.9356,0.93537,0.93555,173.0,0,0.0
2025.06.25 03:25,0.93554,0.93559,0.93515,0.93515,113.0,0,0.0
2025.06.25 03:30,0.93545,0.93553,0.93538,0.93542,139.0,0,0.0
2025.06.25 03:35,0.93543,0.93559,0.93538,0.93557,147.0,0,0.0
2025.06.25 03:40,0.93558,0.93562,0.93543,0.93561,165.0,0,0.0
2025.06.25 03:45,0.93563,0.93569,0.9356,0.93567,143.0,0,0.0
2025.06.25 03:50,0.93566,0.93573,0.93562,0.93564,120.0,0,0.0
2025.06.25 03:55,0.93565,0.93569,0.93562,0.93563,139.0,0,0.0
2025.06.25 04:00,0.93564,0.93569,0.93551,0.9356,112.0,0,0.0
2025.06.25 04:05,0.93558,0.93558,0.93529,0.93539,171.0,0,0.0
2025.06.25 04:10,0.93538,0.93551,0.93538,0.93549,137.0,0,0.0
2025.06.25 04:15,0.9355,0.93555,0.93543,0.93553,97.0,0,0.0
2025.06.25 04:20,0.93554,0.93576,0.93554,0.93575,136.0,0,0.0
2025.06.25 04:25,0.93576,0.93582,0.93569,0.93578,107.0,0,0.0
2025.06.25 04:30,0.93579,0.93585,0.93578,0.93581,129.0,0,0.0
2025.06.25 04:35,0.93582,0.9359,0.93582,0.9359,69.0,0,0.0
2025.06.25 04:40,0.93589,0.93589,0.9357,0.93571,95.0,0,0.0
2025.06.25 04:45,0.93572,0.93572,0.93557,0.93557,121.0,0,0.0
2025.06.25 04:50,0.9356,0.93561,0.9355,0.93552,105.0,0,0.0
2025.06.25 04:55,0.9355,0.93553,0.93541,0.93548,121.0,0,0.0
2025.06.25 05:00,0.9355,0.93588,0.9355,0.93587,141.0,0,0.0
2025.06.25 05:05,0.93586,0.93591,0.93573,0.93576,74.0,0,0.0
2025.06.25 05:10,0.93577,0.9358,0.93562,0.93565,122.0,0,0.0
2025.06.25 05:15,0.93564,0.93564,0.93544,0.93559,104.0,0,0.0
2025.06.25 05:20,0.9356,0.9357,0.93558,0.93568,103.0,0,0.0
2025.06.25 05:25,0.93569,0.93578,0.93561,0.93566,140.0,0,0.0
2025.06.25 05:30,0.93565,0.93572,0.93557,0.9356,101.0,0,0.0
2025.06.25 05:35,0.93559,0.93566,0.93555,0.93558,88.0,0,0.0
2025.06.25 05:40,0.93557,0.93569,0.93555,0.93566,115.0,0,0.0
2025.06.25 05:45,0.93565,0.93569,0.93555,0.93555,99.0,0,0.0
2025.06.25 05:50,0.93554,0.93554,0.93539,0.93544,104.0,0,0.0
2025.06.25 05:55,0.93543,0.93544,0.93537,0.93539,94.0,0,0.0
2025.06.25 06:00,0.9354,0.93552,0.93538,0.9355,73.0,0,0.0
2025.06.25 06:05,0.93549,0.93554,0.93547,0.93547,55.0,0,0.0
2025.06.25 06:10,0.93546,0.93546,0.9353,0.93534,71.0,0,0.0
2025.06.25 06:15,0.93533,0.93536,0.93519,0.93521,71.0,0,0.0
2025.06.25 06:20,0.9352,0.93531,0.93514,0.93524,86.0,0,0.0
2025.06.25 06:25,0.93523,0.93523,0.93512,0.93517,78.0,0,0.0
2025.06.25 06:30,0.93516,0.9352,0.93509,0.93518,78.0,0,0.0
2025.06.25 06:35,0.93517,0.93518,0.93504,0.93508,88.0,0,0.0
2025.06.25 06:40,0.93509,0.93515,0.93505,0.93509,63.0,0,0.0
2025.06.25 06:45,0.93508,0.93518,0.93501,0.93502,93.0,0,0.0
2025.06.25 06:50,0.93503,0.93507,0.93499,0.93503,52.0,0,0.0
2025.06.25 06:55,0.93502,0.93503,0.93494,0.93501,125.0,0,0.0
2025.06.25 07:00,0.93502,0.93516,0.93502,0.93512,98.0,0,0.0
2025.06.25 07:05,0.93514,0.93517,0.93505,0.93508,105.0,0,0.0
2025.06.25 07:10,0.93509,0.93518,0.93505,0.9351,112.0,0,0.0
2025.06.25 07:15,0.93511,0.93513,0.93498,0.93508,84.0,0,0.0
2025.06.25 07:20,0.93509,0.93519,0.93507,0.93516,103.0,0,0.0
2025.06.25 07:25,0.93517,0.93519,0.93509,0.93515,127.0,0,0.0
2025.06.25 07:30,0.93516,0.93516,0.93489,0.93491,122.0,0,0.0
2025.06.25 07:35,0.9349,0.93498,0.93486,0.9349,112.0,0,0.0
2025.06.25 07:40,0.93492,0.93497,0.93465,0.93473,106.0,0,0.0
2025.06.25 07:45,0.93471,0.93487,0.93471,0.93483,119.0,0,0.0
2025.06.25 07:50,0.93482,0.93489,0.93469,0.93472,104.0,0,0.0
2025.06.25 07:55,0.93473,0.93504,0.93471,0.93503,120.0,0,0.0
2025.06.25 08:00,0.93504,0.93504,0.93473,0.93492,226.0,0,0.0
2025.06.25 08:05,0.93492,0.93516,0.93489,0.93505,215.0,0,0.0
2025.06.25 08:10,0.93504,0.93518,0.93497,0.93517,188.0,0,0.0
2025.06.25 08:15,0.93517,0.93518,0.93471,0.93477,218.0,0,0.0
2025.06.25 08:20,0.93477,0.93487,0.93462,0.93467,213.0,0,0.0
2025.06.25 08:25,0.93466,0.93509,0.93466,0.9348,231.0,0,0.0
2025.06.25 08:30,0.9348,0.9348,0.93463,0.9347,214.0,0,0.0
2025.06.25 08:35,0.9347,0.93488,0.93465,0.93487,187.0,0,0.0
2025.06.25 08:40,0.93488,0.93488,0.93468,0.93477,224.0,0,0.0
2025.06.25 08:45,0.93474,0.93489,0.9347,0.93484,220.0,0,0.0
2025.06.25 08:50,0.93483,0.93485,0.93461,0.93476,238.0,0,0.0
2025.06.25 08:55,0.93476,0.93493,0.93457,0.93489,301.0,0,0.0
2025.06.25 09:00,0.93496,0.93504,0.93468,0.93483,329.0,0,0.0
2025.06.25 09:05,0.93481,0.93483,0.93425,0.9343,208.0,0,0.0
2025.06.25 09:10,0.93429,0.93437,0.93416,0.93431,192.0,0,0.0
2025.06.25 09:15,0.93432,0.93438,0.93417,0.93432,208.0,0,0.0
2025.06.25 09:20,0.93433,0.93434,0.93405,0.93405,161.0,0,0.0
2025.06.25 09:25,0.93404,0.93424,0.93404,0.93417,183.0,0,0.0
2025.06.25 09:30,0.93418,0.93424,0.93393,0.93394,205.0,0,0.0
2025.06.25 09:35,0.93395,0.93395,0.93348,0.93349,200.0,0,0.0
2025.06.25 09:40,0.93348,0.93366,0.93321,0.93366,224.0,0,0.0
2025.06.25 09:45,0.93367,0.93374,0.93354,0.9336,230.0,0,0.0
2025.06.25 09:50,0.93358,0.93381,0.93329,0.93334,261.0,0,0.0
2025.06.25 09:55,0.93335,0.93417,0.93335,0.93403,247.0,0,0.0
2025.06.25 10:00,0.93407,0.93417,0.93366,0.93373,251.0,0,0.0
2025.06.25 10:05,0.93372,0.9338,0.93353,0.93365,176.0,0,0.0
2025.06.25 10:10,0.93366,0.93382,0.93358,0.93379,174.0,0,0.0
2025.06.25 10:15,0.9338,0.93382,0.93364,0.93374,219.0,0,0.0
2025.06.25 10:20,0.93373,0.93426,0.93373,0.93417,150.0,0,0.0
2025.06.25 10:25,0.93416,0.93437,0.93399,0.93436,207.0,0,0.0
2025.06.25 10:30,0.93438,0.93479,0.93436,0.93476,237.0,0,0.0
2025.06.25 10:35,0.93476,0.93488,0.93462,0.93477,134.0,0,0.0
2025.06.25 10:40,0.93476,0.93479,0.93462,0.9347,145.0,0,0.0
2025.06.25 10:45,0.93467,0.93483,0.93463,0.93464,205.0,0,0.0
2025.06.25 10:50,0.93464,0.93492,0.93464,0.93478,158.0,0,0.0
2025.06.25 10:55,0.93477,0.93522,0.93477,0.93505,230.0,0,0.0
2025.06.25 11:00,0.93505,0.93526,0.93502,0.93515,207.0,0,0.0
2025.06.25 11:05,0.93515,0.93551,0.93513,0.93549,213.0,0,0.0
2025.06.25 11:10,0.93551,0.93578,0.93538,0.93559,239.0,0,0.0
2025.06.25 11:15,0.93558,0.93588,0.93555,0.93587,238.0,0,0.0
2025.06.25 11:20,0.93589,0.9362,0.93572,0.9361,240.0,0,0.0
2025.06.25 11:25,0.9361,0.93628,0.93579,0.93626,262.0,0,0.0
2025.06.25 11:30,0.93626,0.93653,0.936,0.93633,279.0,0,0.0
2025.06.25 11:35,0.93633,0.93674,0.9359,0.9359,279.0,0,0.0
2025.06.25 11:40,0.93588,0.93604,0.93575,0.93578,235.0,0,0.0
2025.06.25 11:45,0.93578,0.93579,0.93548,0.93563,176.0,0,0.0
2025.06.25 11:50,0.93565,0.93587,0.93538,0.93549,261.0,0,0.0
2025.06.25 11:55,0.9355,0.9356,0.93538,0.9356,271.0,0,0.0
2025.06.25 12:00,0.93558,0.9356,0.93523,0.93528,181.0,0,0.0
2025.06.25 12:05,0.93529,0.93542,0.93517,0.93517,198.0,0,0.0
2025.06.25 12:10,0.93513,0.93521,0.93497,0.93521,140.0,0,0.0
2025.06.25 12:15,0.9352,0.93544,0.9352,0.9354,145.0,0,0.0
2025.06.25 12:20,0.93544,0.93563,0.93535,0.93557,168.0,0,0.0
2025.06.25 12:25,0.93557,0.93567,0.93539,0.93544,152.0,0,0.0
2025.06.25 12:30,0.93545,0.93578,0.93545,0.93578,175.0,0,0.0
2025.06.25 12:35,0.93579,0.93588,0.93573,0.93574,190.0,0,0.0
2025.06.25 12:40,0.93577,0.93587,0.93566,0.93567,151.0,0,0.0
2025.06.25 12:45,0.93568,0.93572,0.93558,0.93563,132.0,0,0.0
2025.06.25 12:50,0.93562,0.93591,0.93561,0.93589,127.0,0,0.0
2025.06.25 12:55,0.9359,0.93616,0.93588,0.93589,179.0,0,0.0
2025.06.25 13:00,0.93587,0.93609,0.93578,0.93588,188.0,0,0.0
2025.06.25 13:05,0.9359,0.93595,0.93582,0.93588,133.0,0,0.0
2025.06.25 13:10,0.93588,0.93607,0.93586,0.93596,151.0,0,0.0
2025.06.25 13:15,0.93597,0.93601,0.93585,0.93595,195.0,0,0.0
2025.06.25 13:20,0.93596,0.93627,0.93596,0.93625,152.0,0,0.0
2025.06.25 13:25,0.93625,0.93633,0.936,0.93609,236.0,0,0.0
2025.06.25 13:30,0.93608,0.93611,0.93591,0.93596,134.0,0,0.0
2025.06.25 13:35,0.93598,0.93604,0.93587,0.93587,125.0,0,0.0
2025.06.25 13:40,0.93587,0.9359,0.93569,0.93586,110.0,0,0.0
2025.06.25 13:45,0.93587,0.93594,0.93564,0.93576,121.0,0,0.0
2025.06.25 13:50,0.93577,0.93577,0.93547,0.9355,148.0,0,0.0
2025.06.25 13:55,0.93551,0.93553,0.9353,0.93551,190.0,0,0.0
2025.06.25 14:00,0.93558,0.93569,0.93551,0.93568,130.0,0,0.0
2025.06.25 14:05,0.9357,0.93604,0.93559,0.93603,211.0,0,0.0
2025.06.25 14:10,0.93605,0.93613,0.93566,0.93568,227.0,0,0.0
2025.06.25 14:15,0.93567,0.93591,0.93559,0.93559,163.0,0,0.0
2025.06.25 14:20,0.93557,0.9357,0.93544,0.93549,216.0,0,0.0
2025.06.25 14:25,0.93549,0.93585,0.93545,0.93576,216.0,0,0.0
2025.06.25 14:30,0.93575,0.93575,0.93546,0.93556,226.0,0,0.0
2025.06.25 14:35,0.93555,0.93584,0.93553,0.93583,236.0,0,0.0
2025.06.25 14:40,0.93584,0.93606,0.93577,0.93602,222.0,0,0.0
2025.06.25 14:45,0.93601,0.9361,0.9357,0.9357,212.0,0,0.0
2025.06.25 14:50,0.9357,0.93582,0.9355,0.93557,276.0,0,0.0
2025.06.25 14:55,0.93558,0.93571,0.93552,0.93565,241.0,0,0.0
2025.06.25 15:00,0.93566,0.93605,0.93563,0.93605,178.0,0,0.0
2025.06.25 15:05,0.93604,0.93608,0.93583,0.93591,161.0,0,0.0
2025.06.25 15:10,0.93592,0.93592,0.93564,0.93572,164.0,0,0.0
2025.06.25 15:15,0.9357,0.93587,0.93562,0.93573,219.0,0,0.0
2025.06.25 15:20,0.93578,0.93584,0.93572,0.93576,259.0,0,0.0
2025.06.25 15:25,0.93578,0.93581,0.93535,0.93545,195.0,0,0.0
2025.06.25 15:30,0.93547,0.93589,0.93541,0.93589,180.0,0,0.0
2025.06.25 15:35,0.9359,0.93591,0.93551,0.93575,190.0,0,0.0
2025.06.25 15:40,0.93575,0.93579,0.93553,0.93578,234.0,0,0.0
2025.06.25 15:45,0.93579,0.93622,0.9357,0.93612,242.0,0,0.0
2025.06.25 15:50,0.93611,0.93614,0.93583,0.93601,263.0,0,0.0
2025.06.25 15:55,0.936,0.93624,0.93565,0.93565,204.0,0,0.0
2025.06.25 16:00,0.93575,0.93622,0.93575,0.93618,224.0,0,0.0
2025.06.25 16:05,0.93621,0.93634,0.93609,0.93622,197.0,0,0.0
2025.06.25 16:10,0.93623,0.93628,0.93576,0.93599,249.0,0,0.0
2025.06.25 16:15,0.93599,0.93615,0.93593,0.93603,209.0,0,0.0
2025.06.25 16:20,0.93602,0.93612,0.93584,0.93591,205.0,0,0.0
2025.06.25 16:25,0.9359,0.93597,0.93568,0.93581,239.0,0,0.0
2025.06.25 16:30,0.93582,0.93613,0.93582,0.93611,246.0,0,0.0
2025.06.25 16:35,0.93612,0.93637,0.93612,0.93633,224.0,0,0.0
2025.06.25 16:40,0.93632,0.93656,0.93624,0.93653,227.0,0,0.0
2025.06.25 16:45,0.93652,0.93654,0.93639,0.93651,214.0,0,0.0
2025.06.25 16:50,0.9365,0.93653,0.93626,0.93627,197.0,0,0.0
2025.06.25 16:55,0.93625,0.93658,0.93624,0.93641,270.0,0,0.0
2025.06.25 17:00,0.93642,0.93675,0.93642,0.93657,231.0,0,0.0
2025.06.25 17:05,0.93658,0.93694,0.93656,0.93689,223.0,0,0.0
2025.06.25 17:10,0.93689,0.93697,0.93679,0.93679,177.0,0,0.0
2025.06.25 17:15,0.93679,0.93679,0.93661,0.93663,184.0,0,0.0
2025.06.25 17:20,0.93663,0.93669,0.93656,0.93668,204.0,0,0.0
2025.06.25 17:25,0.93668,0.93677,0.93656,0.93658,169.0,0,0.0
2025.06.25 17:30,0.93658,0.93672,0.93657,0.93657,156.0,0,0.0
2025.06.25 17:35,0.93656,0.93669,0.93649,0.93653,150.0,0,0.0
2025.06.25 17:40,0.93653,0.93665,0.93646,0.93656,259.0,0,0.0
2025.06.25 17:45,0.93655,0.93657,0.93623,0.93623,184.0,0,0.0
2025.06.25 17:50,0.93622,0.93622,0.93597,0.93603,200.0,0,0.0
2025.06.25 17:55,0.93602,0.93622,0.93594,0.93619,239.0,0,0.0
2025.06.25 18:00,0.93619,0.93627,0.93617,0.93623,244.0,0,0.0
2025.06.25 18:05,0.93623,0.9365,0.93622,0.93643,194.0,0,0.0
2025.06.25 18:10,0.93642,0.93651,0.93633,0.93636,184.0,0,0.0
2025.06.25 18:15,0.93636,0.93644,0.9363,0.93637,221.0,0,0.0
2025.06.25 18:20,0.93637,0.93637,0.93625,0.93632,192.0,0,0.0
2025.06.25 18:25,0.93634,0.93636,0.93621,0.93622,132.0,0,0.0
2025.06.25 18:30,0.93623,0.9365,0.93619,0.93639,185.0,0,0.0
2025.06.25 18:35,0.9364,0.93658,0.93637,0.93652,206.0,0,0.0
2025.06.25 18:40,0.9365,0.93676,0.9365,0.93673,235.0,0,0.0
2025.06.25 18:45,0.93673,0.93674,0.93659,0.9366,212.0,0,0.0
2025.06.25 18:50,0.93661,0.93662,0.93654,0.93655,197.0,0,0.0
2025.06.25 18:55,0.93656,0.9366,0.93646,0.93646,153.0,0,0.0
2025.06.25 19:00,0.93646,0.93653,0.93642,0.93649,171.0,0,0.0
2025.06.25 19:05,0.93649,0.93661,0.93646,0.93658,177.0,0,0.0
2025.06.25 19:10,0.93656,0.93688,0.93656,0.93688,159.0,0,0.0
2025.06.25 19:15,0.93687,0.93687,0.93676,0.93686,154.0,0,0.0
2025.06.25 19:20,0.93687,0.93705,0.93687,0.93696,160.0,0,0.0
2025.06.25 19:25,0.93697,0.93705,0.93689,0.93701,165.0,0,0.0
2025.06.25 19:30,0.937,0.9373,0.93697,0.93729,203.0,0,0.0
2025.06.25 19:35,0.93729,0.9373,0.93717,0.93729,201.0,0,0.0
2025.06.25 19:40,0.93728,0.93728,0.93707,0.93712,223.0,0,0.0
2025.06.25 19:45,0.93713,0.93728,0.93704,0.93726,136.0,0,0.0
2025.06.25 19:50,0.93726,0.93734,0.93715,0.93727,191.0,0,0.0
2025.06.25 19:55,0.93726,0.93729,0.9372,0.93723,151.0,0,0.0
2025.06.25 20:00,0.93724,0.93726,0.93712,0.93726,138.0,0,0.0
2025.06.25 20:05,0.93725,0.93728,0.93715,0.93727,104.0,0,0.0
2025.06.25 20:10,0.93724,0.93731,0.93721,0.93729,144.0,0,0.0
2025.06.25 20:15,0.93728,0.93739,0.93727,0.93737,108.0,0,0.0
2025.06.25 20:20,0.93739,0.93743,0.93734,0.93739,108.0,0,0.0
2025.06.25 20:25,0.93738,0.93742,0.93737,0.9374,113.0,0,0.0
2025.06.25 20:30,0.93739,0.93751,0.93737,0.93748,132.0,0,0.0
2025.06.25 20:35,0.93747,0.93751,0.93742,0.93744,161.0,0,0.0
2025.06.25 20:40,0.93743,0.93754,0.9374,0.93749,103.0,0,0.0
2025.06.25 20:45,0.9375,0.93752,0.93743,0.93749,130.0,0,0.0
2025.06.25 20:50,0.9375,0.93769,0.93747,0.93755,130.0,0,0.0
2025.06.25 20:55,0.93754,0.93773,0.93752,0.93769,137.0,0,0.0
2025.06.25 21:00,0.93768,0.93778,0.93762,0.93763,135.0,0,0.0
2025.06.25 21:05,0.93764,0.93773,0.9376,0.93764,102.0,0,0.0
2025.06.25 21:10,0.93763,0.93772,0.93754,0.93766,144.0,0,0.0
2025.06.25 21:15,0.93767,0.9378,0.93762,0.93774,111.0,0,0.0
2025.06.25 21:20,0.93773,0.93779,0.93768,0.93779,95.0,0,0.0
2025.06.25 21:25,0.93781,0.93783,0.93761,0.93765,103.0,0,0.0
2025.06.25 21:30,0.93763,0.93778,0.93755,0.93778,120.0,0,0.0
2025.06.25 21:35,0.93777,0.93781,0.93772,0.93774,95.0,0,0.0
2025.06.25 21:40,0.93773,0.93782,0.93768,0.93782,112.0,0,0.0
2025.06.25 21:45,0.93781,0.93792,0.93778,0.93789,74.0,0,0.0
2025.06.25 21:50,0.9379,0.93801,0.93782,0.93785,94.0,0,0.0
2025.06.25 21:55,0.93783,0.93811,0.93783,0.93807,108.0,0,0.0
2025.06.25 22:00,0.93809,0.93811,0.93792,0.93793,95.0,0,0.0
2025.06.25 22:05,0.93794,0.93794,0.93779,0.93788,83.0,0,0.0
2025.06.25 22:10,0.93787,0.93823,0.93787,0.93808,98.0,0,0.0
2025.06.25 22:15,0.93807,0.9381,0.93802,0.93802,86.0,0,0.0
2025.06.25 22:20,0.93801,0.93804,0.93785,0.93789,68.0,0,0.0
2025.06.25 22:25,0.93788,0.93799,0.93787,0.93793,62.0,0,0.0
2025.06.25 22:30,0.93792,0.93792,0.93781,0.93781,43.0,0,0.0
2025.06.25 22:35,0.93781,0.93787,0.9378,0.93786,41.0,0,0.0
2025.06.25 22:40,0.93787,0.93789,0.93785,0.93787,87.0,0,0.0
2025.06.25 22:45,0.93791,0.93819,0.93791,0.93818,108.0,0,0.0
2025.06.25 22:50,0.93814,0.93823,0.93795,0.93813,143.0,0,0.0
2025.06.25 22:55,0.93813,0.93842,0.93795,0.93795,214.0,0,0.0
2025.06.25 23:00,0.93795,0.93795,0.93767,0.9379,5.0,0,0.0
2025.06.25 23:05,0.93759,0.93793,0.93681,0.93689,45.0,0,0.0
2025.06.25 23:10,0.9369,0.93732,0.93667,0.93732,33.0,0,0.0
2025.06.25 23:15,0.93733,0.93742,0.93714,0.93716,11.0,0,0.0
2025.06.25 23:20,0.93717,0.93721,0.93714,0.9372,4.0,0,0.0
2025.06.25 23:25,0.93714,0.93752,0.93714,0.93735,28.0,0,0.0
2025.06.25 23:30,0.93735,0.9374,0.93728,0.9374,12.0,0,0.0
2025.06.25 23:35,0.93738,0.93751,0.93738,0.93739,6.0,0,0.0
2025.06.25 23:40,0.93736,0.93751,0.93736,0.93737,6.0,0,0.0
2025.06.25 23:45,0.93733,0.9374,0.93733,0.9374,6.0,0,0.0
2025.06.25 23:50,0.9374,0.93745,0.9374,0.93744,4.0,0,0.0
2025.06.25 23:55,0.93734,0.93734,0.93716,0.93727,9.0,0,0.0
2025.06.26 00:00,0.9371,0.93785,0.9371,0.93772,140.0,0,0.0
2025.06.26 00:05,0.93772,0.93778,0.93772,0.93776,89.0,0,0.0
2025.06.26 00:10,0.93776,0.93792,0.93776,0.93789,62.0,0,0.0
2025.06.26 00:15,0.9379,0.93824,0.9379,0.93822,75.0,0,0.0
2025.06.26 00:20,0.93823,0.93827,0.93812,0.93824,29.0,0,0.0
2025.06.26 00:25,0.93824,0.93824,0.93811,0.93812,94.0,0,0.0
2025.06.26 00:30,0.93813,0.93815,0.93802,0.93814,72.0,0,0.0
2025.06.26 00:35,0.93815,0.93815,0.93793,0.93793,64.0,0,0.0
2025.06.26 00:40,0.93795,0.93805,0.93795,0.93801,30.0,0,0.0
2025.06.26 00:45,0.93803,0.93804,0.93792,0.93803,48.0,0,0.0
2025.06.26 00:50,0.93803,0.93812,0.93803,0.93811,70.0,0,0.0
2025.06.26 00:55,0.93812,0.93812,0.93811,0.93811,16.0,0,0.0
2025.06.26 01:00,0.93812,0.93833,0.93806,0.93833,158.0,0,0.0
2025.06.26 01:05,0.93827,0.93833,0.93824,0.93832,110.0,0,0.0
2025.06.26 01:10,0.93832,0.93867,0.93829,0.9386,133.0,0,0.0
2025.06.26 01:15,0.93861,0.93863,0.93842,0.93857,137.0,0,0.0
2025.06.26 01:20,0.93856,0.93868,0.93849,0.93853,86.0,0,0.0
2025.06.26 01:25,0.93854,0.93862,0.93851,0.93856,71.0,0,0.0
2025.06.26 01:30,0.93855,0.93889,0.93854,0.93887,85.0,0,0.0
2025.06.26 01:35,0.93886,0.93906,0.93877,0.93889,122.0,0,0.0
2025.06.26 01:40,0.93888,0.93894,0.93854,0.93855,119.0,0,0.0
2025.06.26 01:45,0.93856,0.9388,0.9385,0.93876,97.0,0,0.0
2025.06.26 01:50,0.93876,0.93903,0.93876,0.93901,182.0,0,0.0
2025.06.26 01:55,0.939,0.93908,0.93899,0.93908,171.0,0,0.0
2025.06.26 02:00,0.93907,0.93907,0.9389,0.93898,240.0,0,0.0
2025.06.26 02:05,0.93899,0.93901,0.93871,0.93888,156.0,0,0.0
2025.06.26 02:10,0.93889,0.93904,0.93889,0.93903,162.0,0,0.0
2025.06.26 02:15,0.93902,0.93912,0.93888,0.93906,132.0,0,0.0
2025.06.26 02:20,0.93905,0.93905,0.93887,0.93888,130.0,0,0.0
2025.06.26 02:25,0.93887,0.93896,0.93887,0.93888,120.0,0,0.0
2025.06.26 02:30,0.93887,0.93891,0.93875,0.93878,166.0,0,0.0
2025.06.26 02:35,0.93877,0.9388,0.93868,0.93872,146.0,0,0.0
2025.06.26 02:40,0.93873,0.93882,0.93869,0.93875,131.0,0,0.0
2025.06.26 02:45,0.93874,0.93875,0.93868,0.93873,155.0,0,0.0
2025.06.26 02:50,0.93871,0.93877,0.93862,0.93868,185.0,0,0.0
2025.06.26 02:55,0.93867,0.93876,0.93857,0.93868,184.0,0,0.0
2025.06.26 03:00,0.93869,0.93869,0.93849,0.93851,227.0,0,0.0
2025.06.26 03:05,0.93853,0.9386,0.93839,0.93843,175.0,0,0.0
2025.06.26 03:10,0.93841,0.9385,0.93833,0.9384,156.0,0,0.0
2025.06.26 03:15,0.93839,0.93847,0.93839,0.9384,128.0,0,0.0
2025.06.26 03:20,0.93839,0.93839,0.93831,0.93836,166.0,0,0.0
2025.06.26 03:25,0.93837,0.93847,0.93832,0.93838,145.0,0,0.0
2025.06.26 03:30,0.93837,0.93845,0.93833,0.93844,117.0,0,0.0
2025.06.26 03:35,0.93843,0.93845,0.93833,0.93837,113.0,0,0.0
2025.06.26 03:40,0.93838,0.93878,0.93837,0.93874,142.0,0,0.0
2025.06.26 03:45,0.93873,0.93895,0.93872,0.93883,149.0,0,0.0
2025.06.26 03:50,0.93884,0.93898,0.93884,0.93889,163.0,0,0.0
2025.06.26 03:55,0.93888,0.93903,0.93887,0.93899,125.0,0,0.0
2025.06.26 04:00,0.93897,0.93912,0.93894,0.93897,96.0,0,0.0
2025.06.26 04:05,0.93898,0.93921,0.93897,0.93921,140.0,0,0.0
2025.06.26 04:10,0.9392,0.93922,0.93915,0.93915,108.0,0,0.0
2025.06.26 04:15,0.93916,0.93921,0.93907,0.9391,104.0,0,0.0
2025.06.26 04:20,0.93911,0.93919,0.9391,0.93917,84.0,0,0.0
2025.06.26 04:25,0.93916,0.93918,0.9391,0.93914,125.0,0,0.0
2025.06.26 04:30,0.93915,0.93919,0.9391,0.93913,110.0,0,0.0
2025.06.26 04:35,0.93912,0.93926,0.93911,0.93918,106.0,0,0.0
2025.06.26 04:40,0.93919,0.93921,0.93912,0.93915,131.0,0,0.0
2025.06.26 04:45,0.93916,0.93926,0.93914,0.93922,154.0,0,0.0
2025.06.26 04:50,0.93924,0.93939,0.93922,0.9393,124.0,0,0.0
2025.06.26 04:55,0.93929,0.93929,0.93916,0.93927,138.0,0,0.0
2025.06.26 05:00,0.93926,0.93957,0.93923,0.93957,125.0,0,0.0
2025.06.26 05:05,0.93956,0.94011,0.93948,0.93955,261.0,0,0.0
2025.06.26 05:10,0.93953,0.9396,0.93922,0.93925,212.0,0,0.0
2025.06.26 05:15,0.93926,0.93935,0.93918,0.93929,164.0,0,0.0
2025.06.26 05:20,0.93931,0.93933,0.93901,0.93908,172.0,0,0.0
2025.06.26 05:25,0.93907,0.93909,0.9389,0.9389,128.0,0,0.0
2025.06.26 05:30,0.93891,0.93897,0.93878,0.93878,143.0,0,0.0
2025.06.26 05:35,0.93882,0.93922,0.93878,0.93903,156.0,0,0.0
2025.06.26 05:40,0.93904,0.93923,0.93903,0.93919,145.0,0,0.0
2025.06.26 05:45,0.9392,0.93921,0.93914,0.9392,148.0,0,0.0
2025.06.26 05:50,0.93919,0.93934,0.93919,0.93922,148.0,0,0.0
2025.06.26 05:55,0.93923,0.93937,0.93921,0.93936,116.0,0,0.0
2025.06.26 06:00,0.93935,0.93942,0.93908,0.93914,129.0,0,0.0
2025.06.26 06:05,0.93915,0.93925,0.93913,0.93919,147.0,0,0.0
2025.06.26 06:10,0.93918,0.93923,0.93906,0.9391,123.0,0,0.0
2025.06.26 06:15,0.93909,0.93912,0.93902,0.93908,93.0,0,0.0
2025.06.26 06:20,0.93907,0.93909,0.939,0.93902,100.0,0,0.0
2025.06.26 06:25,0.93904,0.93906,0.93901,0.93902,90.0,0,0.0
2025.06.26 06:30,0.93903,0.93905,0.93897,0.93902,80.0,0,0.0
2025.06.26 06:35,0.93901,0.93902,0.93871,0.93877,95.0,0,0.0
2025.06.26 06:40,0.93876,0.93878,0.93869,0.93872,90.0,0,0.0
2025.06.26 06:45,0.93873,0.93875,0.9386,0.93861,103.0,0,0.0
2025.06.26 06:50,0.9386,0.93865,0.93859,0.93863,41.0,0,0.0
2025.06.26 06:55,0.93864,0.93868,0.93859,0.93863,80.0,0,0.0
2025.06.26 07:00,0.93864,0.9388,0.93857,0.93878,130.0,0,0.0
2025.06.26 07:05,0.93874,0.93897,0.93871,0.93896,159.0,0,0.0
2025.06.26 07:10,0.93898,0.93904,0.93889,0.93895,149.0,0,0.0
2025.06.26 07:15,0.93894,0.939,0.93885,0.93892,97.0,0,0.0
2025.06.26 07:20,0.93891,0.93895,0.93868,0.93877,131.0,0,0.0
2025.06.26 07:25,0.93876,0.93878,0.93865,0.93874,121.0,0,0.0
2025.06.26 07:30,0.93875,0.93885,0.93874,0.9388,174.0,0,0.0
2025.06.26 07:35,0.93878,0.9389,0.93874,0.93877,128.0,0,0.0
2025.06.26 07:40,0.93876,0.93887,0.93875,0.93875,138.0,0,0.0
2025.06.26 07:45,0.93874,0.93879,0.93864,0.93866,107.0,0,0.0
2025.06.26 07:50,0.93865,0.93869,0.93856,0.93864,150.0,0,0.0
2025.06.26 07:55,0.93863,0.93864,0.93849,0.93863,189.0,0,0.0
2025.06.26 08:00,0.93858,0.93862,0.93839,0.93857,247.0,0,0.0
2025.06.26 08:05,0.93857,0.93878,0.9385,0.93864,243.0,0,0.0
2025.06.26 08:10,0.93864,0.93868,0.93816,0.9383,269.0,0,0.0
2025.06.26 08:15,0.9383,0.93846,0.9382,0.93835,226.0,0,0.0
2025.06.26 08:20,0.93834,0.93848,0.93828,0.93845,234.0,0,0.0
2025.06.26 08:25,0.93845,0.9385,0.93837,0.93845,203.0,0,0.0
2025.06.26 08:30,0.93844,0.93849,0.93814,0.93814,192.0,0,0.0
2025.06.26 08:35,0.93814,0.93836,0.93805,0.9382,197.0,0,0.0
2025.06.26 08:40,0.93819,0.93819,0.93791,0.93792,254.0,0,0.0
2025.06.26 08:45,0.93792,0.93822,0.93791,0.93818,219.0,0,0.0
2025.06.26 08:50,0.93817,0.93843,0.93811,0.93823,237.0,0,0.0
2025.06.26 08:55,0.93824,0.93853,0.93817,0.93851,242.0,0,0.0
2025.06.26 09:00,0.93852,0.93852,0.93799,0.93821,277.0,0,0.0
2025.06.26 09:05,0.93821,0.93821,0.93783,0.93787,218.0,0,0.0
2025.06.26 09:10,0.93788,0.93806,0.93768,0.9379,257.0,0,0.0
2025.06.26 09:15,0.93788,0.93818,0.93774,0.93792,323.0,0,0.0
2025.06.26 09:20,0.93792,0.93828,0.93788,0.93808,267.0,0,0.0
2025.06.26 09:25,0.93807,0.93824,0.93788,0.93796,264.0,0,0.0
2025.06.26 09:30,0.93795,0.93799,0.93751,0.93754,269.0,0,0.0
2025.06.26 09:35,0.93755,0.9376,0.93744,0.93749,229.0,0,0.0
2025.06.26 09:40,0.93749,0.93772,0.93749,0.93772,235.0,0,0.0
2025.06.26 09:45,0.9377,0.93817,0.9377,0.93809,237.0,0,0.0
2025.06.26 09:50,0.93811,0.93822,0.93801,0.93804,260.0,0,0.0
2025.06.26 09:55,0.93804,0.93836,0.93791,0.93836,254.0,0,0.0
2025.06.26 10:00,0.93834,0.93859,0.9383,0.93844,280.0,0,0.0
2025.06.26 10:05,0.93845,0.93883,0.93836,0.93856,282.0,0,0.0
2025.06.26 10:10,0.93857,0.93884,0.93838,0.93884,251.0,0,0.0
2025.06.26 10:15,0.93884,0.93885,0.93799,0.93837,293.0,0,0.0
2025.06.26 10:20,0.93836,0.93842,0.9379,0.9379,224.0,0,0.0
2025.06.26 10:25,0.93789,0.93807,0.93697,0.9374,331.0,0,0.0
2025.06.26 10:30,0.93744,0.93748,0.93701,0.93735,301.0,0,0.0
2025.06.26 10:35,0.93736,0.93767,0.93696,0.93736,329.0,0,0.0
2025.06.26 10:40,0.93735,0.93801,0.93735,0.93795,258.0,0,0.0
2025.06.26 10:45,0.93794,0.93808,0.93763,0.93776,274.0,0,0.0
2025.06.26 10:50,0.93775,0.93799,0.93753,0.93792,282.0,0,0.0
2025.06.26 10:55,0.93792,0.93793,0.93735,0.93757,275.0,0,0.0
2025.06.26 11:00,0.93755,0.93778,0.93748,0.93765,238.0,0,0.0
2025.06.26 11:05,0.93766,0.93775,0.93741,0.93773,195.0,0,0.0
2025.06.26 11:10,0.93775,0.93791,0.93768,0.93785,207.0,0,0.0
2025.06.26 11:15,0.93784,0.93795,0.93772,0.93777,262.0,0,0.0
2025.06.26 11:20,0.93776,0.93796,0.93768,0.9377,256.0,0,0.0
2025.06.26 11:25,0.93772,0.93792,0.93763,0.93787,232.0,0,0.0
2025.06.26 11:30,0.93786,0.93786,0.9374,0.93744,246.0,0,0.0
2025.06.26 11:35,0.93744,0.9376,0.93723,0.93747,254.0,0,0.0
2025.06.26 11:40,0.93748,0.93803,0.93748,0.938,230.0,0,0.0
2025.06.26 11:45,0.93799,0.93814,0.93797,0.93805,204.0,0,0.0
2025.06.26 11:50,0.93806,0.93822,0.93806,0.93821,233.0,0,0.0
2025.06.26 11:55,0.9382,0.93834,0.93819,0.93824,221.0,0,0.0
2025.06.26 12:00,0.93823,0.93841,0.93808,0.93823,213.0,0,0.0
2025.06.26 12:05,0.93822,0.93831,0.93807,0.9381,207.0,0,0.0
2025.06.26 12:10,0.93809,0.93816,0.938,0.93815,183.0,0,0.0
2025.06.26 12:15,0.93813,0.93814,0.93771,0.93773,184.0,0,0.0
2025.06.26 12:20,0.93774,0.93817,0.93774,0.9379,200.0,0,0.0
2025.06.26 12:25,0.93791,0.93826,0.9379,0.93819,191.0,0,0.0
2025.06.26 12:30,0.93818,0.9383,0.93799,0.938,201.0,0,0.0
2025.06.26 12:35,0.93801,0.93826,0.93801,0.93805,194.0,0,0.0
2025.06.26 12:40,0.93806,0.93806,0.93777,0.93778,231.0,0,0.0
2025.06.26 12:45,0.93779,0.93812,0.93778,0.93801,206.0,0,0.0
2025.06.26 12:50,0.93799,0.93802,0.9378,0.93789,199.0,0,0.0
2025.06.26 12:55,0.93788,0.93801,0.9378,0.93793,192.0,0,0.0
2025.06.26 13:00,0.9379,0.93797,0.93776,0.93778,227.0,0,0.0
2025.06.26 13:05,0.93778,0.93779,0.93739,0.93742,226.0,0,0.0
2025.06.26 13:10,0.93742,0.93773,0.93742,0.93768,206.0,0,0.0
2025.06.26 13:15,0.93767,0.93781,0.9375,0.93752,207.0,0,0.0
2025.06.26 13:20,0.93753,0.93789,0.93749,0.93787,273.0,0,0.0
2025.06.26 13:25,0.93788,0.93826,0.93786,0.93824,265.0,0,0.0
2025.06.26 13:30,0.93824,0.9383,0.93786,0.93814,237.0,0,0.0
2025.06.26 13:35,0.93813,0.93817,0.93785,0.93791,206.0,0,0.0
2025.06.26 13:40,0.9379,0.93803,0.93783,0.93799,196.0,0,0.0
2025.06.26 13:45,0.938,0.93823,0.93797,0.93797,245.0,0,0.0
2025.06.26 13:50,0.93798,0.93824,0.93796,0.93811,216.0,0,0.0
2025.06.26 13:55,0.9381,0.93812,0.93756,0.9377,272.0,0,0.0
2025.06.26 14:00,0.93771,0.93789,0.93745,0.93752,264.0,0,0.0
2025.06.26 14:05,0.9375,0.93781,0.93746,0.93777,218.0,0,0.0
2025.06.26 14:10,0.93776,0.93789,0.93766,0.93783,250.0,0,0.0
2025.06.26 14:15,0.93783,0.93784,0.9375,0.93751,220.0,0,0.0
2025.06.26 14:20,0.9375,0.9375,0.93713,0.93731,221.0,0,0.0
2025.06.26 14:25,0.9373,0.93749,0.93647,0.93698,258.0,0,0.0
2025.06.26 14:30,0.93692,0.9373,0.93657,0.93702,362.0,0,0.0
2025.06.26 14:35,0.93702,0.93728,0.93678,0.93685,303.0,0,0.0
2025.06.26 14:40,0.93688,0.93695,0.93646,0.93649,288.0,0,0.0
2025.06.26 14:45,0.93651,0.93691,0.93639,0.93657,285.0,0,0.0
2025.06.26 14:50,0.93658,0.93676,0.93641,0.93673,273.0,0,0.0
2025.06.26 14:55,0.93673,0.93685,0.93654,0.93672,256.0,0,0.0
2025.06.26 15:00,0.93676,0.93704,0.9367,0.93704,303.0,0,0.0
2025.06.26 15:05,0.93705,0.93715,0.93673,0.93677,261.0,0,0.0
2025.06.26 15:10,0.93676,0.93704,0.93673,0.93675,250.0,0,0.0
2025.06.26 15:15,0.93672,0.93699,0.93672,0.93677,235.0,0,0.0
2025.06.26 15:20,0.93675,0.93681,0.93618,0.93634,267.0,0,0.0
2025.06.26 15:25,0.93631,0.93636,0.93599,0.93612,251.0,0,0.0
2025.06.26 15:30,0.9361,0.93616,0.93593,0.93606,228.0,0,0.0
2025.06.26 15:35,0.93605,0.93616,0.93597,0.93606,257.0,0,0.0
2025.06.26 15:40,0.93607,0.93612,0.93569,0.93592,240.0,0,0.0
2025.06.26 15:45,0.93592,0.93628,0.93556,0.93617,312.0,0,0.0
2025.06.26 15:50,0.93618,0.93656,0.93594,0.93653,273.0,0,0.0
2025.06.26 15:55,0.93653,0.93669,0.93623,0.93647,258.0,0,0.0
2025.06.26 16:00,0.93651,0.93683,0.93611,0.93667,293.0,0,0.0
2025.06.26 16:05,0.93667,0.93705,0.93662,0.93689,235.0,0,0.0
2025.06.26 16:10,0.93692,0.93695,0.93669,0.93671,247.0,0,0.0
2025.06.26 16:15,0.9367,0.93694,0.93665,0.93672,248.0,0,0.0
2025.06.26 16:20,0.93671,0.93696,0.93662,0.9367,249.0,0,0.0
2025.06.26 16:25,0.9367,0.93731,0.9367,0.93715,264.0,0,0.0
2025.06.26 16:30,0.93717,0.93729,0.93685,0.93695,265.0,0,0.0
2025.06.26 16:35,0.93695,0.93698,0.93673,0.93696,225.0,0,0.0
2025.06.26 16:40,0.93697,0.93707,0.93684,0.93685,244.0,0,0.0
2025.06.26 16:45,0.93684,0.93714,0.93684,0.93707,250.0,0,0.0
2025.06.26 16:50,0.93707,0.93708,0.93621,0.93644,332.0,0,0.0
2025.06.26 16:55,0.93644,0.93665,0.93612,0.93641,323.0,0,0.0
2025.06.26 17:00,0.93644,0.93687,0.93637,0.93686,331.0,0,0.0
2025.06.26 17:05,0.93683,0.93683,0.93632,0.93634,245.0,0,0.0
2025.06.26 17:10,0.93635,0.93638,0.93599,0.93626,225.0,0,0.0
2025.06.26 17:15,0.93627,0.93656,0.93621,0.93623,237.0,0,0.0
2025.06.26 17:20,0.93624,0.9363,0.93599,0.93625,245.0,0,0.0
2025.06.26 17:25,0.93625,0.9364,0.93622,0.93633,205.0,0,0.0
2025.06.26 17:30,0.93633,0.93636,0.93603,0.93636,203.0,0,0.0
2025.06.26 17:35,0.93636,0.93641,0.9362,0.93624,220.0,0,0.0
2025.06.26 17:40,0.93624,0.9365,0.93623,0.93633,156.0,0,0.0
2025.06.26 17:45,0.93633,0.93659,0.93632,0.93656,156.0,0,0.0
2025.06.26 17:50,0.93657,0.93661,0.93644,0.93652,251.0,0,0.0
2025.06.26 17:55,0.93651,0.93652,0.93611,0.93616,210.0,0,0.0
2025.06.26 18:00,0.93616,0.93625,0.93609,0.93624,210.0,0,0.0
2025.06.26 18:05,0.93625,0.93625,0.93596,0.93603,221.0,0,0.0
2025.06.26 18:10,0.93604,0.93617,0.93603,0.93616,194.0,0,0.0
2025.06.26 18:15,0.93616,0.93622,0.93599,0.93617,233.0,0,0.0
2025.06.26 18:20,0.93616,0.9363,0.93611,0.93618,245.0,0,0.0
2025.06.26 18:25,0.93617,0.93643,0.93614,0.93632,209.0,0,0.0
2025.06.26 18:30,0.93634,0.93657,0.93633,0.93639,225.0,0,0.0
2025.06.26 18:35,0.93638,0.9367,0.93636,0.9367,234.0,0,0.0
2025.06.26 18:40,0.93671,0.93679,0.93653,0.93655,191.0,0,0.0
2025.06.26 18:45,0.93654,0.93669,0.93653,0.93658,188.0,0,0.0
2025.06.26 18:50,0.93658,0.93668,0.93651,0.93656,220.0,0,0.0
2025.06.26 18:55,0.93655,0.93711,0.93655,0.93706,276.0,0,0.0
2025.06.26 19:00,0.93706,0.93724,0.93704,0.93706,183.0,0,0.0
2025.06.26 19:05,0.93707,0.93708,0.93678,0.93678,197.0,0,0.0
2025.06.26 19:10,0.93679,0.93695,0.93678,0.93687,199.0,0,0.0
2025.06.26 19:15,0.93688,0.93698,0.9367,0.93672,208.0,0,0.0
2025.06.26 19:20,0.93671,0.93688,0.93665,0.93688,174.0,0,0.0
2025.06.26 19:25,0.93687,0.93695,0.93683,0.93693,200.0,0,0.0
2025.06.26 19:30,0.93693,0.93713,0.93692,0.93709,168.0,0,0.0
2025.06.26 19:35,0.93708,0.93708,0.93682,0.93686,165.0,0,0.0
2025.06.26 19:40,0.93687,0.93701,0.93682,0.937,221.0,0,0.0
2025.06.26 19:45,0.93699,0.937,0.93692,0.93696,179.0,0,0.0
2025.06.26 19:50,0.93695,0.93714,0.93695,0.93713,188.0,0,0.0
2025.06.26 19:55,0.93712,0.93716,0.93693,0.93696,183.0,0,0.0
2025.06.26 20:00,0.93697,0.93703,0.93689,0.93698,143.0,0,0.0
2025.06.26 20:05,0.93697,0.93706,0.93694,0.93695,92.0,0,0.0
2025.06.26 20:10,0.93696,0.93707,0.93692,0.93706,94.0,0,0.0
2025.06.26 20:15,0.93707,0.93714,0.93704,0.9371,100.0,0,0.0
2025.06.26 20:20,0.93711,0.93713,0.93704,0.93704,100.0,0,0.0
2025.06.26 20:25,0.93703,0.93703,0.9369,0.9369,85.0,0,0.0
2025.06.26 20:30,0.93689,0.93703,0.93689,0.93698,91.0,0,0.0
2025.06.26 20:35,0.93697,0.937,0.93693,0.93694,104.0,0,0.0
2025.06.26 20:40,0.93693,0.93694,0.93678,0.93679,88.0,0,0.0
2025.06.26 20:45,0.93678,0.93698,0.93677,0.93692,121.0,0,0.0
2025.06.26 20:50,0.93694,0.93694,0.93664,0.93665,135.0,0,0.0
2025.06.26 20:55,0.93664,0.93664,0.93647,0.93658,99.0,0,0.0
2025.06.26 21:00,0.93657,0.93657,0.93644,0.93644,75.0,0,0.0
2025.06.26 21:05,0.93643,0.93649,0.9363,0.93649,138.0,0,0.0
2025.06.26 21:10,0.93647,0.93655,0.9363,0.93638,113.0,0,0.0
2025.06.26 21:15,0.93637,0.93645,0.93627,0.93645,104.0,0,0.0
2025.06.26 21:20,0.93643,0.93648,0.93643,0.93644,98.0,0,0.0
2025.06.26 21:25,0.93643,0.93643,0.93619,0.93622,98.0,0,0.0
2025.06.26 21:30,0.93617,0.93622,0.93609,0.93609,101.0,0,0.0
2025.06.26 21:35,0.93608,0.93617,0.93606,0.93614,95.0,0,0.0
2025.06.26 21:40,0.93615,0.93629,0.9361,0.93628,96.0,0,0.0
2025.06.26 21:45,0.93629,0.9364,0.93624,0.9364,75.0,0,0.0
2025.06.26 21:50,0.93639,0.93654,0.93636,0.9364,87.0,0,0.0
2025.06.26 21:55,0.93639,0.93641,0.93615,0.93617,96.0,0,0.0
2025.06.26 22:00,0.93618,0.93632,0.93595,0.93604,127.0,0,0.0
2025.06.26 22:05,0.93605,0.93641,0.93605,0.93639,129.0,0,0.0
2025.06.26 22:10,0.93637,0.9364,0.93631,0.93633,47.0,0,0.0
2025.06.26 22:15,0.93634,0.93639,0.93634,0.93637,49.0,0,0.0
2025.06.26 22:20,0.93638,0.93642,0.93622,0.93627,77.0,0,0.0
2025.06.26 22:25,0.93625,0.93628,0.9362,0.93621,41.0,0,0.0
2025.06.26 22:30,0.93622,0.93622,0.93587,0.93607,98.0,0,0.0
2025.06.26 22:35,0.93606,0.93613,0.93602,0.93613,44.0,0,0.0
2025.06.26 22:40,0.93612,0.93631,0.9361,0.93626,74.0,0,0.0
2025.06.26 22:45,0.93626,0.93638,0.93623,0.93637,71.0,0,0.0
2025.06.26 22:50,0.93636,0.93653,0.93632,0.93652,89.0,0,0.0
2025.06.26 22:55,0.9365,0.93652,0.93609,0.93612,280.0,0,0.0
2025.06.26 23:00,0.93561,0.93561,0.93561,0.93561,1.0,0,0.0
2025.06.26 23:05,0.9356,0.93564,0.9356,0.93564,5.0,0,0.0
2025.06.26 23:10,0.93564,0.93564,0.93564,0.93564,2.0,0,0.0
2025.06.26 23:15,0.93564,0.93564,0.93564,0.93564,20.0,0,0.0
2025.06.26 23:20,0.93564,0.93564,0.93564,0.93564,20.0,0,0.0
2025.06.26 23:25,0.93564,0.93564,0.93564,0.93564,13.0,0,0.0
2025.06.26 23:30,0.93564,0.93564,0.93564,0.93564,5.0,0,0.0
2025.06.26 23:35,0.93564,0.93564,0.93564,0.93564,15.0,0,0.0
2025.06.26 23:40,0.93564,0.93564,0.93564,0.93564,10.0,0,0.0
2025.06.26 23:45,0.93564,0.93564,0.93564,0.93564,20.0,0,0.0
2025.06.26 23:50,0.93564,0.93564,0.93564,0.93564,5.0,0,0.0
2025.06.26 23:55,0.93564,0.93564,0.93564,0.93564,13.0,0,0.0
2025.06.27 00:00,0.93564,0.93615,0.93564,0.93615,159.0,0,0.0
2025.06.27 00:05,0.93615,0.93626,0.93607,0.93625,112.0,0,0.0
2025.06.27 00:10,0.93625,0.93629,0.93599,0.93617,89.0,0,0.0
2025.06.27 00:15,0.93617,0.93635,0.93611,0.93628,101.0,0,0.0
2025.06.27 00:20,0.93627,0.93632,0.93622,0.93628,88.0,0,0.0
2025.06.27 00:25,0.93628,0.93637,0.93614,0.93632,116.0,0,0.0
2025.06.27 00:30,0.93627,0.93627,0.93608,0.93609,93.0,0,0.0
2025.06.27 00:35,0.9361,0.9362,0.93602,0.93603,160.0,0,0.0
2025.06.27 00:40,0.93603,0.93616,0.93586,0.93615,178.0,0,0.0
2025.06.27 00:45,0.93614,0.93622,0.93612,0.93615,130.0,0,0.0
2025.06.27 00:50,0.93615,0.93623,0.93613,0.93618,84.0,0,0.0
2025.06.27 00:55,0.93619,0.93622,0.93615,0.93617,50.0,0,0.0
2025.06.27 01:00,0.93618,0.93633,0.93612,0.9362,132.0,0,0.0
2025.06.27 01:05,0.9362,0.93628,0.93612,0.93628,82.0,0,0.0
2025.06.27 01:10,0.93628,0.93641,0.93627,0.93637,76.0,0,0.0
2025.06.27 01:15,0.93632,0.93643,0.93629,0.93634,97.0,0,0.0
2025.06.27 01:20,0.93635,0.93647,0.93622,0.93643,124.0,0,0.0
2025.06.27 01:25,0.93643,0.93643,0.9363,0.93641,71.0,0,0.0
2025.06.27 01:30,0.93639,0.93651,0.93638,0.93639,177.0,0,0.0
2025.06.27 01:35,0.93642,0.9365,0.93642,0.93649,105.0,0,0.0
2025.06.27 01:40,0.93647,0.93647,0.93609,0.93631,105.0,0,0.0
2025.06.27 01:45,0.93634,0.93641,0.93627,0.93637,103.0,0,0.0
2025.06.27 01:50,0.93636,0.93639,0.93627,0.93635,212.0,0,0.0
2025.06.27 01:55,0.93636,0.93638,0.93624,0.93637,110.0,0,0.0
2025.06.27 02:00,0.93638,0.93656,0.93628,0.93652,132.0,0,0.0
2025.06.27 02:05,0.93655,0.93668,0.93652,0.93659,141.0,0,0.0
2025.06.27 02:10,0.93658,0.93662,0.93646,0.93647,122.0,0,0.0
2025.06.27 02:15,0.93648,0.93679,0.93646,0.93676,128.0,0,0.0
2025.06.27 02:20,0.93678,0.93686,0.93676,0.93678,107.0,0,0.0
2025.06.27 02:25,0.93679,0.93689,0.93675,0.93684,115.0,0,0.0
2025.06.27 02:30,0.93685,0.93691,0.93671,0.93683,129.0,0,0.0
2025.06.27 02:35,0.93682,0.9369,0.93678,0.9369,73.0,0,0.0
2025.06.27 02:40,0.93689,0.93692,0.93674,0.9368,98.0,0,0.0
2025.06.27 02:45,0.93678,0.93694,0.93678,0.93691,110.0,0,0.0
2025.06.27 02:50,0.9369,0.93692,0.93668,0.93668,181.0,0,0.0
2025.06.27 02:55,0.93676,0.93677,0.93665,0.93669,148.0,0,0.0
2025.06.27 03:00,0.93666,0.9367,0.93658,0.9366,165.0,0,0.0
2025.06.27 03:05,0.9366,0.93673,0.93652,0.93666,99.0,0,0.0
2025.06.27 03:10,0.93667,0.93677,0.93656,0.93656,113.0,0,0.0
2025.06.27 03:15,0.93658,0.93673,0.93656,0.9366,130.0,0,0.0
2025.06.27 03:20,0.93661,0.93665,0.9365,0.93652,94.0,0,0.0
2025.06.27 03:25,0.93653,0.93661,0.93649,0.9365,68.0,0,0.0
2025.06.27 03:30,0.93651,0.93651,0.93637,0.93648,100.0,0,0.0
2025.06.27 03:35,0.93649,0.93669,0.93646,0.93659,130.0,0,0.0
2025.06.27 03:40,0.93659,0.93663,0.93657,0.93661,168.0,0,0.0
2025.06.27 03:45,0.93662,0.93666,0.93653,0.93658,158.0,0,0.0
2025.06.27 03:50,0.93659,0.93678,0.93651,0.93677,207.0,0,0.0
2025.06.27 03:55,0.93678,0.93682,0.93667,0.93674,129.0,0,0.0
2025.06.27 04:00,0.93673,0.93683,0.93672,0.93676,157.0,0,0.0
2025.06.27 04:05,0.93677,0.93679,0.93664,0.93678,136.0,0,0.0
2025.06.27 04:10,0.9368,0.9368,0.93658,0.93677,131.0,0,0.0
2025.06.27 04:15,0.93676,0.93681,0.93671,0.93671,103.0,0,0.0
2025.06.27 04:20,0.93672,0.93673,0.93662,0.93666,107.0,0,0.0
2025.06.27 04:25,0.93667,0.93668,0.93664,0.93665,84.0,0,0.0
2025.06.27 04:30,0.93664,0.93666,0.93654,0.93655,79.0,0,0.0
2025.06.27 04:35,0.93654,0.93654,0.93619,0.93625,100.0,0,0.0
2025.06.27 04:40,0.93624,0.93635,0.93592,0.93633,182.0,0,0.0
2025.06.27 04:45,0.93632,0.93651,0.93632,0.9365,89.0,0,0.0
2025.06.27 04:50,0.93649,0.9367,0.93649,0.93668,75.0,0,0.0
2025.06.27 04:55,0.93667,0.93679,0.93657,0.93678,114.0,0,0.0
2025.06.27 05:00,0.93679,0.93685,0.93675,0.93682,148.0,0,0.0
2025.06.27 05:05,0.93683,0.93689,0.93674,0.93689,140.0,0,0.0
2025.06.27 05:10,0.93688,0.93694,0.93684,0.93689,87.0,0,0.0
2025.06.27 05:15,0.93688,0.93695,0.93688,0.93693,73.0,0,0.0
2025.06.27 05:20,0.93694,0.93695,0.93676,0.9368,82.0,0,0.0
2025.06.27 05:25,0.93681,0.93681,0.93664,0.93677,144.0,0,0.0
2025.06.27 05:30,0.93676,0.93685,0.93672,0.93673,187.0,0,0.0
2025.06.27 05:35,0.93674,0.93683,0.93674,0.93681,107.0,0,0.0
2025.06.27 05:40,0.93681,0.93686,0.93677,0.93684,86.0,0,0.0
2025.06.27 05:45,0.93684,0.93685,0.93672,0.93673,91.0,0,0.0
2025.06.27 05:50,0.93676,0.93676,0.93653,0.9366,200.0,0,0.0
2025.06.27 05:55,0.93659,0.93661,0.93644,0.93647,154.0,0,0.0
2025.06.27 06:00,0.93646,0.93655,0.93636,0.93651,108.0,0,0.0
2025.06.27 06:05,0.93652,0.93661,0.93649,0.93657,91.0,0,0.0
2025.06.27 06:10,0.93656,0.93661,0.93649,0.93655,93.0,0,0.0
2025.06.27 06:15,0.93656,0.93656,0.93648,0.9365,80.0,0,0.0
2025.06.27 06:20,0.93649,0.93655,0.93647,0.93652,113.0,0,0.0
2025.06.27 06:25,0.93653,0.93664,0.93646,0.93659,86.0,0,0.0
2025.06.27 06:30,0.93657,0.93663,0.93655,0.93662,91.0,0,0.0
2025.06.27 06:35,0.93661,0.93663,0.93654,0.9366,79.0,0,0.0
2025.06.27 06:40,0.93661,0.93661,0.93654,0.93655,56.0,0,0.0
2025.06.27 06:45,0.93654,0.93665,0.93651,0.93659,103.0,0,0.0
2025.06.27 06:50,0.93658,0.93661,0.93648,0.9365,114.0,0,0.0
2025.06.27 06:55,0.93649,0.9365,0.93635,0.93635,104.0,0,0.0
2025.06.27 07:00,0.93635,0.93645,0.93635,0.93641,71.0,0,0.0
2025.06.27 07:05,0.9364,0.93646,0.93632,0.93646,81.0,0,0.0
2025.06.27 07:10,0.93647,0.93647,0.9364,0.93643,114.0,0,0.0
2025.06.27 07:15,0.93642,0.9368,0.93642,0.93668,105.0,0,0.0
2025.06.27 07:20,0.93667,0.93668,0.93649,0.93661,96.0,0,0.0
2025.06.27 07:25,0.93662,0.93675,0.9366,0.93665,125.0,0,0.0
2025.06.27 07:30,0.93666,0.93685,0.93665,0.93681,117.0,0,0.0
2025.06.27 07:35,0.93685,0.93696,0.93679,0.9368,121.0,0,0.0
2025.06.27 07:40,0.93681,0.93688,0.93678,0.93686,85.0,0,0.0
2025.06.27 07:45,0.93687,0.93689,0.93681,0.93685,97.0,0,0.0
2025.06.27 07:50,0.93686,0.93691,0.93653,0.93655,100.0,0,0.0
2025.06.27 07:55,0.93654,0.93655,0.93624,0.93628,149.0,0,0.0
2025.06.27 08:00,0.93625,0.9366,0.93621,0.93655,161.0,0,0.0
2025.06.27 08:05,0.93655,0.93688,0.93654,0.9368,171.0,0,0.0
2025.06.27 08:10,0.93676,0.93685,0.93654,0.93661,185.0,0,0.0
2025.06.27 08:15,0.93662,0.93681,0.93645,0.93652,222.0,0,0.0
2025.06.27 08:20,0.93653,0.93665,0.93646,0.93664,217.0,0,0.0
2025.06.27 08:25,0.93663,0.93664,0.93648,0.93652,154.0,0,0.0
2025.06.27 08:30,0.93652,0.93657,0.93624,0.93638,152.0,0,0.0
2025.06.27 08:35,0.93638,0.93686,0.9363,0.93674,174.0,0,0.0
2025.06.27 08:40,0.93675,0.9368,0.93662,0.93664,168.0,0,0.0
2025.06.27 08:45,0.93664,0.93704,0.93664,0.93696,224.0,0,0.0
2025.06.27 08:50,0.93696,0.93697,0.93676,0.93677,279.0,0,0.0
2025.06.27 08:55,0.93676,0.93709,0.93673,0.93708,225.0,0,0.0
2025.06.27 09:00,0.93699,0.93707,0.93675,0.93685,261.0,0,0.0
2025.06.27 09:05,0.93686,0.93703,0.93679,0.93698,204.0,0,0.0
2025.06.27 09:10,0.93696,0.93719,0.93683,0.93719,170.0,0,0.0
2025.06.27 09:15,0.93722,0.9376,0.93722,0.93743,148.0,0,0.0
2025.06.27 09:20,0.93745,0.93754,0.9373,0.93745,178.0,0,0.0
2025.06.27 09:25,0.93743,0.93743,0.93709,0.93736,230.0,0,0.0
2025.06.27 09:30,0.93737,0.93758,0.93737,0.9374,189.0,0,0.0
2025.06.27 09:35,0.9374,0.9374,0.93688,0.93695,220.0,0,0.0
2025.06.27 09:40,0.93695,0.93714,0.93689,0.93708,198.0,0,0.0
2025.06.27 09:45,0.93709,0.93713,0.93679,0.93681,124.0,0,0.0
2025.06.27 09:50,0.93682,0.937,0.93679,0.93691,155.0,0,0.0
2025.06.27 09:55,0.93693,0.93693,0.93641,0.93644,185.0,0,0.0
2025.06.27 10:00,0.93645,0.93658,0.93627,0.93629,155.0,0,0.0
2025.06.27 10:05,0.93629,0.93659,0.93618,0.93654,148.0,0,0.0
2025.06.27 10:10,0.93655,0.93686,0.93651,0.93653,141.0,0,0.0
2025.06.27 10:15,0.93659,0.93663,0.93624,0.93645,157.0,0,0.0
2025.06.27 10:20,0.93646,0.93656,0.93595,0.93596,164.0,0,0.0
2025.06.27 10:25,0.93595,0.93611,0.93573,0.93575,181.0,0,0.0
2025.06.27 10:30,0.93575,0.93593,0.93543,0.93548,176.0,0,0.0
2025.06.27 10:35,0.93549,0.93549,0.93519,0.93534,203.0,0,0.0
2025.06.27 10:40,0.93534,0.93538,0.93495,0.93495,184.0,0,0.0
2025.06.27 10:45,0.93495,0.93504,0.93483,0.93497,154.0,0,0.0
2025.06.27 10:50,0.93496,0.93509,0.93483,0.9349,170.0,0,0.0
2025.06.27 10:55,0.93489,0.93503,0.93484,0.93486,171.0,0,0.0
2025.06.27 11:00,0.93487,0.93488,0.93446,0.93463,252.0,0,0.0
2025.06.27 11:05,0.93464,0.93485,0.93462,0.93468,132.0,0,0.0
2025.06.27 11:10,0.93467,0.93468,0.93438,0.93438,166.0,0,0.0
2025.06.27 11:15,0.9344,0.93442,0.93414,0.93427,183.0,0,0.0
2025.06.27 11:20,0.93431,0.9346,0.93429,0.93457,155.0,0,0.0
2025.06.27 11:25,0.93459,0.93462,0.93421,0.93434,174.0,0,0.0
2025.06.27 11:30,0.93435,0.93436,0.93412,0.93414,180.0,0,0.0
2025.06.27 11:35,0.93413,0.93431,0.9341,0.9343,120.0,0,0.0
2025.06.27 11:40,0.93427,0.93458,0.93426,0.93456,129.0,0,0.0
2025.06.27 11:45,0.93456,0.93466,0.93449,0.93466,134.0,0,0.0
2025.06.27 11:50,0.93466,0.93474,0.93446,0.9345,151.0,0,0.0
2025.06.27 11:55,0.93451,0.93473,0.93446,0.93468,213.0,0,0.0
2025.06.27 12:00,0.93467,0.9348,0.93452,0.93477,228.0,0,0.0
2025.06.27 12:05,0.93476,0.93484,0.9345,0.93456,182.0,0,0.0
2025.06.27 12:10,0.93456,0.93468,0.93449,0.93461,143.0,0,0.0
2025.06.27 12:15,0.93461,0.9347,0.93443,0.93445,173.0,0,0.0
2025.06.27 12:20,0.93444,0.93452,0.93437,0.93446,127.0,0,0.0
2025.06.27 12:25,0.93447,0.93453,0.93434,0.93436,175.0,0,0.0
2025.06.27 12:30,0.93437,0.93451,0.93434,0.93435,164.0,0,0.0
2025.06.27 12:35,0.93436,0.93458,0.93434,0.93437,179.0,0,0.0
2025.06.27 12:40,0.93436,0.93461,0.93417,0.93459,127.0,0,0.0
2025.06.27 12:45,0.93458,0.9348,0.93457,0.93474,157.0,0,0.0
2025.06.27 12:50,0.93475,0.935,0.93463,0.935,123.0,0,0.0
2025.06.27 12:55,0.935,0.93521,0.935,0.9352,213.0,0,0.0
2025.06.27 13:00,0.93521,0.93535,0.93505,0.93532,141.0,0,0.0
2025.06.27 13:05,0.93537,0.93541,0.93524,0.93529,171.0,0,0.0
2025.06.27 13:10,0.9353,0.93542,0.93525,0.93537,109.0,0,0.0
2025.06.27 13:15,0.93535,0.93544,0.93512,0.93521,136.0,0,0.0
2025.06.27 13:20,0.93522,0.93522,0.93492,0.93509,240.0,0,0.0
2025.06.27 13:25,0.93508,0.93574,0.93505,0.93556,217.0,0,0.0
2025.06.27 13:30,0.93554,0.93568,0.93546,0.93568,152.0,0,0.0
2025.06.27 13:35,0.93568,0.9357,0.93546,0.93553,190.0,0,0.0
2025.06.27 13:40,0.93553,0.93591,0.9355,0.9359,152.0,0,0.0
2025.06.27 13:45,0.9359,0.93612,0.93589,0.93598,139.0,0,0.0
2025.06.27 13:50,0.93597,0.93606,0.93573,0.9358,172.0,0,0.0
2025.06.27 13:55,0.93581,0.93585,0.93564,0.93568,226.0,0,0.0
2025.06.27 14:00,0.93564,0.93585,0.93554,0.93564,240.0,0,0.0
2025.06.27 14:05,0.93564,0.93577,0.93559,0.93577,189.0,0,0.0
2025.06.27 14:10,0.93577,0.93582,0.93549,0.93582,165.0,0,0.0
2025.06.27 14:15,0.93581,0.93615,0.93569,0.93597,178.0,0,0.0
2025.06.27 14:20,0.93595,0.93642,0.93585,0.93605,224.0,0,0.0
2025.06.27 14:25,0.93606,0.93622,0.93507,0.93522,202.0,0,0.0
2025.06.27 14:30,0.93515,0.93623,0.93488,0.93515,388.0,0,0.0
2025.06.27 14:35,0.93516,0.93568,0.93514,0.93518,296.0,0,0.0
2025.06.27 14:40,0.93517,0.93525,0.93499,0.93514,275.0,0,0.0
2025.06.27 14:45,0.93513,0.93542,0.93509,0.93527,246.0,0,0.0
2025.06.27 14:50,0.93527,0.93556,0.93524,0.93551,292.0,0,0.0
2025.06.27 14:55,0.93557,0.9358,0.93522,0.93543,337.0,0,0.0
2025.06.27 15:00,0.93542,0.93591,0.93517,0.93566,336.0,0,0.0
2025.06.27 15:05,0.93567,0.93575,0.93539,0.93553,231.0,0,0.0
2025.06.27 15:10,0.9355,0.93649,0.93547,0.93648,279.0,0,0.0
2025.06.27 15:15,0.93647,0.93671,0.93605,0.93614,310.0,0,0.0
2025.06.27 15:20,0.93617,0.93625,0.93583,0.93609,280.0,0,0.0
2025.06.27 15:25,0.93611,0.93627,0.93599,0.93616,261.0,0,0.0
2025.06.27 15:30,0.93616,0.93725,0.9359,0.93722,326.0,0,0.0
2025.06.27 15:35,0.93726,0.9377,0.93697,0.93753,339.0,0,0.0
2025.06.27 15:40,0.93756,0.93758,0.93687,0.93689,260.0,0,0.0
2025.06.27 15:45,0.93689,0.93714,0.93663,0.93705,276.0,0,0.0
2025.06.27 15:50,0.93706,0.93715,0.93674,0.93684,246.0,0,0.0
2025.06.27 15:55,0.93685,0.937,0.93666,0.93666,225.0,0,0.0
2025.06.27 16:00,0.93675,0.93731,0.93675,0.93713,243.0,0,0.0
2025.06.27 16:05,0.93714,0.93725,0.93701,0.93704,216.0,0,0.0
2025.06.27 16:10,0.93705,0.93715,0.93697,0.93707,243.0,0,0.0
2025.06.27 16:15,0.93709,0.9371,0.93674,0.93682,223.0,0,0.0
2025.06.27 16:20,0.9368,0.93727,0.93668,0.93716,254.0,0,0.0
2025.06.27 16:25,0.93717,0.93792,0.93716,0.9379,310.0,0,0.0
2025.06.27 16:30,0.93789,0.93802,0.93764,0.93783,264.0,0,0.0
2025.06.27 16:35,0.93783,0.9379,0.93747,0.93757,288.0,0,0.0
2025.06.27 16:40,0.93756,0.93782,0.93745,0.93756,285.0,0,0.0
2025.06.27 16:45,0.93756,0.93761,0.93724,0.93743,285.0,0,0.0
2025.06.27 16:50,0.93741,0.93745,0.93686,0.93699,298.0,0,0.0
2025.06.27 16:55,0.93698,0.93706,0.93672,0.9369,337.0,0,0.0
2025.06.27 17:00,0.9369,0.93695,0.93646,0.93648,329.0,0,0.0
2025.06.27 17:05,0.93647,0.93654,0.93633,0.93635,237.0,0,0.0
2025.06.27 17:10,0.93635,0.93648,0.93627,0.93631,225.0,0,0.0
2025.06.27 17:15,0.93632,0.93633,0.93588,0.9359,244.0,0,0.0
2025.06.27 17:20,0.9359,0.93598,0.93576,0.9359,237.0,0,0.0
2025.06.27 17:25,0.93591,0.93602,0.9359,0.93591,178.0,0,0.0
2025.06.27 17:30,0.9359,0.93595,0.9358,0.93591,203.0,0,0.0
2025.06.27 17:35,0.93593,0.93626,0.93592,0.93624,196.0,0,0.0
2025.06.27 17:40,0.93625,0.93636,0.93616,0.93626,226.0,0,0.0
2025.06.27 17:45,0.93625,0.93638,0.93615,0.9362,206.0,0,0.0
2025.06.27 17:50,0.93621,0.93643,0.9361,0.93638,186.0,0,0.0
2025.06.27 17:55,0.93637,0.93658,0.93635,0.93658,216.0,0,0.0
2025.06.27 18:00,0.93662,0.93671,0.93633,0.93669,245.0,0,0.0
2025.06.27 18:05,0.9367,0.93679,0.93661,0.93676,224.0,0,0.0
2025.06.27 18:10,0.93675,0.93709,0.93656,0.93697,235.0,0,0.0
2025.06.27 18:15,0.93696,0.93696,0.93667,0.93674,213.0,0,0.0
2025.06.27 18:20,0.93675,0.93678,0.93648,0.93648,192.0,0,0.0
2025.06.27 18:25,0.9365,0.93669,0.93647,0.93659,209.0,0,0.0
2025.06.27 18:30,0.93655,0.93663,0.93637,0.93638,209.0,0,0.0
2025.06.27 18:35,0.93637,0.93642,0.93619,0.93622,185.0,0,0.0
2025.06.27 18:40,0.93623,0.93644,0.93621,0.93642,204.0,0,0.0
2025.06.27 18:45,0.93643,0.9365,0.9363,0.93638,169.0,0,0.0
2025.06.27 18:50,0.93639,0.93648,0.93637,0.93643,139.0,0,0.0
2025.06.27 18:55,0.93645,0.93684,0.93641,0.93683,214.0,0,0.0
2025.06.27 19:00,0.93686,0.93697,0.93668,0.93692,251.0,0,0.0
2025.06.27 19:05,0.9369,0.93719,0.9369,0.93719,180.0,0,0.0
2025.06.27 19:10,0.93718,0.93729,0.93715,0.93725,152.0,0,0.0
2025.06.27 19:15,0.93725,0.93738,0.93718,0.93727,202.0,0,0.0
2025.06.27 19:20,0.93728,0.93737,0.93702,0.93706,135.0,0,0.0
2025.06.27 19:25,0.93705,0.93714,0.93685,0.93688,187.0,0,0.0
2025.06.27 19:30,0.93687,0.93692,0.93676,0.93686,181.0,0,0.0
2025.06.27 19:35,0.93687,0.93688,0.93676,0.93679,147.0,0,0.0
2025.06.27 19:40,0.9368,0.93683,0.93646,0.9365,152.0,0,0.0
2025.06.27 19:45,0.93652,0.93654,0.93596,0.93623,310.0,0,0.0
2025.06.27 19:50,0.93624,0.93632,0.93609,0.93609,242.0,0,0.0
2025.06.27 19:55,0.9361,0.93627,0.93588,0.9362,223.0,0,0.0
2025.06.27 20:00,0.93619,0.93619,0.93594,0.93594,171.0,0,0.0
2025.06.27 20:05,0.93595,0.93596,0.93549,0.93552,194.0,0,0.0
2025.06.27 20:10,0.93554,0.93567,0.93532,0.93536,133.0,0,0.0
2025.06.27 20:15,0.93537,0.93545,0.9353,0.93531,120.0,0,0.0
2025.06.27 20:20,0.93527,0.93553,0.93527,0.93551,147.0,0,0.0
2025.06.27 20:25,0.93549,0.93557,0.93538,0.93557,119.0,0,0.0
2025.06.27 20:30,0.93555,0.93586,0.93552,0.93575,149.0,0,0.0
2025.06.27 20:35,0.93576,0.93591,0.93573,0.93583,140.0,0,0.0
2025.06.27 20:40,0.9358,0.93582,0.9356,0.93567,130.0,0,0.0
2025.06.27 20:45,0.93566,0.93568,0.93552,0.93552,119.0,0,0.0
2025.06.27 20:50,0.93553,0.93565,0.93549,0.93561,110.0,0,0.0
2025.06.27 20:55,0.9356,0.93573,0.93545,0.93563,123.0,0,0.0
2025.06.27 21:00,0.93562,0.93599,0.93558,0.93599,99.0,0,0.0
2025.06.27 21:05,0.93601,0.93607,0.93592,0.93592,120.0,0,0.0
2025.06.27 21:10,0.93589,0.93599,0.93589,0.93594,87.0,0,0.0
2025.06.27 21:15,0.93595,0.93606,0.9359,0.93595,71.0,0,0.0
2025.06.27 21:20,0.93596,0.93604,0.93595,0.93604,58.0,0,0.0
2025.06.27 21:25,0.93605,0.93605,0.93587,0.93588,76.0,0,0.0
2025.06.27 21:30,0.93589,0.93591,0.93578,0.93589,91.0,0,0.0
2025.06.27 21:35,0.93588,0.93605,0.93586,0.93605,78.0,0,0.0
2025.06.27 21:40,0.93604,0.93617,0.93604,0.93616,83.0,0,0.0
2025.06.27 21:45,0.93615,0.93627,0.93605,0.93605,94.0,0,0.0
2025.06.27 21:50,0.93604,0.93617,0.93604,0.93612,83.0,0,0.0
2025.06.27 21:55,0.93611,0.93621,0.93595,0.93621,129.0,0,0.0
